week_of,keyword,device,group,planned_page,ranking_page,position_latest,median_7d,median_prior_7d,gsc_impressions_28d,ai_overview_result_appears,testing_com_in_ai_overview,signals
2026-10-05,10 panel drug screen,phone,next-in-line,/tests/10-panel-drug-testing/,/tests/10-panel-drug-testing/,1,1,,1692,yes,yes,
2026-10-05,10 panel drug screen,desktop,next-in-line,/tests/10-panel-drug-testing/,/tests/10-panel-drug-testing/,1,,,1692,yes,yes,
2026-10-05,10 panel drug test,phone,next-in-line,/tests/10-panel-drug-testing/,/tests/10-panel-drug-testing/,1,1,,8766,yes,yes,buy button
2026-10-05,10 panel drug test,desktop,next-in-line,/tests/10-panel-drug-testing/,/tests/10-panel-drug-testing/,1,,,8766,yes,yes,
2026-10-05,13 panel std test,phone,std-pages,/std-testing/full-std-panel/,/std-testing/full-std-panel/,1,3,,168,yes,not checked,
2026-10-05,13 panel std test,desktop,std-pages,/std-testing/full-std-panel/,/std-testing/full-std-panel/,1,,,168,yes,not checked,
2026-10-05,15/3,phone,next-in-line,/tests/ca-15-3/,,,7,,8726,no,not checked,
2026-10-05,15/3,desktop,next-in-line,/tests/ca-15-3/,/tests/ca-15-3/,26,,,8726,no,not checked,
2026-10-05,17 hydroxyprogesterone,phone,next-in-line,/tests/17-hydroxyprogesterone/,/tests/17-hydroxyprogesterone/,12,12,,411,no,no,
2026-10-05,17 hydroxyprogesterone,desktop,next-in-line,/tests/17-hydroxyprogesterone/,/tests/17-hydroxyprogesterone/,12,,,411,no,no,
2026-10-05,a1ac blood test,phone,selling-test-page,/tests/hemoglobin-a1c/,/tests/hemoglobin-a1c/,51,48,,534,no,not checked,
2026-10-05,a1ac blood test,desktop,selling-test-page,/tests/hemoglobin-a1c/,/tests/hemoglobin-a1c/,23,,,534,no,not checked,
2026-10-05,a1c testing,phone,selling-test-page,/tests/hemoglobin-a1c/,/tests/hemoglobin-a1c/,19,18,,130,no,not checked,
2026-10-05,a1c testing,desktop,selling-test-page,/tests/hemoglobin-a1c/,/tests/hemoglobin-a1c/,62,,,130,no,not checked,
2026-10-05,abo rh test,phone,selling-test-page,/tests/blood-typing/,/tests/blood-typing/,1,1,,1599,yes,not checked,
2026-10-05,abo rh test,desktop,selling-test-page,/tests/blood-typing/,/tests/blood-typing/,1,,,1599,yes,yes,
2026-10-05,acetaminophen blood test,phone,next-in-line,/tests/acetaminophen/,/tests/acetaminophen/,1,1,,126,yes,yes,
2026-10-05,acetaminophen blood test,desktop,next-in-line,/tests/acetaminophen/,/tests/acetaminophen/,1,,,126,yes,yes,
2026-10-05,acetaminophen test,phone,next-in-line,/tests/acetaminophen/,/tests/acetaminophen/,9,1,,15,no,yes,
2026-10-05,acetaminophen test,desktop,next-in-line,/tests/acetaminophen/,/tests/acetaminophen/,9,,,15,no,yes,
2026-10-05,acetylcholine receptor antibody,phone,next-in-line,/tests/acetylcholine-receptor-achr-antibody/,/tests/acetylcholine-receptor-achr-antibody/,1,1,,572,yes,yes,
2026-10-05,acetylcholine receptor antibody,desktop,next-in-line,/tests/acetylcholine-receptor-achr-antibody/,/tests/acetylcholine-receptor-achr-antibody/,1,,,572,yes,yes,
2026-10-05,acetylcholine receptor antibody test,phone,kept,/tests/acetylcholine-receptor-achr-antibody/,/tests/acetylcholine-receptor-achr-antibody/,1,1,,130,yes,yes,
2026-10-05,acetylcholine receptor antibody test,desktop,kept,/tests/acetylcholine-receptor-achr-antibody/,/tests/acetylcholine-receptor-achr-antibody/,1,,,130,yes,yes,
2026-10-05,acetylcholine receptor binding antibody,phone,next-in-line,/tests/acetylcholine-receptor-achr-antibody/,/tests/acetylcholine-receptor-achr-antibody/,1,1,,431,yes,yes,
2026-10-05,acetylcholine receptor binding antibody,desktop,next-in-line,/tests/acetylcholine-receptor-achr-antibody/,/tests/acetylcholine-receptor-achr-antibody/,1,,,431,yes,yes,
2026-10-05,achr antibody test,phone,kept,/tests/acetylcholine-receptor-achr-antibody/,/tests/acetylcholine-receptor-achr-antibody/,1,1,,158,yes,yes,
2026-10-05,achr antibody test,desktop,kept,/tests/acetylcholine-receptor-achr-antibody/,/tests/acetylcholine-receptor-achr-antibody/,1,,,158,yes,yes,
2026-10-05,acid fast bacilli,phone,next-in-line,/tests/acid-fast-bacillus-afb-testing/,/tests/acid-fast-bacillus-afb-testing/,1,1,,2012,yes,yes,buy button
2026-10-05,acid fast bacilli,desktop,next-in-line,/tests/acid-fast-bacillus-afb-testing/,/tests/acid-fast-bacillus-afb-testing/,1,,,2012,yes,yes,
2026-10-05,act blood test,phone,next-in-line,/tests/activated-clotting-time-act/,/tests/activated-clotting-time-act/,1,1,,543,yes,yes,
2026-10-05,act blood test,desktop,next-in-line,/tests/activated-clotting-time-act/,/tests/activated-clotting-time-act/,1,,,543,yes,yes,
2026-10-05,acth,phone,next-in-line,/tests/adrenocorticotropic-hormone-acth/,/tests/adrenocorticotropic-hormone-acth/,1,1,,22767,yes,yes,buy button
2026-10-05,acth,desktop,next-in-line,/tests/adrenocorticotropic-hormone-acth/,/tests/adrenocorticotropic-hormone-acth/,1,,,22767,yes,yes,
2026-10-05,acth hormone,phone,next-in-line,/tests/adrenocorticotropic-hormone-acth/,/tests/adrenocorticotropic-hormone-acth/,1,1,,6975,yes,yes,buy button
2026-10-05,acth hormone,desktop,next-in-line,/tests/adrenocorticotropic-hormone-acth/,/tests/adrenocorticotropic-hormone-acth/,1,,,6975,yes,yes,
2026-10-05,acth stim test,phone,selling-test-page,/tests/acth-stimulation-test/,/tests/acth-stimulation-test/,35,32,,123,no,no,
2026-10-05,acth stim test,desktop,selling-test-page,/tests/acth-stimulation-test/,,,,,123,no,no,
2026-10-05,acth stimulation test,phone,selling-test-page,/tests/acth-stimulation-test/,/tests/acth-stimulation-test/,13,13,,1207,no,yes,refresh
2026-10-05,acth stimulation test,desktop,selling-test-page,/tests/acth-stimulation-test/,/tests/acth-stimulation-test/,35,,,1207,no,yes,
2026-10-05,activated clotting time,phone,next-in-line,/tests/activated-clotting-time-act/,/tests/activated-clotting-time-act/,1,1,,602,yes,yes,
2026-10-05,activated clotting time,desktop,next-in-line,/tests/activated-clotting-time-act/,/tests/activated-clotting-time-act/,1,,,602,yes,yes,
2026-10-05,acute hepatitis panel,phone,selling-test-page,/tests/acute-viral-hepatitis-panel/,/tests/acute-viral-hepatitis-panel/,1,1,,1017,yes,yes,
2026-10-05,acute hepatitis panel,desktop,selling-test-page,/tests/acute-viral-hepatitis-panel/,/tests/acute-viral-hepatitis-panel/,1,,,1017,yes,yes,
2026-10-05,acute viral hepatitis panel,phone,kept,/tests/acute-viral-hepatitis-panel/,/tests/acute-viral-hepatitis-panel/,1,1,,82,yes,yes,
2026-10-05,acute viral hepatitis panel,desktop,kept,/tests/acute-viral-hepatitis-panel/,/tests/acute-viral-hepatitis-panel/,1,,,82,yes,yes,
2026-10-05,adh,phone,next-in-line,/tests/antidiuretic-hormone-adh/,/tests/antidiuretic-hormone-adh/,1,1,,13517,yes,not checked,buy button
2026-10-05,adh,desktop,next-in-line,/tests/antidiuretic-hormone-adh/,/tests/antidiuretic-hormone-adh/,1,,,13517,yes,not checked,
2026-10-05,adh hormone,phone,next-in-line,/tests/antidiuretic-hormone-adh/,/tests/antidiuretic-hormone-adh/,10,1,,841,no,not checked,
2026-10-05,adh hormone,desktop,next-in-line,/tests/antidiuretic-hormone-adh/,/tests/antidiuretic-hormone-adh/,1,,,841,yes,not checked,
2026-10-05,adrenal gland test,phone,selling-test-page,/tests/acth-stimulation-test/,/tests/cortisol-am-and-pm-test/,27,22,,153,no,not checked,other page ranks
2026-10-05,adrenal gland test,desktop,selling-test-page,/tests/acth-stimulation-test/,/tests/cortisol/,18,,,153,no,not checked,
2026-10-05,afb culture,phone,next-in-line,/tests/acid-fast-bacillus-afb-testing/,/tests/acid-fast-bacillus-afb-testing/,1,1,,2306,yes,yes,buy button
2026-10-05,afb culture,desktop,next-in-line,/tests/acid-fast-bacillus-afb-testing/,/tests/acid-fast-bacillus-afb-testing/,1,,,2306,yes,yes,
2026-10-05,afp test,phone,kept,/tests/alpha-fetoprotein-afp-tumor-marker/,/tests/alpha-fetoprotein-afp-tumor-marker/,9,9,,3158,no,not checked,refresh
2026-10-05,afp test,desktop,kept,/tests/alpha-fetoprotein-afp-tumor-marker/,/tests/alpha-fetoprotein-afp-tumor-marker/,6,,,3158,no,not checked,
2026-10-05,afp tumor marker,phone,next-in-line,/tests/alpha-fetoprotein-afp-tumor-marker/,/tests/alpha-fetoprotein-afp-tumor-marker/,1,1,,4859,yes,yes,buy button
2026-10-05,afp tumor marker,desktop,next-in-line,/tests/alpha-fetoprotein-afp-tumor-marker/,/tests/alpha-fetoprotein-afp-tumor-marker/,1,,,4859,yes,yes,
2026-10-05,alanine aminotransferase,phone,kept,/tests/alanine-aminotransferase-alt/,,,32,,179,no,not checked,
2026-10-05,alanine aminotransferase,desktop,kept,/tests/alanine-aminotransferase-alt/,/tests/alanine-aminotransferase-alt/,29,,,179,no,not checked,
2026-10-05,alanine aminotransferase high,phone,kept,/tests/alanine-aminotransferase-alt/,,,24,,3,no,not checked,
2026-10-05,alanine aminotransferase high,desktop,kept,/tests/alanine-aminotransferase-alt/,/tests/alanine-aminotransferase-alt/,38,,,3,no,not checked,
2026-10-05,albumin,phone,selling-test-page,/tests/albumin/,,,101,,69,no,not checked,
2026-10-05,albumin,desktop,selling-test-page,/tests/albumin/,,,,,69,no,not checked,
2026-10-05,albumin blood test,phone,selling-test-page,/tests/albumin/,/tests/albumin/,9,9,,712,no,not checked,
2026-10-05,albumin blood test,desktop,selling-test-page,/tests/albumin/,/tests/albumin/,10,,,712,no,not checked,
2026-10-05,albumin test,phone,selling-test-page,/tests/albumin/,/tests/albumin/,11,11,,49,no,not checked,
2026-10-05,albumin test,desktop,selling-test-page,/tests/albumin/,/tests/albumin/,11,,,49,no,not checked,
2026-10-05,aldolase,phone,next-in-line,/tests/aldolase/,/tests/aldolase/,1,1,,3340,yes,not checked,buy button
2026-10-05,aldolase,desktop,next-in-line,/tests/aldolase/,/tests/aldolase/,1,,,3340,yes,not checked,
2026-10-05,aldolase test,phone,next-in-line,/tests/aldolase/,/tests/aldolase/,7,1,,1955,no,yes,
2026-10-05,aldolase test,desktop,next-in-line,/tests/aldolase/,/tests/aldolase/,1,,,1955,yes,yes,
2026-10-05,aldosterone,phone,selling-test-page,/tests/aldosterone-and-renin/,/tests/aldosterone-and-renin/,37,22,,222,no,not checked,
2026-10-05,aldosterone,desktop,selling-test-page,/tests/aldosterone-and-renin/,/tests/aldosterone-and-renin/,39,,,222,no,not checked,
2026-10-05,aldosterone blood test,phone,selling-test-page,/tests/aldosterone-and-renin/,/tests/aldosterone-and-renin/,1,1,,532,yes,yes,
2026-10-05,aldosterone blood test,desktop,selling-test-page,/tests/aldosterone-and-renin/,/tests/aldosterone-and-renin/,4,,,532,no,yes,
2026-10-05,aldosterone test,phone,selling-test-page,/tests/aldosterone-and-renin/,/tests/aldosterone-and-renin/,1,1,,944,yes,yes,
2026-10-05,aldosterone test,desktop,selling-test-page,/tests/aldosterone-and-renin/,/tests/aldosterone-and-renin/,1,,,944,yes,yes,
2026-10-05,alkaline phosphatase,phone,next-in-line,/tests/alkaline-phosphatase-alp/,/tests/alkaline-phosphatase-alp/,7,6,,86860,no,not checked,
2026-10-05,alkaline phosphatase,desktop,next-in-line,/tests/alkaline-phosphatase-alp/,/tests/alkaline-phosphatase-alp/,6,,,86860,no,not checked,
2026-10-05,alkaline phosphatase blood test,phone,next-in-line,/tests/alkaline-phosphatase-alp/,,,1,,6914,no,not checked,
2026-10-05,alkaline phosphatase blood test,desktop,next-in-line,/tests/alkaline-phosphatase-alp/,/tests/alkaline-phosphatase-alp/,11,,,6914,no,not checked,
2026-10-05,allergen food test,phone,selling-test-page,/tests/food-allergy-testing/,/tests/food-sensitivity-testing/,1,1,,1270,yes,yes,other page ranks
2026-10-05,allergen food test,desktop,selling-test-page,/tests/food-allergy-testing/,/tests/at-home-food-allergy-test/,31,,,1270,no,yes,
2026-10-05,allergy diagnosis,phone,category,/allergy-testing/,/tests/allergy-blood-testing/,22,21,,67,no,not checked,other page ranks
2026-10-05,allergy diagnosis,desktop,category,/allergy-testing/,/tests/allergy-blood-testing/,25,,,67,no,not checked,
2026-10-05,allergy testing,phone,category,/allergy-testing/,,,101,,2621,no,not checked,
2026-10-05,allergy testing,desktop,category,/allergy-testing/,,,,,2621,no,not checked,
2026-10-05,almond allergy test,phone,not-ranking-yet,/tests/almond-allergy-test/,/tests/almond-allergy-test/,1,1,,17,yes,yes,
2026-10-05,almond allergy test,desktop,not-ranking-yet,/tests/almond-allergy-test/,/tests/almond-allergy-test/,1,,,17,yes,yes,
2026-10-05,almond allergy testing,phone,not-ranking-yet,/tests/almond-allergy-test/,/tests/almond-allergy-test/,1,1,,21,yes,yes,
2026-10-05,almond allergy testing,desktop,not-ranking-yet,/tests/almond-allergy-test/,/tests/almond-allergy-test/,1,,,21,yes,yes,
2026-10-05,alpha fetoprotein,phone,next-in-line,/tests/alpha-fetoprotein-afp-tumor-marker/,/tests/alpha-fetoprotein-afp-tumor-marker/,8,1,,5390,no,yes,buy button
2026-10-05,alpha fetoprotein,desktop,next-in-line,/tests/alpha-fetoprotein-afp-tumor-marker/,/tests/alpha-fetoprotein-afp-tumor-marker/,8,,,5390,no,yes,
2026-10-05,alpha fetoprotein tumor marker,phone,kept,/tests/alpha-fetoprotein-afp-tumor-marker/,/tests/alpha-fetoprotein-afp-tumor-marker/,1,1,,2090,yes,yes,buy button
2026-10-05,alpha fetoprotein tumor marker,desktop,kept,/tests/alpha-fetoprotein-afp-tumor-marker/,/tests/alpha-fetoprotein-afp-tumor-marker/,1,,,2090,yes,yes,
2026-10-05,alt,phone,selling-test-page,/tests/alanine-aminotransferase-alt/,/tests/alanine-aminotransferase-alt/,18,1,,49221,no,yes,
2026-10-05,alt,desktop,selling-test-page,/tests/alanine-aminotransferase-alt/,/tests/alanine-aminotransferase-alt/,21,,,49221,no,not checked,
2026-10-05,alt blood test,phone,selling-test-page,/tests/alanine-aminotransferase-alt/,/tests/alanine-aminotransferase-alt/,23,22,,146,no,not checked,
2026-10-05,alt blood test,desktop,selling-test-page,/tests/alanine-aminotransferase-alt/,/tests/alanine-aminotransferase-alt/,34,,,146,no,not checked,
2026-10-05,am cortisol test,desktop,leaving,/tests/cortisol-am-and-pm-test/,/tests/cortisol-am-and-pm-test/,1,,,288,yes,yes,
2026-10-05,amh blood test,phone,selling-test-page,/tests/anti-mullerian-hormone/,/tests/anti-mullerian-hormone/,1,1,,192,yes,no,
2026-10-05,amh blood test,desktop,selling-test-page,/tests/anti-mullerian-hormone/,/tests/anti-mullerian-hormone/,1,,,192,yes,no,
2026-10-05,amh test,phone,selling-test-page,/tests/anti-mullerian-hormone/,/tests/anti-mullerian-hormone/,1,1,,298,yes,not checked,
2026-10-05,amh test,desktop,selling-test-page,/tests/anti-mullerian-hormone/,/tests/anti-mullerian-hormone/,1,,,298,yes,not checked,
2026-10-05,ammonia blood test,phone,selling-test-page,/tests/ammonia/,/tests/ammonia/,1,1,,745,yes,yes,
2026-10-05,ammonia blood test,desktop,selling-test-page,/tests/ammonia/,/tests/ammonia/,1,,,745,yes,yes,
2026-10-05,ammonia in blood,phone,selling-test-page,/tests/ammonia/,/tests/ammonia/,26,25,,0,no,not checked,
2026-10-05,ammonia in blood,desktop,selling-test-page,/tests/ammonia/,/tests/ammonia/,22,,,0,no,not checked,
2026-10-05,ammonia levels,phone,kept,/tests/ammonia/,/tests/ammonia/,42,36,,23,no,not checked,
2026-10-05,ammonia levels,desktop,kept,/tests/ammonia/,/tests/ammonia/,28,,,23,no,not checked,
2026-10-05,ammonia test,phone,selling-test-page,/tests/ammonia/,/tests/ammonia/,9,1,,355,no,not checked,
2026-10-05,ammonia test,desktop,selling-test-page,/tests/ammonia/,/tests/ammonia/,21,,,355,no,not checked,
2026-10-05,amylase,phone,selling-test-page,/tests/amylase/,,,101,,236,no,not checked,
2026-10-05,amylase,desktop,selling-test-page,/tests/amylase/,/tests/amylase/,29,,,236,no,not checked,
2026-10-05,amylase blood test,phone,selling-test-page,/tests/amylase/,/tests/amylase/,1,1,,3415,yes,yes,
2026-10-05,amylase blood test,desktop,selling-test-page,/tests/amylase/,/tests/amylase/,1,,,3415,yes,yes,
2026-10-05,amylase test,phone,selling-test-page,/tests/amylase/,/tests/amylase/,1,1,,1108,yes,yes,
2026-10-05,amylase test,desktop,selling-test-page,/tests/amylase/,/tests/amylase/,1,,,1108,yes,yes,
2026-10-05,ana blood test,phone,kept,/tests/antinuclear-antibody-ana/,/tests/antinuclear-antibody-ana/,22,22,,326,no,not checked,
2026-10-05,ana blood test,desktop,kept,/tests/antinuclear-antibody-ana/,/tests/antinuclear-antibody-ana/,28,,,326,no,not checked,
2026-10-05,ana lab,phone,selling-test-page,/tests/antinuclear-antibody-ana/,,,29,,586,no,no,
2026-10-05,ana lab,desktop,selling-test-page,/tests/antinuclear-antibody-ana/,/tests/antinuclear-antibody-ana/,48,,,586,no,no,
2026-10-05,ana panel,phone,kept,/tests/antinuclear-antibody-ana/,/tests/extractable-nuclear-antigen-antibodies-ena-panel/,40,34,,18,no,not checked,other page ranks
2026-10-05,ana panel,desktop,kept,/tests/antinuclear-antibody-ana/,,,,,18,no,not checked,
2026-10-05,ana reflex,phone,selling-test-page,/tests/antinuclear-antibody-ana/,/tests/antinuclear-antibody-ana/,27,27,,781,no,not checked,
2026-10-05,ana reflex,desktop,selling-test-page,/tests/antinuclear-antibody-ana/,/tests/antinuclear-antibody-ana/,47,,,781,no,not checked,
2026-10-05,ana screen,phone,selling-test-page,/tests/antinuclear-antibody-ana/,/tests/antinuclear-antibody-ana/,32,32,,744,no,not checked,
2026-10-05,ana screen,desktop,selling-test-page,/tests/antinuclear-antibody-ana/,/tests/antinuclear-antibody-ana/,47,,,744,no,not checked,
2026-10-05,ana test,phone,kept,/tests/antinuclear-antibody-ana/,/tests/antinuclear-antibody-ana/,39,30,,148,no,not checked,
2026-10-05,ana test,desktop,kept,/tests/antinuclear-antibody-ana/,,,,,148,no,not checked,
2026-10-05,anemia blood panel,phone,not-ranking-yet,/tests/anemia-panel-basic-test/,/tests/anemia-panel-basic-test/,1,1,,37,yes,yes,
2026-10-05,anemia blood panel,desktop,not-ranking-yet,/tests/anemia-panel-basic-test/,/tests/anemia-panel-basic-test/,1,,,37,yes,yes,
2026-10-05,anemia blood test,desktop,leaving,/tests/anemia-testing/,/tests/anemia-testing-comprehensive/,1,,,1198,yes,yes,
2026-10-05,anemia panel,phone,selling-test-page,/tests/anemia-testing/,/tests/anemia-panel-basic-test/,1,1,,712,yes,yes,other page ranks
2026-10-05,anemia panel,desktop,selling-test-page,/tests/anemia-testing/,/tests/anemia-panel-basic-test/,1,,,712,yes,yes,
2026-10-05,anemia panel blood test,phone,kept,/tests/anemia-testing/,/tests/anemia-panel-basic-test/,1,1,,92,yes,yes,other page ranks
2026-10-05,anemia panel blood test,desktop,kept,/tests/anemia-testing/,/tests/anemia-panel-basic-test/,1,,,92,yes,yes,
2026-10-05,anemia panel labs,phone,not-ranking-yet,/tests/anemia-panel-basic-test/,/tests/anemia-testing-comprehensive/,1,1,,153,yes,not checked,other page ranks
2026-10-05,anemia panel labs,desktop,not-ranking-yet,/tests/anemia-panel-basic-test/,/tests/anemia-testing-comprehensive/,1,,,153,yes,yes,
2026-10-05,anemia panel test,phone,kept,/tests/anemia-testing/,/tests/anemia-panel-basic-test/,1,1,,85,yes,yes,other page ranks
2026-10-05,anemia panel test,desktop,kept,/tests/anemia-testing/,/tests/anemia-testing-comprehensive/,1,,,85,yes,yes,
2026-10-05,anemia test,phone,category,/anemia-testing/,/tests/anemia-testing-comprehensive/,1,19,,319,yes,yes,other page ranks
2026-10-05,anemia test,desktop,category,/anemia-testing/,/tests/anemia-testing-comprehensive/,1,,,319,yes,yes,
2026-10-05,anion gap blood test,phone,selling-test-page,/tests/electrolytes-and-anion-gap/,/tests/electrolytes-and-anion-gap/,25,37,,26,no,not checked,
2026-10-05,anion gap blood test,desktop,selling-test-page,/tests/electrolytes-and-anion-gap/,/tests/electrolytes-and-anion-gap/,29,,,26,no,not checked,
2026-10-05,ankylosing spondylitis diagnosis,phone,category,/ankylosing-spondylitis-testing/,/ankylosing-spondylitis-testing/,9,7,,1815,no,not checked,
2026-10-05,ankylosing spondylitis diagnosis,desktop,category,/ankylosing-spondylitis-testing/,/ankylosing-spondylitis-testing/,9,,,1815,no,not checked,
2026-10-05,ankylosing spondylitis physical exam,phone,category,/ankylosing-spondylitis-testing/,/ankylosing-spondylitis-testing/,5,5,,1836,no,not checked,
2026-10-05,ankylosing spondylitis physical exam,desktop,category,/ankylosing-spondylitis-testing/,/ankylosing-spondylitis-testing/,5,,,1836,no,not checked,
2026-10-05,anti centromere antibody,phone,next-in-line,/tests/anticentromere-antibody/,/tests/anticentromere-antibody/,1,1,,656,yes,yes,
2026-10-05,anti centromere antibody,desktop,next-in-line,/tests/anticentromere-antibody/,/tests/anticentromere-antibody/,1,,,656,yes,yes,
2026-10-05,anti hav,phone,selling-test-page,/tests/hepatitis-a-test/,/tests/hepatitis-a-test/,1,1,,113,yes,yes,
2026-10-05,anti hav,desktop,selling-test-page,/tests/hepatitis-a-test/,/tests/hepatitis-a-test/,1,,,113,yes,yes,
2026-10-05,anti mullerian hormone test,phone,selling-test-page,/tests/anti-mullerian-hormone/,/tests/anti-mullerian-hormone/,18,1,,174,no,not checked,
2026-10-05,anti mullerian hormone test,desktop,selling-test-page,/tests/anti-mullerian-hormone/,/tests/anti-mullerian-hormone/,1,,,174,yes,yes,
2026-10-05,anti musk antibody test,phone,next-in-line,/tests/anti-musk-muscle-specific-kinase-antibodies/,/tests/anti-musk-muscle-specific-kinase-antibodies/,1,1,,60,yes,yes,
2026-10-05,anti musk antibody test,desktop,next-in-line,/tests/anti-musk-muscle-specific-kinase-antibodies/,/tests/anti-musk-muscle-specific-kinase-antibodies/,1,,,60,yes,yes,
2026-10-05,antibiotics for bacterial vaginosis,phone,treatments,/treatments/bacterial-vaginosis/,,,24,,90,no,not checked,
2026-10-05,antibiotics for bacterial vaginosis,desktop,treatments,/treatments/bacterial-vaginosis/,/treatments/bacterial-vaginosis/,51,,,90,no,not checked,
2026-10-05,antibiotics for sti,phone,treatments,/treatments/std/,/treatments/std/,29,29,,23,no,not checked,
2026-10-05,antibiotics for sti,desktop,treatments,/treatments/std/,/treatments/std/,38,,,23,no,not checked,
2026-10-05,anticardiolipin antibody,phone,next-in-line,/tests/cardiolipin-antibodies/,/tests/cardiolipin-antibodies/,1,1,,1288,yes,yes,
2026-10-05,anticardiolipin antibody,desktop,next-in-line,/tests/cardiolipin-antibodies/,/tests/cardiolipin-antibodies/,1,,,1288,yes,yes,
2026-10-05,antimitochondrial antibody test,phone,next-in-line,/tests/antimitochondrial-antibody-and-ama-m2/,/tests/antimitochondrial-antibody-and-ama-m2/,1,1,,128,yes,yes,
2026-10-05,antimitochondrial antibody test,desktop,next-in-line,/tests/antimitochondrial-antibody-and-ama-m2/,/tests/antimitochondrial-antibody-and-ama-m2/,1,,,128,yes,yes,
2026-10-05,apo b test,phone,kept,/tests/apo-b/,/tests/apo-b/,1,1,,2956,yes,yes,
2026-10-05,apo b test,desktop,kept,/tests/apo-b/,/tests/apo-b/,1,,,2956,yes,yes,
2026-10-05,apob test,phone,selling-test-page,/tests/apo-b/,/tests/apo-b/,1,1,,3890,yes,yes,
2026-10-05,apob test,desktop,selling-test-page,/tests/apo-b/,/tests/apo-b/,1,,,3890,yes,yes,
2026-10-05,apoe genotype test,phone,kept,/tests/apoe-genotyping-cardiovascular-disease/,/tests/apoe-genotyping-alzheimer-disease/,1,1,,92,yes,yes,other page ranks
2026-10-05,apoe genotype test,desktop,kept,/tests/apoe-genotyping-cardiovascular-disease/,/tests/apoe-genotyping-alzheimer-disease/,1,,,92,yes,yes,
2026-10-05,apoe4 test,desktop,leaving,/tests/apoe-genotyping-alzheimer-disease/,/tests/apoe-genotyping-alzheimer-disease/,1,,,71,yes,yes,
2026-10-05,apolipoprotein,phone,selling-test-page,/tests/apo-b/,/tests/apo-b/,23,23,,0,no,not checked,
2026-10-05,apolipoprotein,desktop,selling-test-page,/tests/apo-b/,,,,,0,no,not checked,
2026-10-05,apolipoprotein a1,phone,next-in-line,/tests/apo-i/,/tests/apo-i/,1,11,,2409,yes,not checked,refresh
2026-10-05,apolipoprotein a1,desktop,next-in-line,/tests/apo-i/,/tests/apo-i/,1,,,2409,yes,not checked,
2026-10-05,apolipoprotein b,phone,selling-test-page,/tests/apo-b/,/tests/apo-b/,28,19,,152,no,not checked,
2026-10-05,apolipoprotein b,desktop,selling-test-page,/tests/apo-b/,/tests/apo-b/,23,,,152,no,not checked,
2026-10-05,apolipoprotein b100,phone,kept,/tests/apo-b/,/tests/apo-b/,1,1,,33,yes,not checked,
2026-10-05,apolipoprotein b100,desktop,kept,/tests/apo-b/,/tests/apo-b/,13,,,33,no,not checked,
2026-10-05,apolipoprotein test,phone,kept,/tests/apo-b/,/tests/apo-b/,13,14,,14,no,not checked,
2026-10-05,apolipoprotein test,desktop,kept,/tests/apo-b/,/tests/apo-b/,21,,,14,no,not checked,
2026-10-05,apple allergy test,phone,not-ranking-yet,/tests/apple-allergy-test/,/tests/apple-allergy-test/,1,6,,5,yes,not checked,
2026-10-05,apple allergy test,desktop,not-ranking-yet,/tests/apple-allergy-test/,/tests/apple-allergy-test/,1,,,5,yes,not checked,
2026-10-05,aptt,phone,kept,/tests/partial-thromboplastin-time-ptt-aptt/,/tests/partial-thromboplastin-time-ptt-aptt/,36,36,,48,no,not checked,
2026-10-05,aptt,desktop,kept,/tests/partial-thromboplastin-time-ptt-aptt/,,,,,48,no,not checked,
2026-10-05,arthritis test,phone,category,/arthritis-testing/,/tests/arthritis-testing/,19,17,,52,no,yes,other page ranks
2026-10-05,arthritis test,desktop,category,/arthritis-testing/,/tests/arthritis-testing/,18,,,52,no,yes,
2026-10-05,aspartate aminotransferase,phone,next-in-line,/tests/aspartate-aminotransferase-ast/,/tests/aspartate-aminotransferase-ast/,1,9,,12599,yes,not checked,refresh
2026-10-05,aspartate aminotransferase,desktop,next-in-line,/tests/aspartate-aminotransferase-ast/,,,,,12599,no,not checked,
2026-10-05,ast,phone,next-in-line,/tests/aspartate-aminotransferase-ast/,/tests/aspartate-aminotransferase-ast/,12,11,,42997,no,no,refresh
2026-10-05,ast,desktop,next-in-line,/tests/aspartate-aminotransferase-ast/,/tests/aspartate-aminotransferase-ast/,13,,,42997,no,yes,
2026-10-05,atorvastatin labs to monitor,phone,selling-test-page,/tests/statin-check-up-panel/,/tests/statin-check-up-panel/,7,7,,126,no,yes,
2026-10-05,atorvastatin labs to monitor,desktop,selling-test-page,/tests/statin-check-up-panel/,/tests/statin-check-up-panel/,7,,,126,no,yes,
2026-10-05,auto wbc,phone,next-in-line,/tests/white-blood-cell-wbc-differential/,/tests/white-blood-cell-wbc-differential/,24,23,,53,no,not checked,
2026-10-05,auto wbc,desktop,next-in-line,/tests/white-blood-cell-wbc-differential/,/tests/white-blood-cell-count-wbc/,19,,,53,no,not checked,
2026-10-05,auto wbc blood test,phone,next-in-line,/tests/white-blood-cell-count-wbc/,,,36,,56,no,not checked,
2026-10-05,auto wbc blood test,desktop,next-in-line,/tests/white-blood-cell-count-wbc/,/tests/white-blood-cell-wbc-differential/,54,,,56,no,not checked,
2026-10-05,autoimmune panel,phone,next-in-line,/tests/autoimmune-panel/,/tests/autoimmune-panel/,1,1,,644,yes,yes,
2026-10-05,autoimmune panel,desktop,next-in-line,/tests/autoimmune-panel/,/tests/autoimmune-panel/,1,,,644,yes,yes,
2026-10-05,avocado allergy test,phone,not-ranking-yet,/tests/avocado-allergy-test/,/tests/avocado-allergy-test/,34,27,,0,no,not checked,
2026-10-05,avocado allergy test,desktop,not-ranking-yet,/tests/avocado-allergy-test/,/tests/avocado-allergy-test/,15,,,0,no,not checked,
2026-10-05,b vitamins,phone,next-in-line,/tests/b-vitamins/,,,101,,233,no,not checked,
2026-10-05,b vitamins,desktop,next-in-line,/tests/b-vitamins/,,,,,233,no,not checked,
2026-10-05,b12 blood test,phone,selling-test-page,/tests/vitamin-b12/,/tests/vitamin-b12/,1,1,,1101,yes,yes,
2026-10-05,b12 blood test,desktop,selling-test-page,/tests/vitamin-b12/,/tests/vitamin-b12/,1,,,1101,yes,yes,
2026-10-05,banana allergy test,phone,not-ranking-yet,/tests/banana-allergy-test/,/tests/banana-allergy-test/,1,1,,0,yes,not checked,
2026-10-05,banana allergy test,desktop,not-ranking-yet,/tests/banana-allergy-test/,/tests/banana-allergy-test/,1,,,0,yes,not checked,
2026-10-05,barley allergy test,phone,not-ranking-yet,/tests/barley-allergy-test/,/tests/barley-allergy-test/,5,5,,13,no,not checked,
2026-10-05,barley allergy test,desktop,not-ranking-yet,/tests/barley-allergy-test/,/tests/barley-allergy-test/,5,,,13,no,not checked,
2026-10-05,basic health panel,phone,selling-test-page,/tests/basic-health-panel/,/tests/basic-metabolic-panel-bmp/,1,1,,122,yes,not checked,other page ranks
2026-10-05,basic health panel,desktop,selling-test-page,/tests/basic-health-panel/,/tests/basic-metabolic-panel-bmp/,1,,,122,yes,no,
2026-10-05,basic metabolic panel,phone,selling-test-page,/tests/basic-metabolic-panel-bmp/,/tests/basic-metabolic-panel-bmp/,28,19,,1565,no,not checked,
2026-10-05,basic metabolic panel,desktop,selling-test-page,/tests/basic-metabolic-panel-bmp/,/tests/basic-metabolic-panel-bmp/,33,,,1565,no,not checked,
2026-10-05,basic metabolic panel test,phone,kept,/tests/basic-metabolic-panel-bmp/,/tests/basic-metabolic-panel-bmp/,1,1,,427,yes,not checked,
2026-10-05,basic metabolic panel test,desktop,kept,/tests/basic-metabolic-panel-bmp/,/tests/basic-metabolic-panel-bmp/,1,,,427,yes,yes,
2026-10-05,beef allergy test,phone,not-ranking-yet,/tests/beef-allergy-test/,/tests/beef-allergy-test/,1,1,,0,yes,yes,
2026-10-05,beef allergy test,desktop,not-ranking-yet,/tests/beef-allergy-test/,/tests/beef-allergy-test/,1,,,0,yes,yes,
2026-10-05,beta 2 glycoprotein,phone,next-in-line,/tests/beta-2-glycoprotein-1-antibodies/,/tests/beta-2-glycoprotein-1-antibodies/,1,1,,993,yes,yes,
2026-10-05,beta 2 glycoprotein,desktop,next-in-line,/tests/beta-2-glycoprotein-1-antibodies/,/tests/beta-2-glycoprotein-1-antibodies/,1,,,993,yes,yes,
2026-10-05,beta 2 glycoprotein antibodies,phone,next-in-line,/tests/beta-2-glycoprotein-1-antibodies/,/tests/beta-2-glycoprotein-1-antibodies/,1,1,,298,yes,yes,
2026-10-05,beta 2 glycoprotein antibodies,desktop,next-in-line,/tests/beta-2-glycoprotein-1-antibodies/,/tests/beta-2-glycoprotein-1-antibodies/,1,,,298,yes,yes,
2026-10-05,beta hcg test,phone,selling-test-page,/tests/hcg-tumor-marker/,/tests/pregnancy-test-hcg/,1,1,,133,yes,no,other page ranks
2026-10-05,beta hcg test,desktop,selling-test-page,/tests/hcg-tumor-marker/,/tests/pregnancy-test-hcg/,1,,,133,yes,no,
2026-10-05,bicarbonate,phone,next-in-line,/tests/bicarbonate-total-co2/,/tests/bicarbonate-total-co2/,9,1,,14379,no,yes,buy button
2026-10-05,bicarbonate,desktop,next-in-line,/tests/bicarbonate-total-co2/,/tests/bicarbonate-total-co2/,9,,,14379,no,yes,
2026-10-05,bilirubin,phone,next-in-line,/tests/bilirubin/,/tests/bilirubin/,11,14,,501,no,not checked,
2026-10-05,bilirubin,desktop,next-in-line,/tests/bilirubin/,/tests/bilirubin/,12,,,501,no,not checked,
2026-10-05,bilirubin blood test,phone,next-in-line,/tests/bilirubin/,/tests/bilirubin/,22,13,,8719,no,not checked,refresh
2026-10-05,bilirubin blood test,desktop,next-in-line,/tests/bilirubin/,/tests/bilirubin/,13,,,8719,no,not checked,
2026-10-05,black mold exposure test,phone,next-in-line,/tests/black-mold-exposure-test/,/tests/black-mold-exposure-test/,1,1,,6440,yes,yes,buy button
2026-10-05,black mold exposure test,desktop,next-in-line,/tests/black-mold-exposure-test/,/tests/black-mold-exposure-test/,1,,,6440,yes,yes,
2026-10-05,black pepper allergy test,phone,not-ranking-yet,/tests/black-pepper-allergy-test/,/tests/black-pepper-allergy-test/,6,6,,16,no,not checked,
2026-10-05,black pepper allergy test,desktop,not-ranking-yet,/tests/black-pepper-allergy-test/,/tests/black-pepper-allergy-test/,1,,,16,yes,not checked,
2026-10-05,blood chemistry panel,phone,next-in-line,/tests/chemistry-panels/,/tests/chemistry-panels/,1,1,,300,yes,no,
2026-10-05,blood chemistry panel,desktop,next-in-line,/tests/chemistry-panels/,/tests/chemistry-panels/,1,,,300,yes,no,
2026-10-05,blood drug test,phone,category,/drug-testing/,/tests/urine-drug-test/,52,36,,392,no,not checked,other page ranks
2026-10-05,blood drug test,desktop,category,/drug-testing/,/tests/urine-drug-test/,56,,,392,no,not checked,
2026-10-05,blood gas test,phone,next-in-line,/tests/blood-gases/,/tests/blood-gases/,1,1,,1807,yes,no,
2026-10-05,blood gas test,desktop,next-in-line,/tests/blood-gases/,/tests/blood-gases/,1,,,1807,yes,no,
2026-10-05,blood gases,phone,next-in-line,/tests/blood-gases/,/tests/blood-gases/,1,1,,789,yes,not checked,
2026-10-05,blood gases,desktop,next-in-line,/tests/blood-gases/,/tests/blood-gases/,1,,,789,yes,not checked,
2026-10-05,blood lab tsh,phone,selling-test-page,/tests/thyroid-stimulating-hormone-tsh/,/tests/thyroid-stimulating-hormone-tsh/,1,1,,848,yes,yes,
2026-10-05,blood lab tsh,desktop,selling-test-page,/tests/thyroid-stimulating-hormone-tsh/,/tests/thyroid-stimulating-hormone-tsh/,1,,,848,yes,yes,
2026-10-05,blood test,phone,kept,/tests/10-essential-blood-tests-panel/,/,28,23,,11448,no,not checked,other page ranks
2026-10-05,blood test,desktop,kept,/tests/10-essential-blood-tests-panel/,/,11,,,11448,no,not checked,
2026-10-05,blood test for anemia,phone,selling-test-page,/tests/anemia-testing/,/tests/anemia-testing-comprehensive/,1,1,,3398,yes,yes,other page ranks
2026-10-05,blood test for anemia,desktop,selling-test-page,/tests/anemia-testing/,/tests/anemia-testing-comprehensive/,1,,,3398,yes,yes,
2026-10-05,blood test for arthritis,phone,category,/arthritis-testing/,/rheumatoid-arthritis-testing/,69,33,,36,no,not checked,other page ranks
2026-10-05,blood test for arthritis,desktop,category,/arthritis-testing/,/rheumatoid-arthritis-testing/,36,,,36,no,not checked,
2026-10-05,blood test for herpes,phone,std-pages,/std-testing/hsv-2-test/,/std-testing/herpes-1-2-test/,1,1,,3013,yes,yes,other page ranks
2026-10-05,blood test for herpes,desktop,std-pages,/std-testing/hsv-2-test/,/std-testing/herpes-1-2-test/,1,,,3013,yes,yes,
2026-10-05,blood test for shrimp allergy,phone,not-ranking-yet,/tests/shrimp-allergy-test/,/tests/shrimp-allergy-test/,1,1,,15,yes,yes,
2026-10-05,blood test for shrimp allergy,desktop,not-ranking-yet,/tests/shrimp-allergy-test/,/tests/shrimp-allergy-test/,1,,,15,yes,yes,
2026-10-05,blood test for vitamins and minerals deficiencies,phone,next-in-line,/tests/comprehensive-vitamin-panel/,/can-blood-test-detect-vitamin-deficiency/,1,9,,399,yes,not checked,other page ranks
2026-10-05,blood test for vitamins and minerals deficiencies,desktop,next-in-line,/tests/comprehensive-vitamin-panel/,/can-blood-test-detect-vitamin-deficiency/,1,,,399,yes,not checked,
2026-10-05,blood tests for inflammation,phone,category,/inflammation-and-autoimmune-testing/,/tests/inflammation-and-autoimmune-testing/,9,8,,278,no,not checked,other page ranks
2026-10-05,blood tests for inflammation,desktop,category,/inflammation-and-autoimmune-testing/,/tests/inflammation-and-autoimmune-testing/,9,,,278,no,not checked,
2026-10-05,blood type test,phone,selling-test-page,/tests/blood-typing/,/tests/blood-typing/,1,1,,1148,yes,no,
2026-10-05,blood type test,desktop,selling-test-page,/tests/blood-typing/,/tests/blood-typing/,1,,,1148,yes,yes,
2026-10-05,blood typing test,phone,kept,/tests/blood-typing/,/tests/blood-typing/,1,1,,81,yes,yes,
2026-10-05,blood typing test,desktop,kept,/tests/blood-typing/,/tests/blood-typing/,1,,,81,yes,yes,
2026-10-05,blood urea nitrogen,phone,selling-test-page,/tests/blood-urea-nitrogen-bun/,,,35,,70,no,not checked,
2026-10-05,blood urea nitrogen,desktop,selling-test-page,/tests/blood-urea-nitrogen-bun/,/tests/blood-urea-nitrogen-bun/,46,,,70,no,not checked,
2026-10-05,blueberry allergy test,phone,not-ranking-yet,/tests/blueberry-allergy-test/,/tests/blueberry-allergy-test/,9,10,,25,no,not checked,
2026-10-05,blueberry allergy test,desktop,not-ranking-yet,/tests/blueberry-allergy-test/,/tests/blueberry-allergy-test/,8,,,25,no,not checked,
2026-10-05,bmp,phone,selling-test-page,/tests/basic-metabolic-panel-bmp/,/tests/basic-metabolic-panel-bmp/,1,14,,4405,yes,not checked,refresh
2026-10-05,bmp,desktop,selling-test-page,/tests/basic-metabolic-panel-bmp/,/tests/basic-metabolic-panel-bmp/,1,,,4405,yes,yes,
2026-10-05,bmp blood test,phone,selling-test-page,/tests/basic-metabolic-panel-bmp/,/tests/basic-metabolic-panel-bmp/,1,1,,3494,yes,not checked,
2026-10-05,bmp blood test,desktop,selling-test-page,/tests/basic-metabolic-panel-bmp/,/tests/basic-metabolic-panel-bmp/,22,,,3494,no,yes,
2026-10-05,bmp test,phone,kept,/tests/basic-metabolic-panel-bmp/,/tests/basic-metabolic-panel-bmp/,1,1,,808,yes,not checked,
2026-10-05,bmp test,desktop,kept,/tests/basic-metabolic-panel-bmp/,/tests/basic-metabolic-panel-bmp/,1,,,808,yes,not checked,
2026-10-05,bnp test,phone,selling-test-page,/tests/bnp-and-nt-probnp/,,,19,,660,no,not checked,
2026-10-05,bnp test,desktop,selling-test-page,/tests/bnp-and-nt-probnp/,/tests/bnp-and-nt-probnp/,1,,,660,yes,not checked,
2026-10-05,breathing test for copd,phone,category,/copd-testing/,/copd-testing/,1,1,,4227,yes,not checked,
2026-10-05,breathing test for copd,desktop,category,/copd-testing/,/copd-testing/,1,,,4227,yes,not checked,
2026-10-05,buckwheat allergy test,phone,not-ranking-yet,/tests/buckwheat-allergy-test/,/tests/buckwheat-allergy-test/,5,6,,11,no,not checked,
2026-10-05,buckwheat allergy test,desktop,not-ranking-yet,/tests/buckwheat-allergy-test/,/tests/buckwheat-allergy-test/,6,,,11,no,not checked,
2026-10-05,bun,phone,selling-test-page,/tests/blood-urea-nitrogen-bun/,/tests/blood-urea-nitrogen-bun/,34,25,,465,no,not checked,
2026-10-05,bun,desktop,selling-test-page,/tests/blood-urea-nitrogen-bun/,,,,,465,no,not checked,
2026-10-05,bun blood test,phone,selling-test-page,/tests/blood-urea-nitrogen-bun/,,,28,,23,no,not checked,
2026-10-05,bun blood test,desktop,selling-test-page,/tests/blood-urea-nitrogen-bun/,/tests/blood-urea-nitrogen-bun/,37,,,23,no,not checked,
2026-10-05,buy compounded tirzepatide,phone,treatments,/treatments/compounded-tirzepatide/,/treatments/compounded-tirzepatide/,6,101,,1531,no,not checked,
2026-10-05,buy compounded tirzepatide,desktop,treatments,/treatments/compounded-tirzepatide/,/treatments/compounded-tirzepatide/,6,,,1531,no,not checked,
2026-10-05,c difficile toxin gene naa,phone,next-in-line,/tests/clostridium-difficile-and-c-diff-toxin-test/,/tests/clostridium-difficile-and-c-diff-toxin-test/,1,1,,114,yes,yes,
2026-10-05,c difficile toxin gene naa,desktop,next-in-line,/tests/clostridium-difficile-and-c-diff-toxin-test/,/tests/clostridium-difficile-and-c-diff-toxin-test/,1,,,114,yes,yes,
2026-10-05,c peptide test,phone,selling-test-page,/tests/c-peptide/,/tests/c-peptide/,1,1,,1394,yes,yes,
2026-10-05,c peptide test,desktop,selling-test-page,/tests/c-peptide/,/tests/c-peptide/,1,,,1394,yes,yes,
2026-10-05,c reactive protein,phone,selling-test-page,/tests/c-reactive-protein-crp/,/tests/c-reactive-protein-crp/,25,101,,249,no,not checked,
2026-10-05,c reactive protein,desktop,selling-test-page,/tests/c-reactive-protein-crp/,/tests/c-reactive-protein-crp/,34,,,249,no,not checked,
2026-10-05,c reactive protein test,phone,kept,/tests/c-reactive-protein-crp/,/tests/high-sensitivity-c-reactive-protein-hs-crp/,28,26,,74,no,not checked,other page ranks
2026-10-05,c reactive protein test,desktop,kept,/tests/c-reactive-protein-crp/,/tests/high-sensitivity-c-reactive-protein-hs-crp/,32,,,74,no,not checked,
2026-10-05,c-peptide test,desktop,leaving,/tests/c-peptide/,/tests/c-peptide/,1,,,651,yes,yes,
2026-10-05,c3 complement blood test,phone,next-in-line,/tests/complement/,/tests/complement/,21,11,,103,no,not checked,
2026-10-05,c3 complement blood test,desktop,next-in-line,/tests/complement/,/tests/complement/,11,,,103,no,not checked,
2026-10-05,ca 125,phone,selling-test-page,/tests/ca-125/,/tests/ca-125/,33,35,,29,no,not checked,
2026-10-05,ca 125,desktop,selling-test-page,/tests/ca-125/,/tests/ca-125/,25,,,29,no,not checked,
2026-10-05,ca 125 blood test,phone,selling-test-page,/tests/ca-125/,/tests/ca-125/,16,16,,79,no,not checked,
2026-10-05,ca 125 blood test,desktop,selling-test-page,/tests/ca-125/,/tests/ca-125/,16,,,79,no,not checked,
2026-10-05,ca 15-3 breast cancer,phone,next-in-line,/tests/ca-15-3/,/tests/ca-15-3/,1,1,,5603,yes,yes,buy button
2026-10-05,ca 15-3 breast cancer,desktop,next-in-line,/tests/ca-15-3/,/tests/ca-15-3/,1,,,5603,yes,yes,
2026-10-05,ca125 blood test,phone,selling-test-page,/tests/ca-125/,/tests/ca-125/,26,24,,48,no,not checked,
2026-10-05,ca125 blood test,desktop,selling-test-page,/tests/ca-125/,/tests/ca-125/,37,,,48,no,not checked,
2026-10-05,calcitonin,phone,next-in-line,/tests/calcitonin/,/tests/calcitonin/,1,1,,9714,yes,no,buy button
2026-10-05,calcitonin,desktop,next-in-line,/tests/calcitonin/,/tests/calcitonin/,1,,,9714,yes,no,
2026-10-05,calcitonin blood test,phone,next-in-line,/tests/calcitonin/,/tests/calcitonin/,19,1,,144,no,no,
2026-10-05,calcitonin blood test,desktop,next-in-line,/tests/calcitonin/,/tests/calcitonin/,11,,,144,no,no,
2026-10-05,calcitriol blood test,phone,selling-test-page,/tests/vitamin-d-25-dihydroxy-calcitriol-test/,/tests/vitamin-d-25-dihydroxy-calcitriol-test/,1,1,,117,yes,yes,
2026-10-05,calcitriol blood test,desktop,selling-test-page,/tests/vitamin-d-25-dihydroxy-calcitriol-test/,/tests/vitamin-d-25-dihydroxy-calcitriol-test/,1,,,117,yes,yes,
2026-10-05,calcitriol test,phone,kept,/tests/vitamin-d-25-hydroxy-test/,/tests/vitamin-d-25-dihydroxy-calcitriol-test/,1,1,,108,yes,not checked,other page ranks
2026-10-05,calcitriol test,desktop,kept,/tests/vitamin-d-25-hydroxy-test/,/tests/vitamin-d-25-dihydroxy-calcitriol-test/,1,,,108,yes,yes,
2026-10-05,calcium blood test,phone,selling-test-page,/tests/calcium/,,,101,,819,no,no,
2026-10-05,calcium blood test,desktop,selling-test-page,/tests/calcium/,,,,,819,no,no,
2026-10-05,calcium urine test,phone,kept,/tests/calcium-urine-test/,/tests/calcium-urine-test/,1,1,,18,yes,yes,
2026-10-05,calcium urine test,desktop,kept,/tests/calcium-urine-test/,/tests/calcium-urine-test/,1,,,18,yes,yes,
2026-10-05,calprotectin,phone,next-in-line,/tests/calprotectin/,/tests/calprotectin/,10,1,,12175,no,no,buy button
2026-10-05,calprotectin,desktop,next-in-line,/tests/calprotectin/,/tests/calprotectin/,1,,,12175,yes,no,
2026-10-05,calprotectin fecal,phone,next-in-line,/tests/calprotectin/,/tests/calprotectin/,1,1,,8885,yes,not checked,buy button
2026-10-05,calprotectin fecal,desktop,next-in-line,/tests/calprotectin/,/tests/calprotectin/,9,,,8885,no,not checked,
2026-10-05,calr mutation,phone,next-in-line,/tests/calr-mutation/,/tests/calr-mutation/,1,3,,522,yes,not checked,
2026-10-05,calr mutation,desktop,next-in-line,/tests/calr-mutation/,/tests/calr-mutation/,1,,,522,yes,yes,
2026-10-05,cancer antigen 125,phone,kept,/tests/ca-125/,/tests/ca-125/,37,34,,20,no,not checked,
2026-10-05,cancer antigen 125,desktop,kept,/tests/ca-125/,/tests/ca-125/,55,,,20,no,not checked,
2026-10-05,cancer testing,phone,category,/cancer-testing/,/tests/cancer-testing/,61,61,,74,no,not checked,other page ranks
2026-10-05,cancer testing,desktop,category,/cancer-testing/,/tests/cancer-testing/,54,,,74,no,not checked,
2026-10-05,candida albicans allergy test,phone,selling-test-page,/tests/candida-albicans-allergy-test/,/tests/candida-albicans-allergy-test/,6,5,,40,no,not checked,
2026-10-05,candida albicans allergy test,desktop,selling-test-page,/tests/candida-albicans-allergy-test/,/tests/candida-albicans-allergy-test/,5,,,40,no,not checked,
2026-10-05,cardiac crp high sensitivity,phone,selling-test-page,/tests/high-sensitivity-c-reactive-protein-hs-crp/,/tests/high-sensitivity-c-reactive-protein-hs-crp/,1,1,,6899,yes,yes,
2026-10-05,cardiac crp high sensitivity,desktop,selling-test-page,/tests/high-sensitivity-c-reactive-protein-hs-crp/,/tests/high-sensitivity-c-reactive-protein-hs-crp/,1,,,6899,yes,yes,
2026-10-05,cardiac panel,phone,selling-test-page,/tests/comprehensive-heart-health-panel/,/tests/basic-heart-health-panel/,1,1,,100,yes,yes,other page ranks
2026-10-05,cardiac panel,desktop,selling-test-page,/tests/comprehensive-heart-health-panel/,/tests/basic-heart-health-panel/,1,,,100,yes,yes,
2026-10-05,cardiolipin antibody,phone,next-in-line,/tests/cardiolipin-antibodies/,/tests/cardiolipin-antibodies/,1,1,,1743,yes,yes,
2026-10-05,cardiolipin antibody,desktop,next-in-line,/tests/cardiolipin-antibodies/,/tests/cardiolipin-antibodies/,1,,,1743,yes,yes,
2026-10-05,casein allergy test,phone,not-ranking-yet,/tests/casein-allergy-test/,/tests/casein-allergy-test/,1,1,,30,yes,yes,
2026-10-05,casein allergy test,desktop,not-ranking-yet,/tests/casein-allergy-test/,/tests/casein-allergy-test/,1,,,30,yes,yes,
2026-10-05,catfish allergy test,phone,not-ranking-yet,/tests/catfish-allergy-test/,/tests/catfish-allergy-test/,12,20,,4,no,not checked,
2026-10-05,catfish allergy test,desktop,not-ranking-yet,/tests/catfish-allergy-test/,/tests/catfish-allergy-test/,22,,,4,no,not checked,
2026-10-05,cbc and cmp,phone,next-in-line,/tests/standard-health-test/,/tests/standard-health-test/,1,1,,670,yes,not checked,
2026-10-05,cbc and cmp,desktop,next-in-line,/tests/standard-health-test/,/tests/standard-health-test/,1,,,670,yes,not checked,
2026-10-05,cbc blood test,phone,selling-test-page,/tests/complete-blood-count-cbc/,,,30,,38,no,not checked,
2026-10-05,cbc blood test,desktop,selling-test-page,/tests/complete-blood-count-cbc/,/tests/complete-blood-count-cbc/,58,,,38,no,not checked,
2026-10-05,cbc test,phone,selling-test-page,/tests/complete-blood-count-cbc/,/tests/complete-blood-count-cbc/,53,53,,432,no,not checked,
2026-10-05,cbc test,desktop,selling-test-page,/tests/complete-blood-count-cbc/,,,,,432,no,not checked,
2026-10-05,cbc with differential,phone,selling-test-page,/tests/complete-blood-count-cbc/,/tests/complete-blood-count-cbc/,18,17,,3834,no,not checked,
2026-10-05,cbc with differential,desktop,selling-test-page,/tests/complete-blood-count-cbc/,,,,,3834,no,not checked,
2026-10-05,cbd oil hair follicle test,phone,next-in-line,/tests/hair-follicle-drug-test/,/tests/hair-follicle-drug-test/,3,3,,4394,no,not checked,buy button
2026-10-05,cbd oil hair follicle test,desktop,next-in-line,/tests/hair-follicle-drug-test/,,,,,4394,no,not checked,
2026-10-05,cd4,phone,next-in-line,/tests/cd4-count/,/tests/cd4-count/,1,1,,915,yes,yes,
2026-10-05,cd4,desktop,next-in-line,/tests/cd4-count/,/tests/cd4-count/,1,,,915,yes,yes,
2026-10-05,cd4 count,phone,next-in-line,/tests/cd4-count/,/tests/cd4-count/,1,1,,3618,yes,yes,buy button
2026-10-05,cd4 count,desktop,next-in-line,/tests/cd4-count/,/tests/cd4-count/,1,,,3618,yes,yes,
2026-10-05,celiac antibody test,phone,selling-test-page,/tests/celiac-disease-antibody-tests/,/tests/celiac-disease-antibody-tests/,1,30,,34,yes,not checked,
2026-10-05,celiac antibody test,desktop,selling-test-page,/tests/celiac-disease-antibody-tests/,/tests/celiac-disease-antibody-tests/,1,,,34,yes,not checked,
2026-10-05,celiac blood test,phone,category,/celiac-testing/,/tests/celiac-disease-antibody-tests/,27,101,,976,no,not checked,other page ranks
2026-10-05,celiac blood test,desktop,category,/celiac-testing/,/tests/celiac-testing/,18,,,976,no,not checked,
2026-10-05,celiac disease antibody test,phone,selling-test-page,/tests/celiac-disease-antibody-tests/,/tests/celiac-disease-antibody-tests/,1,1,,29,yes,not checked,
2026-10-05,celiac disease antibody test,desktop,selling-test-page,/tests/celiac-disease-antibody-tests/,/tests/celiac-disease-antibody-tests/,1,,,29,yes,not checked,
2026-10-05,celiac disease test,phone,category,/celiac-testing/,/tests/celiac-testing/,32,27,,278,no,not checked,other page ranks
2026-10-05,celiac disease test,desktop,category,/celiac-testing/,/tests/celiac-disease-antibody-tests/,75,,,278,no,not checked,
2026-10-05,centromere b antibody,phone,next-in-line,/tests/anticentromere-antibody/,/tests/anticentromere-antibody/,1,1,,1004,yes,not checked,
2026-10-05,centromere b antibody,desktop,next-in-line,/tests/anticentromere-antibody/,/tests/anticentromere-antibody/,6,,,1004,no,yes,
2026-10-05,ceruloplasmin,phone,next-in-line,/tests/ceruloplasmin/,/tests/ceruloplasmin/,1,1,,9536,yes,yes,buy button
2026-10-05,ceruloplasmin,desktop,next-in-line,/tests/ceruloplasmin/,/tests/ceruloplasmin/,13,,,9536,no,yes,
2026-10-05,ceruloplasmin test,phone,next-in-line,/tests/ceruloplasmin/,/tests/ceruloplasmin/,1,1,,2301,yes,yes,buy button
2026-10-05,ceruloplasmin test,desktop,next-in-line,/tests/ceruloplasmin/,/tests/ceruloplasmin/,1,,,2301,yes,yes,
2026-10-05,chemistry panel,phone,next-in-line,/tests/chemistry-panels/,/tests/chemistry-panels/,1,1,,418,yes,not checked,
2026-10-05,chemistry panel,desktop,next-in-line,/tests/chemistry-panels/,/tests/chemistry-panels/,1,,,418,yes,not checked,
2026-10-05,chicken allergy test,phone,not-ranking-yet,/tests/chicken-allergy-test/,/tests/chicken-allergy-test/,1,1,,14,yes,yes,
2026-10-05,chicken allergy test,desktop,not-ranking-yet,/tests/chicken-allergy-test/,/tests/chicken-allergy-test/,1,,,14,yes,not checked,
2026-10-05,chickpea allergy test,phone,not-ranking-yet,/tests/chickpea-allergy-test/,/tests/chickpea-allergy-test/,13,14,,2,no,not checked,
2026-10-05,chickpea allergy test,desktop,not-ranking-yet,/tests/chickpea-allergy-test/,/tests/chickpea-allergy-test/,13,,,2,no,not checked,
2026-10-05,chlamydia and gonorrhea,phone,std-pages,/std-testing/chlamydia-gonorrhea-test/,/std-testing/chlamydia-gonorrhea-test/,37,37,,0,no,not checked,
2026-10-05,chlamydia and gonorrhea,desktop,std-pages,/std-testing/chlamydia-gonorrhea-test/,,,,,0,no,not checked,
2026-10-05,chlamydia antibiotics,phone,treatments,/treatments/chlamydia/,,,101,,65,no,not checked,
2026-10-05,chlamydia antibiotics,desktop,treatments,/treatments/chlamydia/,,,,,65,no,not checked,
2026-10-05,chlamydia blood test,phone,selling-test-page,/tests/chlamydia-blood-test/,/std-testing/chlamydia-gonorrhea-test/,1,1,,299,yes,yes,other page ranks
2026-10-05,chlamydia blood test,desktop,selling-test-page,/tests/chlamydia-blood-test/,/std-testing/chlamydia-gonorrhea-test/,1,,,299,yes,yes,
2026-10-05,chlamydia lab test,phone,std-pages,/tests/chlamydia-urine-test/,/tests/chlamydia-test/,1,1,,83,yes,yes,other page ranks
2026-10-05,chlamydia lab test,desktop,std-pages,/tests/chlamydia-urine-test/,/tests/chlamydia-test/,1,,,83,yes,yes,
2026-10-05,chlamydia pee,phone,std-pages,/tests/chlamydia-urine-test/,/tests/chlamydia-urine-test/,1,1,,20,yes,not checked,
2026-10-05,chlamydia pee,desktop,std-pages,/tests/chlamydia-urine-test/,/tests/chlamydia-urine-test/,1,,,20,yes,not checked,
2026-10-05,chlamydia pee test,phone,std-pages,/tests/chlamydia-urine-test/,/tests/chlamydia-urine-test/,1,1,,1359,yes,yes,
2026-10-05,chlamydia pee test,desktop,std-pages,/tests/chlamydia-urine-test/,/tests/chlamydia-urine-test/,1,,,1359,yes,yes,
2026-10-05,chlamydia test,phone,next-in-line,/tests/chlamydia-test/,/tests/chlamydia-urine-test/,1,8,,3173,yes,yes,refresh; other page ranks
2026-10-05,chlamydia test,desktop,next-in-line,/tests/chlamydia-test/,/tests/chlamydia-urine-test/,1,,,3173,yes,yes,
2026-10-05,chlamydia trachomatis antigen test,phone,selling-test-page,/tests/chlamydia-blood-test/,/tests/chlamydia-blood-test/,7,7,,70,no,not checked,
2026-10-05,chlamydia trachomatis antigen test,desktop,selling-test-page,/tests/chlamydia-blood-test/,/tests/chlamydia-blood-test/,8,,,70,no,not checked,
2026-10-05,chlamydia trachomatis rna tma urogenital,phone,std-pages,/tests/chlamydia-urine-test/,,,101,,22,no,not checked,
2026-10-05,chlamydia trachomatis rna tma urogenital,desktop,std-pages,/tests/chlamydia-urine-test/,,,,,22,no,not checked,
2026-10-05,chlamydia urine test,phone,std-pages,/tests/chlamydia-urine-test/,/tests/chlamydia-urine-test/,1,1,,254,yes,yes,
2026-10-05,chlamydia urine test,desktop,std-pages,/tests/chlamydia-urine-test/,/tests/chlamydia-urine-test/,1,,,254,yes,yes,
2026-10-05,chocolate allergy test,phone,not-ranking-yet,/tests/chocolate-allergy-test/,/tests/chocolate-allergy-test/,1,1,,9,yes,yes,
2026-10-05,chocolate allergy test,desktop,not-ranking-yet,/tests/chocolate-allergy-test/,/tests/chocolate-allergy-test/,1,,,9,yes,yes,
2026-10-05,cholesterol panel,phone,next-in-line,/tests/cholesterol/,/tests/cholesterol/,13,18,,64,no,not checked,
2026-10-05,cholesterol panel,desktop,next-in-line,/tests/cholesterol/,/tests/cholesterol/,13,,,64,no,not checked,
2026-10-05,cholesterol test,phone,category,/cardiac-and-cholesterol-testing/,/tests/cholesterol/,25,25,,412,no,not checked,other page ranks
2026-10-05,cholesterol test,desktop,category,/cardiac-and-cholesterol-testing/,/tests/cholesterol/,17,,,412,no,not checked,
2026-10-05,cholesterol testing,phone,category,/cardiac-and-cholesterol-testing/,/tests/cholesterol/,20,28,,1268,no,not checked,other page ranks
2026-10-05,cholesterol testing,desktop,category,/cardiac-and-cholesterol-testing/,/tests/cholesterol/,26,,,1268,no,not checked,
2026-10-05,chromogranin a,phone,next-in-line,/tests/chromogranin/,/tests/chromogranin/,1,1,,2652,yes,yes,buy button
2026-10-05,chromogranin a,desktop,next-in-line,/tests/chromogranin/,/tests/chromogranin/,1,,,2652,yes,not checked,
2026-10-05,chromogranin a test,phone,next-in-line,/tests/chromogranin/,/tests/chromogranin/,1,1,,897,yes,yes,
2026-10-05,chromogranin a test,desktop,next-in-line,/tests/chromogranin/,/tests/chromogranin/,1,,,897,yes,yes,
2026-10-05,cinnamon allergy test,phone,not-ranking-yet,/tests/cinnamon-allergy-test/,/tests/cinnamon-allergy-test/,1,1,,12,yes,not checked,
2026-10-05,cinnamon allergy test,desktop,not-ranking-yet,/tests/cinnamon-allergy-test/,/tests/cinnamon-allergy-test/,1,,,12,yes,not checked,
2026-10-05,ck,phone,selling-test-page,/tests/creatine-kinase-ck/,,,101,,3117,no,not checked,
2026-10-05,ck,desktop,selling-test-page,/tests/creatine-kinase-ck/,,,,,3117,no,not checked,
2026-10-05,ck blood test,phone,selling-test-page,/tests/creatine-kinase-ck/,/tests/creatine-kinase-ck/,1,1,,4206,yes,yes,
2026-10-05,ck blood test,desktop,selling-test-page,/tests/creatine-kinase-ck/,/tests/creatine-kinase-ck/,1,,,4206,yes,yes,
2026-10-05,ck-mb,phone,next-in-line,/tests/ck-mb/,/tests/ck-mb/,2,2,,1794,no,yes,
2026-10-05,ck-mb,desktop,next-in-line,/tests/ck-mb/,/tests/ck-mb/,1,,,1794,yes,yes,
2026-10-05,ckmb,phone,next-in-line,/tests/ck-mb/,/tests/ck-mb/,1,1,,2164,yes,yes,buy button
2026-10-05,ckmb,desktop,next-in-line,/tests/ck-mb/,/tests/ck-mb/,1,,,2164,yes,yes,
2026-10-05,clam allergy test,phone,not-ranking-yet,/tests/clam-allergy-test/,/tests/clam-allergy-test/,13,13,,0,no,not checked,
2026-10-05,clam allergy test,desktop,not-ranking-yet,/tests/clam-allergy-test/,/tests/clam-allergy-test/,13,,,0,no,not checked,
2026-10-05,cmp blood test,phone,selling-test-page,/tests/comprehensive-metabolic-panel-cmp/,/tests/comprehensive-metabolic-panel-cmp/,1,1,,22612,yes,yes,
2026-10-05,cmp blood test,desktop,selling-test-page,/tests/comprehensive-metabolic-panel-cmp/,/tests/comprehensive-metabolic-panel-cmp/,1,,,22612,yes,yes,
2026-10-05,cmv igg,phone,next-in-line,/tests/cytomegalovirus-cmv-tests/,/tests/cytomegalovirus-cmv-tests/,1,1,,857,yes,yes,
2026-10-05,cmv igg,desktop,next-in-line,/tests/cytomegalovirus-cmv-tests/,/tests/cytomegalovirus-cmv-tests/,1,,,857,yes,yes,
2026-10-05,cmv igm,phone,next-in-line,/tests/cytomegalovirus-cmv-tests/,/tests/cytomegalovirus-cmv-tests/,1,1,,384,yes,yes,
2026-10-05,cmv igm,desktop,next-in-line,/tests/cytomegalovirus-cmv-tests/,/tests/cytomegalovirus-cmv-tests/,1,,,384,yes,yes,
2026-10-05,coconut allergy test,phone,not-ranking-yet,/tests/coconut-allergy-test/,,,101,,0,no,not checked,
2026-10-05,coconut allergy test,desktop,not-ranking-yet,/tests/coconut-allergy-test/,,,,,0,no,not checked,
2026-10-05,coffee allergy test,phone,not-ranking-yet,/tests/coffee-allergy-test/,/tests/coffee-allergy-test/,1,1,,6,yes,not checked,
2026-10-05,coffee allergy test,desktop,not-ranking-yet,/tests/coffee-allergy-test/,/tests/coffee-allergy-test/,1,,,6,yes,not checked,
2026-10-05,cold sore prescription,phone,treatments,/treatments/cold-sores/,,,101,,320,no,not checked,
2026-10-05,cold sore prescription,desktop,treatments,/treatments/cold-sores/,,,,,320,no,not checked,
2026-10-05,complete blood picture test,phone,kept,/tests/complete-blood-count-cbc/,/tests/complete-blood-count-cbc/,1,1,,25,yes,yes,
2026-10-05,complete blood picture test,desktop,kept,/tests/complete-blood-count-cbc/,/tests/complete-blood-count-cbc/,1,,,25,yes,yes,
2026-10-05,complete thyroid panel,phone,selling-test-page,/tests/comprehensive-thyroid-panel/,/tests/comprehensive-thyroid-panel/,1,1,,1730,yes,yes,
2026-10-05,complete thyroid panel,desktop,selling-test-page,/tests/comprehensive-thyroid-panel/,/tests/comprehensive-thyroid-panel/,1,,,1730,yes,yes,
2026-10-05,compound semaglutide,phone,treatments,/treatments/compounded-semaglutide/,/treatments/compounded-semaglutide/,1,1,,1889,yes,yes,
2026-10-05,compound semaglutide,desktop,treatments,/treatments/compounded-semaglutide/,/treatments/compounded-semaglutide/,1,,,1889,yes,yes,
2026-10-05,compounded semaglutide,phone,treatments,/treatments/compounded-semaglutide/,/treatments/compounded-semaglutide/,1,1,,9281,yes,yes,
2026-10-05,compounded semaglutide,desktop,treatments,/treatments/compounded-semaglutide/,/treatments/compounded-semaglutide/,1,,,9281,yes,yes,
2026-10-05,compounded semaglutide cost,phone,treatments,/treatments/compounded-semaglutide-cost/,/treatments/compounded-semaglutide-cost/,1,1,,112,yes,not checked,
2026-10-05,compounded semaglutide cost,desktop,treatments,/treatments/compounded-semaglutide-cost/,/treatments/compounded-semaglutide-cost/,1,,,112,yes,not checked,
2026-10-05,compounded semaglutide glp-1,phone,treatments,/treatments/compounded-semaglutide/,/treatments/compounded-semaglutide/,5,5,,26,no,yes,
2026-10-05,compounded semaglutide glp-1,desktop,treatments,/treatments/compounded-semaglutide/,/treatments/compounded-semaglutide/,1,,,26,yes,yes,
2026-10-05,compounded semaglutide injections,phone,treatments,/treatments/compounded-semaglutide/,/treatments/compounded-semaglutide/,1,1,,55,yes,not checked,
2026-10-05,compounded semaglutide injections,desktop,treatments,/treatments/compounded-semaglutide/,/treatments/compounded-semaglutide/,1,,,55,yes,not checked,
2026-10-05,compounded semaglutide safety,phone,treatments,/treatments/is-compounded-semaglutide-safe/,/treatments/compounded-semaglutide/,5,1,,11,no,not checked,other page ranks
2026-10-05,compounded semaglutide safety,desktop,treatments,/treatments/is-compounded-semaglutide-safe/,/treatments/compounded-semaglutide/,1,,,11,yes,not checked,
2026-10-05,compounded semaglutide side effects,phone,treatments,/treatments/compounded-semaglutide-side-effects/,/treatments/compounded-semaglutide-side-effects/,1,1,,674,yes,not checked,
2026-10-05,compounded semaglutide side effects,desktop,treatments,/treatments/compounded-semaglutide-side-effects/,/treatments/compounded-semaglutide-side-effects/,1,,,674,yes,not checked,
2026-10-05,compounded tirzepatide,phone,treatments,/treatments/compounded-tirzepatide/,/treatments/compounded-tirzepatide/,1,1,,18274,yes,yes,
2026-10-05,compounded tirzepatide,desktop,treatments,/treatments/compounded-tirzepatide/,/treatments/compounded-tirzepatide/,1,,,18274,yes,yes,
2026-10-05,compounded tirzepatide vs mounjaro,phone,treatments,/treatments/compounded-tirzepatide-vs-zepbound/,,,101,,0,no,not checked,
2026-10-05,compounded tirzepatide vs mounjaro,desktop,treatments,/treatments/compounded-tirzepatide-vs-zepbound/,,,,,0,no,not checked,
2026-10-05,compounded tirzepatide vs zepbound,phone,treatments,/treatments/compounded-tirzepatide-vs-zepbound/,,,101,,0,no,not checked,
2026-10-05,compounded tirzepatide vs zepbound,desktop,treatments,/treatments/compounded-tirzepatide-vs-zepbound/,,,,,0,no,not checked,
2026-10-05,comprehensive metabolic panel,phone,selling-test-page,/tests/comprehensive-metabolic-panel-cmp/,/tests/comprehensive-metabolic-panel-cmp/,1,1,,31105,yes,yes,
2026-10-05,comprehensive metabolic panel,desktop,selling-test-page,/tests/comprehensive-metabolic-panel-cmp/,/tests/comprehensive-metabolic-panel-cmp/,1,,,31105,yes,yes,
2026-10-05,comprehensive metabolic panel test,phone,kept,/tests/comprehensive-metabolic-panel-cmp/,/tests/comprehensive-metabolic-panel-cmp/,1,1,,1879,yes,no,
2026-10-05,comprehensive metabolic panel test,desktop,kept,/tests/comprehensive-metabolic-panel-cmp/,/tests/comprehensive-metabolic-panel-cmp/,1,,,1879,yes,no,
2026-10-05,comprehensive thyroid panel,phone,selling-test-page,/tests/comprehensive-thyroid-panel/,/tests/comprehensive-thyroid-panel/,1,1,,235,yes,yes,
2026-10-05,comprehensive thyroid panel,desktop,selling-test-page,/tests/comprehensive-thyroid-panel/,/tests/comprehensive-thyroid-panel/,1,,,235,yes,yes,
2026-10-05,comprehensive vitamin panel,phone,kept,/tests/comprehensive-vitamin-panel/,/tests/comprehensive-vitamin-panel/,1,1,,101,yes,yes,
2026-10-05,comprehensive vitamin panel,desktop,kept,/tests/comprehensive-vitamin-panel/,/tests/comprehensive-vitamin-panel/,1,,,101,yes,yes,
2026-10-05,copd test,phone,category,/copd-testing/,/copd-testing/,14,23,,328,no,not checked,
2026-10-05,copd test,desktop,category,/copd-testing/,/copd-testing/,24,,,328,no,not checked,
2026-10-05,copper blood test,phone,selling-test-page,/tests/copper/,/tests/copper/,1,1,,813,yes,yes,
2026-10-05,copper blood test,desktop,selling-test-page,/tests/copper/,/tests/copper/,1,,,813,yes,yes,
2026-10-05,copper serum blood test,phone,selling-test-page,/tests/copper/,/tests/copper/,1,1,,362,yes,yes,
2026-10-05,copper serum blood test,desktop,selling-test-page,/tests/copper/,/tests/copper/,1,,,362,yes,yes,
2026-10-05,copper test,phone,selling-test-page,/tests/copper/,/tests/copper/,1,1,,306,yes,not checked,
2026-10-05,copper test,desktop,selling-test-page,/tests/copper/,/tests/copper/,1,,,306,yes,yes,
2026-10-05,copper urine test,phone,kept,/tests/copper/,/tests/copper-urine-test/,1,1,,92,yes,yes,other page ranks
2026-10-05,copper urine test,desktop,kept,/tests/copper/,/tests/copper-urine-test/,1,,,92,yes,yes,
2026-10-05,cortisol,phone,selling-test-page,/tests/cortisol/,,,101,,8,no,not checked,
2026-10-05,cortisol,desktop,selling-test-page,/tests/cortisol/,,,,,8,no,not checked,
2026-10-05,cortisol am,phone,selling-test-page,/tests/cortisol-am-and-pm-test/,/tests/cortisol-am-and-pm-test/,1,1,,603,yes,yes,
2026-10-05,cortisol am,desktop,selling-test-page,/tests/cortisol-am-and-pm-test/,/tests/cortisol-am-and-pm-test/,1,,,603,yes,yes,
2026-10-05,cortisol am test,phone,selling-test-page,/tests/cortisol-am-and-pm-test/,/tests/cortisol-am-and-pm-test/,1,1,,665,yes,yes,
2026-10-05,cortisol am test,desktop,selling-test-page,/tests/cortisol-am-and-pm-test/,/tests/cortisol-am-and-pm-test/,1,,,665,yes,yes,
2026-10-05,cortisol blood test,phone,selling-test-page,/tests/cortisol/,/tests/cortisol/,1,1,,2361,yes,no,
2026-10-05,cortisol blood test,desktop,selling-test-page,/tests/cortisol/,/tests/cortisol/,1,,,2361,yes,no,
2026-10-05,cortisol level test,phone,kept,/tests/cortisol/,/tests/cortisol-am-and-pm-test/,1,1,,252,yes,not checked,other page ranks
2026-10-05,cortisol level test,desktop,kept,/tests/cortisol/,/tests/cortisol-am-and-pm-test/,1,,,252,yes,not checked,
2026-10-05,cortisol levels test,phone,kept,/tests/cortisol-am-and-pm-test/,/tests/cortisol-am-and-pm-test/,1,1,,275,yes,not checked,
2026-10-05,cortisol levels test,desktop,kept,/tests/cortisol-am-and-pm-test/,/tests/cortisol-am-and-pm-test/,1,,,275,yes,no,
2026-10-05,cortisol test,phone,selling-test-page,/tests/cortisol/,/tests/cortisol/,1,1,,3470,yes,not checked,
2026-10-05,cortisol test,desktop,selling-test-page,/tests/cortisol/,/tests/cortisol-am-and-pm-test/,1,,,3470,yes,not checked,
2026-10-05,cortisol testing,phone,selling-test-page,/tests/cortisol-am-and-pm-test/,/tests/cortisol-am-and-pm-test/,21,1,,394,no,yes,
2026-10-05,cortisol testing,desktop,selling-test-page,/tests/cortisol-am-and-pm-test/,/tests/cortisol-am-and-pm-test/,9,,,394,no,yes,
2026-10-05,cost of std check,phone,std-pages,/std-test-pricing/,/std-testing/atlanta-ga/,3,3,,2458,no,not checked,other page ranks
2026-10-05,cost of std check,desktop,std-pages,/std-test-pricing/,/std-testing/pittsburgh-pa/,1,,,2458,no,not checked,
2026-10-05,cotinine,phone,next-in-line,/tests/nicotine-and-cotinine/,/tests/nicotine-and-cotinine/,11,8,,900,no,no,
2026-10-05,cotinine,desktop,next-in-line,/tests/nicotine-and-cotinine/,/tests/nicotine-and-cotinine/,7,,,900,no,not checked,
2026-10-05,covid 19 diagnostic test,phone,next-in-line,/tests/covid-19-antigen-test/,/tests/at-home-covid-19-antigen-test/,37,70,,4,no,not checked,other page ranks
2026-10-05,covid 19 diagnostic test,desktop,next-in-line,/tests/covid-19-antigen-test/,/tests/at-home-covid-19-antigen-test/,38,,,4,no,not checked,
2026-10-05,crab allergy test,phone,not-ranking-yet,/tests/crab-allergy-test/,/tests/crab-allergy-test/,1,1,,0,yes,not checked,
2026-10-05,crab allergy test,desktop,not-ranking-yet,/tests/crab-allergy-test/,/tests/crab-allergy-test/,1,,,0,yes,not checked,
2026-10-05,creatine kinase,phone,selling-test-page,/tests/creatine-kinase-ck/,/tests/creatine-kinase-ck/,17,17,,611,no,not checked,
2026-10-05,creatine kinase,desktop,selling-test-page,/tests/creatine-kinase-ck/,/tests/creatine-kinase-ck/,27,,,611,no,not checked,
2026-10-05,creatine kinase high,phone,kept,/tests/creatine-kinase-ck/,/tests/creatine-kinase-ck/,19,19,,163,no,not checked,
2026-10-05,creatine kinase high,desktop,kept,/tests/creatine-kinase-ck/,/tests/creatine-kinase-ck/,16,,,163,no,not checked,
2026-10-05,creatine kinase test,phone,kept,/tests/creatine-kinase-ck/,/tests/creatine-kinase-ck/,21,13,,871,no,yes,
2026-10-05,creatine kinase test,desktop,kept,/tests/creatine-kinase-ck/,/tests/creatine-kinase-ck/,13,,,871,no,yes,
2026-10-05,creatinine,phone,selling-test-page,/tests/creatinine/,,,16,,216,no,not checked,
2026-10-05,creatinine,desktop,selling-test-page,/tests/creatinine/,/tests/creatinine/,25,,,216,no,not checked,
2026-10-05,creatinine blood test,phone,selling-test-page,/tests/creatinine/,/tests/creatinine/,17,101,,58,no,not checked,
2026-10-05,creatinine blood test,desktop,selling-test-page,/tests/creatinine/,/tests/creatinine/,19,,,58,no,not checked,
2026-10-05,creatinine test,phone,selling-test-page,/tests/creatinine/,/tests/creatinine/,1,1,,479,yes,not checked,
2026-10-05,creatinine test,desktop,selling-test-page,/tests/creatinine/,/tests/creatinine/,1,,,479,yes,not checked,
2026-10-05,crp blood test,phone,kept,/tests/c-reactive-protein-crp/,/tests/c-reactive-protein-crp/,28,26,,254,no,not checked,
2026-10-05,crp blood test,desktop,kept,/tests/c-reactive-protein-crp/,/tests/c-reactive-protein-crp/,1,,,254,yes,not checked,
2026-10-05,crp test,phone,selling-test-page,/tests/c-reactive-protein-crp/,/tests/high-sensitivity-c-reactive-protein-hs-crp/,19,11,,2029,no,not checked,refresh; other page ranks
2026-10-05,crp test,desktop,selling-test-page,/tests/c-reactive-protein-crp/,/tests/high-sensitivity-c-reactive-protein-hs-crp/,1,,,2029,yes,yes,
2026-10-05,ct ng test,phone,std-pages,/std-testing/chlamydia-gonorrhea-test/,/std-testing/chlamydia-gonorrhea-test/,36,24,,20,no,not checked,
2026-10-05,ct ng test,desktop,std-pages,/std-testing/chlamydia-gonorrhea-test/,,,,,20,no,not checked,
2026-10-05,ctng test,phone,std-pages,/std-testing/chlamydia-gonorrhea-test/,/std-testing/chlamydia-gonorrhea-test/,36,36,,3,no,not checked,
2026-10-05,ctng test,desktop,std-pages,/std-testing/chlamydia-gonorrhea-test/,/std-testing/chlamydia-gonorrhea-test/,18,,,3,no,not checked,
2026-10-05,cyclic citrullinated peptide,phone,next-in-line,/tests/cyclic-citrullinated-peptide-antibody/,/tests/cyclic-citrullinated-peptide-antibody/,1,1,,1291,yes,not checked,
2026-10-05,cyclic citrullinated peptide,desktop,next-in-line,/tests/cyclic-citrullinated-peptide-antibody/,/tests/cyclic-citrullinated-peptide-antibody/,1,,,1291,yes,not checked,
2026-10-05,cyclic citrullinated peptide ccp ab igg,phone,next-in-line,/tests/cyclic-citrullinated-peptide-antibody/,/tests/cyclic-citrullinated-peptide-antibody/,20,1,,72,no,not checked,
2026-10-05,cyclic citrullinated peptide ccp ab igg,desktop,next-in-line,/tests/cyclic-citrullinated-peptide-antibody/,/tests/cyclic-citrullinated-peptide-antibody/,17,,,72,no,not checked,
2026-10-05,d dimer,phone,next-in-line,/tests/d-dimer/,/tests/d-dimer/,7,6,,18433,no,not checked,
2026-10-05,d dimer,desktop,next-in-line,/tests/d-dimer/,/tests/d-dimer/,7,,,18433,no,not checked,
2026-10-05,dat blood test,phone,next-in-line,/tests/direct-antiglobulin-test/,/tests/direct-antiglobulin-test/,1,1,,384,yes,yes,
2026-10-05,dat blood test,desktop,next-in-line,/tests/direct-antiglobulin-test/,/tests/direct-antiglobulin-test/,1,,,384,yes,yes,
2026-10-05,dehydroepiandrosterone blood test,phone,not-ranking-yet,/tests/dehydroepiandrosterone-test/,/tests/dheas/,10,12,,7,no,not checked,other page ranks
2026-10-05,dehydroepiandrosterone blood test,desktop,not-ranking-yet,/tests/dehydroepiandrosterone-test/,/tests/dheas/,10,,,7,no,not checked,
2026-10-05,dehydroepiandrosterone test,phone,kept,/tests/dheas/,/tests/dehydroepiandrosterone-test/,1,1,,55,yes,yes,other page ranks
2026-10-05,dehydroepiandrosterone test,desktop,kept,/tests/dheas/,/tests/dehydroepiandrosterone-test/,1,,,55,yes,yes,
2026-10-05,dhea sulfate,phone,selling-test-page,/tests/dheas/,/tests/dheas/,15,23,,2967,no,not checked,
2026-10-05,dhea sulfate,desktop,selling-test-page,/tests/dheas/,/tests/dheas/,14,,,2967,no,not checked,
2026-10-05,dhea sulfate test,phone,kept,/tests/dheas/,/tests/dheas/,23,13,,381,no,no,
2026-10-05,dhea sulfate test,desktop,kept,/tests/dheas/,/tests/dheas/,12,,,381,no,no,
2026-10-05,dhea test,phone,kept,/tests/dheas/,/tests/dehydroepiandrosterone-test/,1,1,,293,yes,yes,other page ranks
2026-10-05,dhea test,desktop,kept,/tests/dheas/,/tests/dehydroepiandrosterone-test/,1,,,293,yes,yes,
2026-10-05,dhea-s,phone,selling-test-page,/tests/dheas/,/tests/dheas/,13,14,,319,no,not checked,
2026-10-05,dhea-s,desktop,selling-test-page,/tests/dheas/,/tests/dheas/,22,,,319,no,not checked,
2026-10-05,dheas,phone,selling-test-page,/tests/dheas/,/tests/dheas/,22,15,,269,no,not checked,
2026-10-05,dheas,desktop,selling-test-page,/tests/dheas/,/tests/dheas/,33,,,269,no,not checked,
2026-10-05,dheas test,phone,kept,/tests/dheas/,/tests/dheas/,1,1,,367,yes,yes,
2026-10-05,dheas test,desktop,kept,/tests/dheas/,/tests/dheas/,1,,,367,yes,yes,
2026-10-05,diabetes panel,phone,selling-test-page,/tests/diabetes-panel/,/tests/comprehensive-diabetes-panel/,1,1,,146,yes,yes,other page ranks
2026-10-05,diabetes panel,desktop,selling-test-page,/tests/diabetes-panel/,/tests/comprehensive-diabetes-panel/,1,,,146,yes,yes,
2026-10-05,diabetes panel blood test,phone,not-ranking-yet,/tests/expanded-diabetes-panel/,/tests/diabetes-panel/,1,1,,16,yes,yes,other page ranks
2026-10-05,diabetes panel blood test,desktop,not-ranking-yet,/tests/expanded-diabetes-panel/,/tests/diabetes-panel/,1,,,16,yes,yes,
2026-10-05,diabetes panel test,desktop,leaving,/tests/comprehensive-diabetes-panel/,/tests/diabetes-panel/,1,,,43,yes,yes,
2026-10-05,diabetes panel test price,phone,not-ranking-yet,/tests/expanded-diabetes-panel/,/tests/comprehensive-diabetes-panel/,7,6,,19,no,not checked,other page ranks
2026-10-05,diabetes panel test price,desktop,not-ranking-yet,/tests/expanded-diabetes-panel/,/tests/comprehensive-diabetes-panel/,6,,,19,no,not checked,
2026-10-05,diabetes testing,phone,selling-test-page,/tests/comprehensive-diabetes-panel/,/glucose-testing/,27,26,,28,no,not checked,other page ranks
2026-10-05,diabetes testing,desktop,selling-test-page,/tests/comprehensive-diabetes-panel/,/glucose-testing/,52,,,28,no,not checked,
2026-10-05,difference between semaglutide and tirzepatide,phone,treatments,/treatments/tirzepatide-vs-semaglutide/,/treatments/tirzepatide-vs-semaglutide/,1,1,,5749,yes,not checked,
2026-10-05,difference between semaglutide and tirzepatide,desktop,treatments,/treatments/tirzepatide-vs-semaglutide/,/treatments/tirzepatide-vs-semaglutide/,1,,,5749,yes,not checked,
2026-10-05,direct antiglobulin test,phone,next-in-line,/tests/direct-antiglobulin-test/,/tests/direct-antiglobulin-test/,1,1,,1327,yes,yes,
2026-10-05,direct antiglobulin test,desktop,next-in-line,/tests/direct-antiglobulin-test/,/tests/direct-antiglobulin-test/,1,,,1327,yes,yes,
2026-10-05,direct ldl,desktop,leaving,/tests/ldl-cholesterol/,/tests/direct-ldl-cholesterol/,7,,,760,no,yes,
2026-10-05,disease diagnosis,phone,category,/disease-detection-and-monitoring-testing/,/disease-detection-and-monitoring-testing/,7,7,,29,no,no,
2026-10-05,disease diagnosis,desktop,category,/disease-detection-and-monitoring-testing/,/disease-detection-and-monitoring-testing/,7,,,29,no,no,
2026-10-05,disease testing,phone,category,/infectious-disease-testing/,/tests/infectious-disease-testing/,7,7,,219,no,not checked,other page ranks
2026-10-05,disease testing,desktop,category,/infectious-disease-testing/,/tests/infectious-disease-testing/,7,,,219,no,not checked,
2026-10-05,dna testing,phone,category,/dna-testing/,/tests/dna-testing/,20,20,,857,no,not checked,other page ranks
2026-10-05,dna testing,desktop,category,/dna-testing/,/tests/dna-testing/,20,,,857,no,not checked,
2026-10-05,does compounded semaglutide work,phone,treatments,/treatments/does-compounded-semaglutide-work/,/treatments/compounded-semaglutide/,1,1,,358,yes,not checked,other page ranks
2026-10-05,does compounded semaglutide work,desktop,treatments,/treatments/does-compounded-semaglutide-work/,/treatments/compounded-semaglutide/,1,,,358,yes,not checked,
2026-10-05,does compounded tirzepatide work,phone,treatments,/treatments/does-compounded-tirzepatide-work/,/treatments/compounded-tirzepatide/,1,101,,366,yes,not checked,other page ranks
2026-10-05,does compounded tirzepatide work,desktop,treatments,/treatments/does-compounded-tirzepatide-work/,/treatments/compounded-tirzepatide/,1,,,366,yes,not checked,
2026-10-05,dog dander allergy test,phone,not-ranking-yet,/tests/dog-dander-allergy-test/,/tests/dog-dander-allergy-test/,23,14,,12,no,yes,
2026-10-05,dog dander allergy test,desktop,not-ranking-yet,/tests/dog-dander-allergy-test/,/tests/dog-dander-allergy-test/,33,,,12,no,yes,
2026-10-05,doxycycline for sti prevention,phone,treatments,/treatments/doxypep/,,,101,,0,no,not checked,
2026-10-05,doxycycline for sti prevention,desktop,treatments,/treatments/doxypep/,,,,,0,no,not checked,
2026-10-05,doxypep,phone,treatments,/treatments/doxypep/,,,101,,0,no,not checked,
2026-10-05,doxypep,desktop,treatments,/treatments/doxypep/,,,,,0,no,not checked,
2026-10-05,drug and alcohol test,phone,category,/drug-testing/,/tests/10-panel-drug-testing/,32,32,,266,no,not checked,other page ranks
2026-10-05,drug and alcohol test,desktop,category,/drug-testing/,/tests/10-panel-drug-testing/,20,,,266,no,not checked,
2026-10-05,drug test,phone,next-in-line,/tests/urine-drug-test/,/tests/urine-drug-test/,20,1,,15429,no,no,buy button
2026-10-05,drug test,desktop,next-in-line,/tests/urine-drug-test/,/tests/urine-drug-test/,30,,,15429,no,not checked,
2026-10-05,dsdna,phone,next-in-line,/tests/anti-dsdna/,/tests/anti-dsdna/,1,1,,2045,yes,yes,buy button
2026-10-05,dsdna,desktop,next-in-line,/tests/anti-dsdna/,/tests/anti-dsdna/,1,,,2045,yes,yes,
2026-10-05,dsdna antibody,phone,next-in-line,/tests/anti-dsdna/,/tests/anti-dsdna/,1,1,,1294,yes,yes,
2026-10-05,dsdna antibody,desktop,next-in-line,/tests/anti-dsdna/,/tests/anti-dsdna/,1,,,1294,yes,yes,
2026-10-05,ebv ab vca igg,phone,next-in-line,/tests/epstein-barr-virus-ebv-antibody-tests/,/tests/epstein-barr-virus-ebv-antibody-tests/,3,3,,1262,no,not checked,
2026-10-05,ebv ab vca igg,desktop,next-in-line,/tests/epstein-barr-virus-ebv-antibody-tests/,/tests/epstein-barr-virus-ebv-antibody-tests/,5,,,1262,no,not checked,
2026-10-05,ebv vca igg,phone,next-in-line,/tests/epstein-barr-virus-ebv-antibody-tests/,/tests/epstein-barr-virus-ebv-antibody-tests/,15,13,,950,no,not checked,
2026-10-05,ebv vca igg,desktop,next-in-line,/tests/epstein-barr-virus-ebv-antibody-tests/,/tests/epstein-barr-virus-ebv-antibody-tests/,14,,,950,no,not checked,
2026-10-05,egfr,phone,next-in-line,/tests/estimated-glomerular-filtration-rate-egfr/,/tests/estimated-glomerular-filtration-rate-egfr/,36,38,,90,no,not checked,
2026-10-05,egfr,desktop,next-in-line,/tests/estimated-glomerular-filtration-rate-egfr/,/tests/estimated-glomerular-filtration-rate-egfr/,36,,,90,no,not checked,
2026-10-05,egfr blood test,phone,next-in-line,/tests/estimated-glomerular-filtration-rate-egfr/,/tests/estimated-glomerular-filtration-rate-egfr/,15,17,,254,no,not checked,
2026-10-05,egfr blood test,desktop,next-in-line,/tests/estimated-glomerular-filtration-rate-egfr/,/tests/estimated-glomerular-filtration-rate-egfr/,17,,,254,no,not checked,
2026-10-05,egg white allergy blood test,phone,not-ranking-yet,/tests/egg-white-allergy-test/,/tests/allergy-blood-testing/,58,7,,14,no,not checked,other page ranks
2026-10-05,egg white allergy blood test,desktop,not-ranking-yet,/tests/egg-white-allergy-test/,/tests/egg-white-allergy-test/,6,,,14,no,not checked,
2026-10-05,egg white allergy test,phone,not-ranking-yet,/tests/egg-white-allergy-test/,/tests/egg-white-allergy-test/,10,9,,5,no,not checked,
2026-10-05,egg white allergy test,desktop,not-ranking-yet,/tests/egg-white-allergy-test/,/tests/egg-white-allergy-test/,9,,,5,no,not checked,
2026-10-05,electrolyte panel,phone,selling-test-page,/tests/electrolytes-and-anion-gap/,/tests/electrolytes-and-anion-gap/,1,1,,630,yes,yes,
2026-10-05,electrolyte panel,desktop,selling-test-page,/tests/electrolytes-and-anion-gap/,/tests/electrolytes-and-anion-gap/,1,,,630,yes,yes,
2026-10-05,electrolytes blood test,phone,selling-test-page,/tests/electrolytes-and-anion-gap/,/tests/electrolytes-and-anion-gap/,1,1,,271,yes,yes,
2026-10-05,electrolytes blood test,desktop,selling-test-page,/tests/electrolytes-and-anion-gap/,/tests/electrolytes-and-anion-gap/,1,,,271,yes,yes,
2026-10-05,electrolytes test,phone,kept,/tests/electrolytes-and-anion-gap/,/tests/electrolytes-and-anion-gap/,1,1,,60,yes,yes,
2026-10-05,electrolytes test,desktop,kept,/tests/electrolytes-and-anion-gap/,/tests/electrolytes-and-anion-gap/,1,,,60,yes,yes,
2026-10-05,erythrocyte sedimentation rate,phone,kept,/tests/erythrocyte-sedimentation-rate-esr/,,,101,,17,no,not checked,
2026-10-05,erythrocyte sedimentation rate,desktop,kept,/tests/erythrocyte-sedimentation-rate-esr/,,,,,17,no,not checked,
2026-10-05,erythropoietin,phone,next-in-line,/tests/erythropoietin/,/tests/erythropoietin/,24,16,,2970,no,not checked,
2026-10-05,erythropoietin,desktop,next-in-line,/tests/erythropoietin/,/tests/erythropoietin/,17,,,2970,no,not checked,
2026-10-05,erythropoietin blood test,phone,next-in-line,/tests/erythropoietin/,/tests/erythropoietin/,1,9,,1130,yes,yes,refresh
2026-10-05,erythropoietin blood test,desktop,next-in-line,/tests/erythropoietin/,/tests/erythropoietin/,1,,,1130,yes,yes,
2026-10-05,esr,phone,selling-test-page,/tests/erythrocyte-sedimentation-rate-esr/,/tests/erythrocyte-sedimentation-rate-esr/,1,1,,33326,yes,not checked,
2026-10-05,esr,desktop,selling-test-page,/tests/erythrocyte-sedimentation-rate-esr/,/tests/erythrocyte-sedimentation-rate-esr/,1,,,33326,yes,no,
2026-10-05,esr blood test,phone,selling-test-page,/tests/erythrocyte-sedimentation-rate-esr/,/tests/erythrocyte-sedimentation-rate-esr/,12,44,,164,no,not checked,
2026-10-05,esr blood test,desktop,selling-test-page,/tests/erythrocyte-sedimentation-rate-esr/,/tests/erythrocyte-sedimentation-rate-esr/,57,,,164,no,not checked,
2026-10-05,esr test,phone,selling-test-page,/tests/erythrocyte-sedimentation-rate-esr/,/tests/erythrocyte-sedimentation-rate-esr/,44,44,,27,no,not checked,
2026-10-05,esr test,desktop,selling-test-page,/tests/erythrocyte-sedimentation-rate-esr/,/tests/erythrocyte-sedimentation-rate-esr/,36,,,27,no,not checked,
2026-10-05,essential health check,phone,selling-test-page,/tests/essential-health-panel/,/tests/essential-health-panel/,6,5,,42,no,not checked,
2026-10-05,essential health check,desktop,selling-test-page,/tests/essential-health-panel/,/tests/essential-health-panel/,3,,,42,no,no,
2026-10-05,estradiol blood test,phone,selling-test-page,/tests/estradiol-test/,/tests/estradiol-test/,1,1,,2912,yes,yes,
2026-10-05,estradiol blood test,desktop,selling-test-page,/tests/estradiol-test/,/tests/estradiol-test/,1,,,2912,yes,yes,
2026-10-05,estradiol lab test,phone,selling-test-page,/tests/estradiol-test/,/tests/estradiol-test/,1,1,,297,yes,yes,
2026-10-05,estradiol lab test,desktop,selling-test-page,/tests/estradiol-test/,/tests/estradiol-test/,1,,,297,yes,yes,
2026-10-05,estradiol test,phone,selling-test-page,/tests/estradiol-test/,/tests/estradiol-test/,1,1,,1752,yes,yes,
2026-10-05,estradiol test,desktop,selling-test-page,/tests/estradiol-test/,/tests/estradiol-test/,1,,,1752,yes,yes,
2026-10-05,estradiol ultrasensitive,phone,selling-test-page,/tests/estradiol-test-ultrasensitive-test/,/tests/estradiol-test-ultrasensitive-test/,1,1,,141,yes,yes,
2026-10-05,estradiol ultrasensitive,desktop,selling-test-page,/tests/estradiol-test-ultrasensitive-test/,/tests/estradiol-test/,18,,,141,no,yes,
2026-10-05,estradiol ultrasensitive lc/ms,phone,selling-test-page,/tests/estradiol-test-ultrasensitive-test/,/tests/estradiol-test-ultrasensitive-test/,1,1,,198,yes,yes,
2026-10-05,estradiol ultrasensitive lc/ms,desktop,selling-test-page,/tests/estradiol-test-ultrasensitive-test/,/tests/estradiol-test-ultrasensitive-test/,1,,,198,yes,yes,
2026-10-05,estradiol ultrasensitive test,phone,selling-test-page,/tests/estradiol-test-ultrasensitive-test/,/tests/estradiol-test-ultrasensitive-test/,1,1,,114,yes,yes,
2026-10-05,estradiol ultrasensitive test,desktop,selling-test-page,/tests/estradiol-test-ultrasensitive-test/,/tests/estradiol-test/,1,,,114,yes,yes,
2026-10-05,estrogen blood test,phone,selling-test-page,/tests/estrogen/,/tests/estradiol-test/,1,1,,434,yes,not checked,other page ranks
2026-10-05,estrogen blood test,desktop,selling-test-page,/tests/estrogen/,/tests/estradiol-test/,1,,,434,yes,yes,
2026-10-05,estrogen test,phone,selling-test-page,/tests/estrogen/,/tests/estrogen/,1,1,,602,yes,yes,
2026-10-05,estrogen test,desktop,selling-test-page,/tests/estrogen/,/tests/estradiol-test/,1,,,602,yes,yes,
2026-10-05,estrogen testing,phone,selling-test-page,/tests/estrogen/,/tests/estrogen/,1,1,,106,yes,yes,
2026-10-05,estrogen testing,desktop,selling-test-page,/tests/estrogen/,/tests/estradiol-test/,1,,,106,yes,yes,
2026-10-05,estrogens total,phone,kept,/tests/estrogen/,/tests/estrogen/,1,1,,30,yes,yes,
2026-10-05,estrogens total,desktop,kept,/tests/estrogen/,/tests/estrogen/,1,,,30,yes,yes,
2026-10-05,estrone test,phone,kept,/tests/estrone-test/,/tests/estrone-test/,1,1,,45,yes,yes,
2026-10-05,estrone test,desktop,kept,/tests/estrone-test/,/tests/estrone-test/,1,,,45,yes,yes,
2026-10-05,fasting insulin,phone,selling-test-page,/tests/fasting-insulin-test/,/tests/fasting-insulin-test/,1,1,,2569,yes,yes,
2026-10-05,fasting insulin,desktop,selling-test-page,/tests/fasting-insulin-test/,/tests/fasting-insulin-test/,1,,,2569,yes,yes,
2026-10-05,fasting insulin test,phone,selling-test-page,/tests/fasting-insulin-test/,/tests/fasting-insulin-test/,1,1,,5523,yes,yes,
2026-10-05,fasting insulin test,desktop,selling-test-page,/tests/fasting-insulin-test/,/tests/fasting-insulin-test/,1,,,5523,yes,yes,
2026-10-05,fecal elastase,phone,next-in-line,/tests/stool-elastase/,/tests/stool-elastase/,10,10,,1598,no,no,refresh
2026-10-05,fecal elastase,desktop,next-in-line,/tests/stool-elastase/,/tests/stool-elastase/,10,,,1598,no,not checked,
2026-10-05,fecal lactoferrin,phone,next-in-line,/tests/lactoferrin/,/tests/lactoferrin/,1,1,,1250,yes,yes,
2026-10-05,fecal lactoferrin,desktop,next-in-line,/tests/lactoferrin/,/tests/lactoferrin/,1,,,1250,yes,yes,
2026-10-05,female hormone panel,phone,not-ranking-yet,/tests/standard-female-hormone-test/,/tests/female-hormone-panel/,1,1,,361,yes,yes,other page ranks
2026-10-05,female hormone panel,desktop,not-ranking-yet,/tests/standard-female-hormone-test/,/tests/female-hormone-panel/,1,,,361,yes,no,
2026-10-05,female hormone panel blood test,phone,not-ranking-yet,/tests/standard-female-hormone-test/,/tests/female-hormone-panel/,1,1,,415,yes,yes,other page ranks
2026-10-05,female hormone panel blood test,desktop,not-ranking-yet,/tests/standard-female-hormone-test/,/tests/female-hormone-panel/,1,,,415,yes,yes,
2026-10-05,female hormone panel test,phone,not-ranking-yet,/tests/standard-female-hormone-test/,/tests/female-hormone-panel/,1,1,,30,yes,yes,other page ranks
2026-10-05,female hormone panel test,desktop,not-ranking-yet,/tests/standard-female-hormone-test/,/tests/female-hormone-panel/,1,,,30,yes,yes,
2026-10-05,female hormone test list,phone,next-in-line,/tests/female-hormone-panel/,/tests/female-hormone-panel/,6,6,,923,no,yes,
2026-10-05,female hormone test list,desktop,next-in-line,/tests/female-hormone-panel/,/tests/female-hormone-panel/,23,,,923,no,yes,
2026-10-05,ferritin,phone,selling-test-page,/tests/ferritin/,/tests/ferritin/,16,16,,399,no,not checked,
2026-10-05,ferritin,desktop,selling-test-page,/tests/ferritin/,/tests/ferritin/,54,,,399,no,not checked,
2026-10-05,ferritin blood test,phone,selling-test-page,/tests/ferritin/,/tests/ferritin/,19,1,,1978,no,yes,
2026-10-05,ferritin blood test,desktop,selling-test-page,/tests/ferritin/,/tests/ferritin/,1,,,1978,yes,yes,
2026-10-05,ferritin test,phone,selling-test-page,/tests/ferritin/,/tests/ferritin/,1,1,,1437,yes,yes,
2026-10-05,ferritin test,desktop,selling-test-page,/tests/ferritin/,/tests/ferritin/,1,,,1437,yes,yes,
2026-10-05,fert test,phone,category,/fertility-testing/,,,39,,521,no,not checked,
2026-10-05,fert test,desktop,category,/fertility-testing/,/tests/fertility-testing/,57,,,521,no,not checked,
2026-10-05,fertility testing,phone,category,/fertility-testing/,/tests/fertility-testing/,83,79,,2090,no,not checked,other page ranks
2026-10-05,fertility testing,desktop,category,/fertility-testing/,/tests/fertility-testing/,104,,,2090,no,not checked,
2026-10-05,fibrinogen blood test,phone,next-in-line,/tests/fibrinogen/,/tests/fibrinogen/,1,1,,1091,yes,yes,
2026-10-05,fibrinogen blood test,desktop,next-in-line,/tests/fibrinogen/,/tests/fibrinogen/,1,,,1091,yes,yes,
2026-10-05,fibrinogen test,phone,next-in-line,/tests/fibrinogen/,/tests/fibrinogen/,1,4,,533,yes,not checked,
2026-10-05,fibrinogen test,desktop,next-in-line,/tests/fibrinogen/,/tests/fibrinogen/,6,,,533,no,not checked,
2026-10-05,flu testing,phone,category,/influenza-testing/,/tests/at-home-influenza-test/,28,29,,1263,no,not checked,other page ranks
2026-10-05,flu testing,desktop,category,/influenza-testing/,/tests/at-home-influenza-test/,36,,,1263,no,not checked,
2026-10-05,fobt,phone,next-in-line,/tests/fecal-occult-blood-test/,/tests/fecal-occult-blood-test/,24,11,,2028,no,yes,refresh
2026-10-05,fobt,desktop,next-in-line,/tests/fecal-occult-blood-test/,/tests/fecal-occult-blood-test/,10,,,2028,no,yes,
2026-10-05,fobt test,phone,next-in-line,/tests/fecal-occult-blood-test/,/tests/fecal-occult-blood-test/,1,23,,1413,yes,yes,
2026-10-05,fobt test,desktop,next-in-line,/tests/fecal-occult-blood-test/,/tests/fecal-occult-blood-test/,1,,,1413,yes,yes,
2026-10-05,folate blood test,phone,selling-test-page,/tests/folate-test/,/tests/folate-test/,1,1,,1198,yes,yes,
2026-10-05,folate blood test,desktop,selling-test-page,/tests/folate-test/,/tests/folate-test/,1,,,1198,yes,no,
2026-10-05,folate lab test,phone,selling-test-page,/tests/folate-test/,/tests/folate-test/,1,1,,1945,yes,yes,
2026-10-05,folate lab test,desktop,selling-test-page,/tests/folate-test/,/tests/folate-test/,1,,,1945,yes,yes,
2026-10-05,follicle stimulating hormone,phone,kept,/tests/follicle-stimulating-hormone-fsh/,/tests/follicle-stimulating-hormone-fsh/,24,101,,52,no,not checked,
2026-10-05,follicle stimulating hormone,desktop,kept,/tests/follicle-stimulating-hormone-fsh/,,,,,52,no,not checked,
2026-10-05,follicle stimulating hormone test,phone,kept,/tests/follicle-stimulating-hormone-fsh/,/tests/follicle-stimulating-hormone-fsh/,1,1,,373,yes,yes,
2026-10-05,follicle stimulating hormone test,desktop,kept,/tests/follicle-stimulating-hormone-fsh/,/tests/follicle-stimulating-hormone-fsh/,1,,,373,yes,not checked,
2026-10-05,food allergy blood test,phone,kept,/tests/food-allergy-testing/,/tests/food-sensitivity-testing/,1,1,,840,yes,no,other page ranks
2026-10-05,food allergy blood test,desktop,kept,/tests/food-allergy-testing/,/tests/food-sensitivity-testing/,1,,,840,yes,not checked,
2026-10-05,food allergy test,phone,selling-test-page,/tests/food-allergy-testing/,/tests/food-sensitivity-testing/,1,1,,1705,yes,yes,other page ranks
2026-10-05,food allergy test,desktop,selling-test-page,/tests/food-allergy-testing/,/tests/food-sensitivity-testing/,1,,,1705,yes,yes,
2026-10-05,food allergy testing,phone,selling-test-page,/tests/food-allergy-testing/,/tests/food-sensitivity-testing/,1,1,,1154,yes,not checked,other page ranks
2026-10-05,food allergy testing,desktop,selling-test-page,/tests/food-allergy-testing/,/tests/food-sensitivity-testing/,1,,,1154,yes,yes,
2026-10-05,food intolerance test,phone,category,/food-sensitivity-testing/,,,1,,1272,no,yes,
2026-10-05,food intolerance test,desktop,category,/food-sensitivity-testing/,/tests/food-sensitivity-testing/,1,,,1272,yes,yes,
2026-10-05,food sensitivities test,phone,selling-test-page,/tests/food-sensitivity-testing/,/tests/food-sensitivity-testing/,1,30,,1621,yes,not checked,
2026-10-05,food sensitivities test,desktop,selling-test-page,/tests/food-sensitivity-testing/,/tests/food-sensitivity-testing/,1,,,1621,yes,not checked,
2026-10-05,food sensitivity test,phone,category,/food-sensitivity-testing/,/tests/food-sensitivity-testing/,1,39,,2376,yes,not checked,other page ranks
2026-10-05,food sensitivity test,desktop,category,/food-sensitivity-testing/,/tests/food-sensitivity-testing/,1,,,2376,yes,not checked,
2026-10-05,food sensitivity testing,phone,selling-test-page,/tests/food-sensitivity-testing/,/tests/food-sensitivity-testing/,1,101,,293,yes,not checked,
2026-10-05,food sensitivity testing,desktop,selling-test-page,/tests/food-sensitivity-testing/,/tests/food-sensitivity-testing/,1,,,293,yes,not checked,
2026-10-05,free psa,phone,selling-test-page,/tests/psa-free-to-total-ratio-test/,/tests/psa-free-to-total-ratio-test/,1,1,,535,yes,no,
2026-10-05,free psa,desktop,selling-test-page,/tests/psa-free-to-total-ratio-test/,,,,,535,no,no,
2026-10-05,free psa test,phone,selling-test-page,/tests/psa-free-to-total-ratio-test/,/tests/psa-free-to-total-ratio-test/,17,1,,877,no,yes,
2026-10-05,free psa test,desktop,selling-test-page,/tests/psa-free-to-total-ratio-test/,/tests/psa-free-to-total-ratio-test/,30,,,877,no,yes,
2026-10-05,free t,phone,selling-test-page,/tests/testosterone-test-free-and-total-test/,/tests/testosterone-test-free-and-total-test/,41,40,,3,no,not checked,
2026-10-05,free t,desktop,selling-test-page,/tests/testosterone-test-free-and-total-test/,,,,,3,no,not checked,
2026-10-05,free t3 blood test,phone,selling-test-page,/tests/free-t3-test/,/tests/t3-test/,1,1,,310,yes,not checked,other page ranks
2026-10-05,free t3 blood test,desktop,selling-test-page,/tests/free-t3-test/,/tests/t3-test/,10,,,310,no,not checked,
2026-10-05,free t3 test,phone,selling-test-page,/tests/free-t3-test/,/tests/t3-test/,1,1,,57,yes,not checked,other page ranks
2026-10-05,free t3 test,desktop,selling-test-page,/tests/free-t3-test/,/tests/t3-test/,1,,,57,yes,not checked,
2026-10-05,free t4 blood test,desktop,leaving,/tests/t4-test/,/tests/t4-test/,1,,,4841,yes,yes,
2026-10-05,free t4 test,phone,kept,/tests/free-t4-test/,/tests/free-t4-test/,1,1,,464,yes,yes,
2026-10-05,free t4 test,desktop,kept,/tests/free-t4-test/,/tests/free-t4-test/,1,,,464,yes,yes,
2026-10-05,free testosterone blood test,phone,not-ranking-yet,/tests/free-testosterone-test/,/tests/free-testosterone-test/,1,1,,29,yes,not checked,
2026-10-05,free testosterone blood test,desktop,not-ranking-yet,/tests/free-testosterone-test/,/tests/free-testosterone-test/,1,,,29,yes,not checked,
2026-10-05,free testosterone lab test,phone,not-ranking-yet,/tests/free-testosterone-test/,/tests/free-testosterone-test/,1,1,,11,yes,not checked,
2026-10-05,free testosterone lab test,desktop,not-ranking-yet,/tests/free-testosterone-test/,/tests/free-testosterone-test/,1,,,11,yes,not checked,
2026-10-05,free testosterone test,phone,kept,/tests/testosterone-test-free-and-total-test/,/tests/testosterone-test-free-and-total-test/,28,1,,287,no,yes,
2026-10-05,free testosterone test,desktop,kept,/tests/testosterone-test-free-and-total-test/,/tests/free-testosterone-test/,1,,,287,yes,yes,
2026-10-05,free thyroxine t4 test,phone,selling-test-page,/tests/t4-test/,/tests/free-t4-test/,1,1,,3789,yes,yes,other page ranks
2026-10-05,free thyroxine t4 test,desktop,selling-test-page,/tests/t4-test/,/tests/free-t4-test/,1,,,3789,yes,no,
2026-10-05,free vs total testosterone,desktop,leaving,/tests/testosterone-test-free-and-total-test/,/tests/testosterone-test-free-and-total-test/,26,,,48,no,not checked,
2026-10-05,fructosamine,phone,next-in-line,/tests/fructosamine/,/tests/fructosamine/,1,1,,6941,yes,yes,buy button
2026-10-05,fructosamine,desktop,next-in-line,/tests/fructosamine/,/tests/fructosamine/,1,,,6941,yes,yes,
2026-10-05,fructosamine test,phone,next-in-line,/tests/fructosamine/,/tests/fructosamine/,1,1,,2967,yes,yes,buy button
2026-10-05,fructosamine test,desktop,next-in-line,/tests/fructosamine/,/tests/fructosamine/,1,,,2967,yes,yes,
2026-10-05,fsh and lh,phone,selling-test-page,/tests/fsh-lh-test/,/tests/fsh-lh-test/,20,26,,154,no,not checked,
2026-10-05,fsh and lh,desktop,selling-test-page,/tests/fsh-lh-test/,/tests/fsh-lh-test/,40,,,154,no,not checked,
2026-10-05,fsh and lh blood test,phone,selling-test-page,/tests/fsh-lh-test/,/tests/follicle-stimulating-hormone-fsh/,1,1,,518,yes,yes,other page ranks
2026-10-05,fsh and lh blood test,desktop,selling-test-page,/tests/fsh-lh-test/,/tests/follicle-stimulating-hormone-fsh/,1,,,518,yes,yes,
2026-10-05,fsh and lh test,phone,selling-test-page,/tests/fsh-lh-test/,/tests/follicle-stimulating-hormone-fsh/,1,1,,224,yes,yes,other page ranks
2026-10-05,fsh and lh test,desktop,selling-test-page,/tests/fsh-lh-test/,/tests/follicle-stimulating-hormone-fsh/,1,,,224,yes,yes,
2026-10-05,fsh blood test,phone,selling-test-page,/tests/follicle-stimulating-hormone-fsh/,/tests/follicle-stimulating-hormone-fsh/,1,1,,3678,yes,yes,
2026-10-05,fsh blood test,desktop,selling-test-page,/tests/follicle-stimulating-hormone-fsh/,/tests/follicle-stimulating-hormone-fsh/,1,,,3678,yes,yes,
2026-10-05,fsh lh test,desktop,leaving,/tests/fsh-lh-test/,/tests/follicle-stimulating-hormone-fsh/,1,,,76,yes,yes,
2026-10-05,fsh test,phone,selling-test-page,/tests/follicle-stimulating-hormone-fsh/,/tests/follicle-stimulating-hormone-fsh/,1,1,,973,yes,yes,
2026-10-05,fsh test,desktop,selling-test-page,/tests/follicle-stimulating-hormone-fsh/,/tests/follicle-stimulating-hormone-fsh/,1,,,973,yes,yes,
2026-10-05,fsh testing,phone,selling-test-page,/tests/follicle-stimulating-hormone-fsh/,/tests/follicle-stimulating-hormone-fsh/,1,1,,4422,yes,yes,
2026-10-05,fsh testing,desktop,selling-test-page,/tests/follicle-stimulating-hormone-fsh/,/tests/fsh-lh-test/,43,,,4422,no,yes,
2026-10-05,full panel std test,phone,std-pages,/std-testing/,/std-testing/standard-std-panel/,6,8,,9039,no,not checked,refresh; other page ranks
2026-10-05,full panel std test,desktop,std-pages,/std-testing/,/std-testing/denver-co/,1,,,9039,yes,not checked,
2026-10-05,full panel std test includes,phone,std-pages,/std-testing/full-std-panel/,/std-testing/full-std-panel/,1,1,,148,yes,yes,
2026-10-05,full panel std test includes,desktop,std-pages,/std-testing/full-std-panel/,/std-testing/full-std-panel/,1,,,148,yes,yes,
2026-10-05,full panel thyroid test,phone,selling-test-page,/tests/comprehensive-thyroid-panel/,/tests/comprehensive-thyroid-panel/,1,1,,101,yes,yes,
2026-10-05,full panel thyroid test,desktop,selling-test-page,/tests/comprehensive-thyroid-panel/,/tests/comprehensive-thyroid-panel/,1,,,101,yes,yes,
2026-10-05,full std panel,phone,std-pages,/std-testing/full-std-panel/,/std-testing/standard-std-panel/,3,2,,814,no,not checked,other page ranks
2026-10-05,full std panel,desktop,std-pages,/std-testing/full-std-panel/,/std-testing/standard-std-panel/,2,,,814,no,yes,
2026-10-05,full std panel includes,phone,std-pages,/std-testing/full-std-panel/,/std-testing/full-std-panel/,1,1,,111,yes,yes,
2026-10-05,full std panel includes,desktop,std-pages,/std-testing/full-std-panel/,/std-testing/full-std-panel/,1,,,111,yes,yes,
2026-10-05,full sti panel,phone,std-pages,/std-testing/full-std-panel/,/std-testing/standard-std-panel/,3,2,,296,no,not checked,other page ranks
2026-10-05,full sti panel,desktop,std-pages,/std-testing/full-std-panel/,/std-testing/standard-std-panel/,2,,,296,no,not checked,
2026-10-05,full sti panel includes,phone,std-pages,/std-testing/full-std-panel/,/std-testing/full-std-panel/,1,1,,76,yes,yes,
2026-10-05,full sti panel includes,desktop,std-pages,/std-testing/full-std-panel/,/std-testing/full-std-panel/,1,,,76,yes,yes,
2026-10-05,full thyroid panel,phone,selling-test-page,/tests/full-thyroid-panel/,/tests/comprehensive-thyroid-panel/,1,1,,1270,yes,yes,other page ranks
2026-10-05,full thyroid panel,desktop,selling-test-page,/tests/full-thyroid-panel/,/tests/comprehensive-thyroid-panel/,1,,,1270,yes,yes,
2026-10-05,full thyroid panel includes,phone,selling-test-page,/tests/full-thyroid-panel/,/tests/comprehensive-thyroid-panel/,1,1,,1721,yes,yes,other page ranks
2026-10-05,full thyroid panel includes,desktop,selling-test-page,/tests/full-thyroid-panel/,/tests/comprehensive-thyroid-panel/,1,,,1721,yes,yes,
2026-10-05,full women's hormone panel,phone,not-ranking-yet,/tests/expanded-female-hormone-panel/,/tests/female-hormone-panel/,1,1,,22,yes,yes,other page ranks
2026-10-05,full women's hormone panel,desktop,not-ranking-yet,/tests/expanded-female-hormone-panel/,/tests/female-hormone-panel/,1,,,22,yes,yes,
2026-10-05,g6pd blood test,phone,selling-test-page,/tests/g6pd/,/tests/g6pd/,1,1,,170,yes,yes,
2026-10-05,g6pd blood test,desktop,selling-test-page,/tests/g6pd/,/tests/g6pd/,1,,,170,yes,yes,
2026-10-05,g6pd deficiency test,phone,selling-test-page,/tests/g6pd/,/tests/g6pd/,14,15,,55,no,yes,
2026-10-05,g6pd deficiency test,desktop,selling-test-page,/tests/g6pd/,/tests/g6pd/,22,,,55,no,yes,
2026-10-05,g6pd test,phone,selling-test-page,/tests/g6pd/,/tests/g6pd/,1,1,,669,yes,yes,
2026-10-05,g6pd test,desktop,selling-test-page,/tests/g6pd/,/tests/g6pd/,1,,,669,yes,yes,
2026-10-05,gamma glutamyl transferase,phone,selling-test-page,/tests/gamma-glutamyl-transferase-ggt/,/tests/gamma-glutamyl-transferase-ggt/,23,23,,109,no,not checked,
2026-10-05,gamma glutamyl transferase,desktop,selling-test-page,/tests/gamma-glutamyl-transferase-ggt/,/tests/gamma-glutamyl-transferase-ggt/,37,,,109,no,not checked,
2026-10-05,gamma gt,phone,kept,/tests/gamma-glutamyl-transferase-ggt/,/tests/gamma-glutamyl-transferase-ggt/,1,1,,467,yes,not checked,
2026-10-05,gamma gt,desktop,kept,/tests/gamma-glutamyl-transferase-ggt/,/tests/gamma-glutamyl-transferase-ggt/,18,,,467,no,not checked,
2026-10-05,gdh antigen,phone,next-in-line,/tests/clostridium-difficile-and-c-diff-toxin-test/,/tests/clostridium-difficile-and-c-diff-toxin-test/,32,32,,30,no,not checked,
2026-10-05,gdh antigen,desktop,next-in-line,/tests/clostridium-difficile-and-c-diff-toxin-test/,,,,,30,no,not checked,
2026-10-05,gelatin allergy test,phone,not-ranking-yet,/tests/gelatin-allergy-test/,/tests/gelatin-allergy-test/,1,1,,4,yes,yes,
2026-10-05,gelatin allergy test,desktop,not-ranking-yet,/tests/gelatin-allergy-test/,/tests/gelatin-allergy-test/,1,,,4,yes,no,
2026-10-05,gen force test,phone,category,/infectious-disease-genetic-testing/,/infectious-disease-genetic-testing/,37,31,,8,no,not checked,
2026-10-05,gen force test,desktop,category,/infectious-disease-genetic-testing/,,,,,8,no,not checked,
2026-10-05,genetic testing,phone,category,/dna-testing/,/tests/dna-testing/,26,49,,4431,no,not checked,other page ranks
2026-10-05,genetic testing,desktop,category,/dna-testing/,/tests/dna-testing/,39,,,4431,no,not checked,
2026-10-05,genital herpes medication,phone,treatments,/treatments/genital-herpes/,/treatments/genital-herpes/,1,101,,26,yes,not checked,
2026-10-05,genital herpes medication,desktop,treatments,/treatments/genital-herpes/,/treatments/genital-herpes/,1,,,26,yes,not checked,
2026-10-05,genital herpes test,phone,std-pages,/std-testing/hsv-2-test/,/std-testing/herpes-1-2-test/,1,1,,447,yes,not checked,other page ranks
2026-10-05,genital herpes test,desktop,std-pages,/std-testing/hsv-2-test/,/std-testing/hsv-2-test/,1,,,447,yes,not checked,
2026-10-05,genital herpes treatment,phone,treatments,/treatments/genital-herpes/,/treatments/genital-herpes/,26,27,,53,no,not checked,
2026-10-05,genital herpes treatment,desktop,treatments,/treatments/genital-herpes/,/treatments/genital-herpes/,43,,,53,no,not checked,
2026-10-05,gestational diabetes test,phone,next-in-line,/tests/glucose-tests-gestational-diabetes/,,,101,,74,no,not checked,
2026-10-05,gestational diabetes test,desktop,next-in-line,/tests/glucose-tests-gestational-diabetes/,/tests/glucose-tests-gestational-diabetes/,19,,,74,no,not checked,
2026-10-05,ggt blood test,phone,selling-test-page,/tests/gamma-glutamyl-transferase-ggt/,/tests/gamma-glutamyl-transferase-ggt/,36,23,,1017,no,not checked,
2026-10-05,ggt blood test,desktop,selling-test-page,/tests/gamma-glutamyl-transferase-ggt/,/tests/gamma-glutamyl-transferase-ggt/,35,,,1017,no,not checked,
2026-10-05,ggt lab,phone,selling-test-page,/tests/gamma-glutamyl-transferase-ggt/,/tests/gamma-glutamyl-transferase-ggt/,12,12,,1402,no,not checked,refresh
2026-10-05,ggt lab,desktop,selling-test-page,/tests/gamma-glutamyl-transferase-ggt/,/tests/gamma-glutamyl-transferase-ggt/,1,,,1402,yes,not checked,
2026-10-05,gi panel,phone,next-in-line,/tests/gastrointestinal-pathogens-panel/,/tests/gastrointestinal-pathogens-panel/,1,1,,593,yes,yes,
2026-10-05,gi panel,desktop,next-in-line,/tests/gastrointestinal-pathogens-panel/,/tests/gastrointestinal-pathogens-panel/,1,,,593,yes,yes,
2026-10-05,gi pathogen panel,phone,next-in-line,/tests/gastrointestinal-pathogens-panel/,/tests/gastrointestinal-pathogens-panel/,1,1,,405,yes,yes,
2026-10-05,gi pathogen panel,desktop,next-in-line,/tests/gastrointestinal-pathogens-panel/,/tests/gastrointestinal-pathogens-panel/,1,,,405,yes,yes,
2026-10-05,ginger allergy test,phone,not-ranking-yet,/tests/ginger-allergy-test/,/tests/ginger-allergy-test/,5,5,,10,no,not checked,
2026-10-05,ginger allergy test,desktop,not-ranking-yet,/tests/ginger-allergy-test/,/tests/ginger-allergy-test/,4,,,10,no,not checked,
2026-10-05,glp-1,phone,treatments,/treatments/glp-1-agonists/,,,101,,132,no,not checked,
2026-10-05,glp-1,desktop,treatments,/treatments/glp-1-agonists/,,,,,132,no,not checked,
2026-10-05,glp-1 compound tirzepatide,phone,treatments,/treatments/compounded-tirzepatide/,/treatments/compounded-tirzepatide/,1,101,,267,yes,no,
2026-10-05,glp-1 compound tirzepatide,desktop,treatments,/treatments/compounded-tirzepatide/,/treatments/compounded-tirzepatide/,1,,,267,yes,no,
2026-10-05,glucose test,phone,category,/glucose-testing/,/tests/glucose-tolerance-test/,82,78,,611,no,not checked,other page ranks
2026-10-05,glucose test,desktop,category,/glucose-testing/,/tests/glucose-tolerance-test/,94,,,611,no,not checked,
2026-10-05,glucose test pregnancy,phone,next-in-line,/tests/glucose-tests-gestational-diabetes/,/tests/glucose-tests-gestational-diabetes/,27,19,,464,no,not checked,
2026-10-05,glucose test pregnancy,desktop,next-in-line,/tests/glucose-tests-gestational-diabetes/,/tests/glucose-tests-gestational-diabetes/,17,,,464,no,no,
2026-10-05,glucose testing,phone,category,/glucose-testing/,/glucose-testing/,20,1,,550,no,not checked,
2026-10-05,glucose testing,desktop,category,/glucose-testing/,/glucose-testing/,1,,,550,yes,not checked,
2026-10-05,glucose tolerance test,phone,selling-test-page,/tests/glucose-tolerance-test/,,,59,,30,no,not checked,
2026-10-05,glucose tolerance test,desktop,selling-test-page,/tests/glucose-tolerance-test/,/tests/glucose-tolerance-test/,50,,,30,no,not checked,
2026-10-05,gluten allergy test,phone,selling-test-page,/tests/gluten-allergy-test/,/tests/gluten-allergy-test/,34,35,,633,no,not checked,
2026-10-05,gluten allergy test,desktop,selling-test-page,/tests/gluten-allergy-test/,/tests/gluten-allergy-test/,50,,,633,no,not checked,
2026-10-05,gluten sensitivity test,phone,selling-test-page,/tests/gluten-allergy-test/,,,101,,28,no,not checked,
2026-10-05,gluten sensitivity test,desktop,selling-test-page,/tests/gluten-allergy-test/,,,,,28,no,not checked,
2026-10-05,gonorrhea,phone,std-pages,/tests/gonorrhea-urine-test/,,,101,,19,no,not checked,
2026-10-05,gonorrhea,desktop,std-pages,/tests/gonorrhea-urine-test/,,,,,19,no,not checked,
2026-10-05,gonorrhea blood test,phone,std-pages,/std-testing/chlamydia-gonorrhea-test/,/std-testing/chlamydia-gonorrhea-test/,1,1,,210,yes,not checked,
2026-10-05,gonorrhea blood test,desktop,std-pages,/std-testing/chlamydia-gonorrhea-test/,/std-testing/chlamydia-gonorrhea-test/,1,,,210,yes,yes,
2026-10-05,gonorrhea shot,phone,treatments,/treatments/gonorrhea/,,,1,,25,no,not checked,
2026-10-05,gonorrhea shot,desktop,treatments,/treatments/gonorrhea/,,,,,25,no,not checked,
2026-10-05,gonorrhea test,phone,std-pages,/std-testing/chlamydia-gonorrhea-test/,/std-testing/chlamydia-gonorrhea-test/,1,1,,3076,yes,yes,
2026-10-05,gonorrhea test,desktop,std-pages,/std-testing/chlamydia-gonorrhea-test/,/std-testing/chlamydia-gonorrhea-test/,1,,,3076,yes,no,
2026-10-05,gonorrhea test for men,phone,std-pages,/tests/gonorrhea-urine-test/,/tests/gonorrhea-test/,1,1,,190,yes,yes,other page ranks
2026-10-05,gonorrhea test for men,desktop,std-pages,/tests/gonorrhea-urine-test/,/tests/gonorrhea-test/,1,,,190,yes,yes,
2026-10-05,gonorrhea testing,phone,std-pages,/std-testing/chlamydia-gonorrhea-test/,/tests/gonorrhea-test/,1,1,,1690,yes,yes,other page ranks
2026-10-05,gonorrhea testing,desktop,std-pages,/std-testing/chlamydia-gonorrhea-test/,/tests/gonorrhea-test/,1,,,1690,yes,yes,
2026-10-05,gonorrhea urine test,phone,std-pages,/tests/gonorrhea-urine-test/,/std-testing/chlamydia-gonorrhea-test/,1,1,,151,yes,yes,other page ranks
2026-10-05,gonorrhea urine test,desktop,std-pages,/tests/gonorrhea-urine-test/,/std-testing/chlamydia-gonorrhea-test/,1,,,151,yes,yes,
2026-10-05,grape allergy test,phone,not-ranking-yet,/tests/grape-allergy-test/,/tests/grape-allergy-test/,4,4,,21,no,not checked,
2026-10-05,grape allergy test,desktop,not-ranking-yet,/tests/grape-allergy-test/,/tests/grape-allergy-test/,4,,,21,no,not checked,
2026-10-05,grapefruit allergy,phone,selling-test-page,/tests/grapefruit-allergy-test/,/tests/grapefruit-allergy-test/,1,1,,107,yes,yes,
2026-10-05,grapefruit allergy,desktop,selling-test-page,/tests/grapefruit-allergy-test/,/tests/grapefruit-allergy-test/,1,,,107,yes,yes,
2026-10-05,graves disease labs,phone,category,/graves-disease-testing/,/graves-disease-testing/,1,1,,385,yes,not checked,
2026-10-05,graves disease labs,desktop,category,/graves-disease-testing/,/graves-disease-testing/,8,,,385,no,not checked,
2026-10-05,graves disease test,phone,category,/graves-disease-testing/,/graves-disease-testing/,1,1,,242,yes,not checked,
2026-10-05,graves disease test,desktop,category,/graves-disease-testing/,/graves-disease-testing/,10,,,242,no,not checked,
2026-10-05,growth hormone test,phone,selling-test-page,/tests/growth-hormone/,/tests/growth-hormone/,1,1,,110,yes,yes,
2026-10-05,growth hormone test,desktop,selling-test-page,/tests/growth-hormone/,/tests/growth-hormone/,1,,,110,yes,yes,
2026-10-05,hair follicle drug test,phone,next-in-line,/tests/hair-follicle-drug-test/,/tests/hair-follicle-drug-test/,1,1,,9616,yes,yes,buy button
2026-10-05,hair follicle drug test,desktop,next-in-line,/tests/hair-follicle-drug-test/,/tests/hair-follicle-drug-test/,1,,,9616,yes,yes,
2026-10-05,haptoglobin,phone,next-in-line,/tests/haptoglobin/,/tests/haptoglobin/,1,1,,16611,yes,yes,buy button
2026-10-05,haptoglobin,desktop,next-in-line,/tests/haptoglobin/,/tests/haptoglobin/,1,,,16611,yes,yes,
2026-10-05,haptoglobin blood test,phone,next-in-line,/tests/haptoglobin/,/tests/haptoglobin/,19,1,,1148,no,yes,
2026-10-05,haptoglobin blood test,desktop,next-in-line,/tests/haptoglobin/,/tests/haptoglobin/,1,,,1148,yes,yes,
2026-10-05,hashimoto disease,phone,selling-test-page,/tests/thyroid-panel/,,,101,,2,no,not checked,
2026-10-05,hashimoto disease,desktop,selling-test-page,/tests/thyroid-panel/,,,,,2,no,not checked,
2026-10-05,hav igm,phone,selling-test-page,/tests/hepatitis-a-antibody-test-igm-test/,/tests/hepatitis-a-test/,1,1,,123,yes,not checked,other page ranks
2026-10-05,hav igm,desktop,selling-test-page,/tests/hepatitis-a-antibody-test-igm-test/,/tests/hepatitis-a-test/,1,,,123,yes,yes,
2026-10-05,hazelnut allergy blood test,phone,not-ranking-yet,/tests/hazelnut-allergy-test/,/tests/hazelnut-allergy-test/,16,5,,0,no,not checked,
2026-10-05,hazelnut allergy blood test,desktop,not-ranking-yet,/tests/hazelnut-allergy-test/,/tests/hazelnut-allergy-test/,24,,,0,no,not checked,
2026-10-05,hazelnut allergy test,phone,not-ranking-yet,/tests/hazelnut-allergy-test/,/tests/hazelnut-allergy-test/,26,25,,0,no,not checked,
2026-10-05,hazelnut allergy test,desktop,not-ranking-yet,/tests/hazelnut-allergy-test/,/tests/hazelnut-allergy-test/,25,,,0,no,not checked,
2026-10-05,hazelnut allergy testing,phone,not-ranking-yet,/tests/hazelnut-allergy-test/,/tests/hazelnut-allergy-test/,1,24,,3,yes,not checked,
2026-10-05,hazelnut allergy testing,desktop,not-ranking-yet,/tests/hazelnut-allergy-test/,/tests/hazelnut-allergy-test/,1,,,3,yes,not checked,
2026-10-05,hbsag test,phone,selling-test-page,/tests/hepatitis-b-test/,/tests/hepatitis-b-test/,17,23,,6,no,not checked,
2026-10-05,hbsag test,desktop,selling-test-page,/tests/hepatitis-b-test/,/tests/hepatitis-b-test/,16,,,6,no,not checked,
2026-10-05,hcg hormone pregnancy test,phone,selling-test-page,/tests/pregnancy-test-hcg/,/tests/hcg-tumor-marker/,17,19,,604,no,not checked,other page ranks
2026-10-05,hcg hormone pregnancy test,desktop,selling-test-page,/tests/pregnancy-test-hcg/,/tests/pregnancy-test-hcg/,15,,,604,no,not checked,
2026-10-05,hcg quantitative,phone,selling-test-page,/tests/hcg-tumor-marker/,/tests/hcg-tumor-marker/,1,1,,2671,yes,yes,
2026-10-05,hcg quantitative,desktop,selling-test-page,/tests/hcg-tumor-marker/,/tests/hcg-tumor-marker/,1,,,2671,yes,yes,
2026-10-05,hcg quantitative pregnancy,phone,selling-test-page,/tests/hcg-tumor-marker/,/tests/hcg-tumor-marker/,1,1,,1029,yes,yes,
2026-10-05,hcg quantitative pregnancy,desktop,selling-test-page,/tests/hcg-tumor-marker/,/tests/hcg-tumor-marker/,1,,,1029,yes,yes,
2026-10-05,hcg tumor marker,phone,kept,/tests/hcg-tumor-marker/,/tests/hcg-tumor-marker/,1,1,,286,yes,yes,
2026-10-05,hcg tumor marker,desktop,kept,/tests/hcg-tumor-marker/,/tests/hcg-tumor-marker/,1,,,286,yes,yes,
2026-10-05,hco3,phone,next-in-line,/tests/bicarbonate-total-co2/,/tests/bicarbonate-total-co2/,1,1,,16219,yes,yes,buy button
2026-10-05,hco3,desktop,next-in-line,/tests/bicarbonate-total-co2/,/tests/bicarbonate-total-co2/,1,,,16219,yes,yes,
2026-10-05,hct,phone,next-in-line,/tests/hematocrit/,/tests/hematocrit/,15,1,,16064,no,yes,buy button
2026-10-05,hct,desktop,next-in-line,/tests/hematocrit/,/tests/hematocrit/,20,,,16064,no,yes,
2026-10-05,hct blood test,phone,next-in-line,/tests/hematocrit/,/tests/hematocrit/,5,5,,33503,no,not checked,
2026-10-05,hct blood test,desktop,next-in-line,/tests/hematocrit/,/tests/hematocrit/,6,,,33503,no,not checked,
2026-10-05,hcv ab,phone,selling-test-page,/tests/hepatitis-c-test/,/tests/hepatitis-c-test/,1,1,,1392,yes,yes,
2026-10-05,hcv ab,desktop,selling-test-page,/tests/hepatitis-c-test/,/tests/hepatitis-c-test/,1,,,1392,yes,yes,
2026-10-05,hcv antibody,phone,selling-test-page,/tests/hepatitis-c-test/,/tests/hepatitis-c-test/,1,1,,1961,yes,yes,
2026-10-05,hcv antibody,desktop,selling-test-page,/tests/hepatitis-c-test/,/tests/hepatitis-c-test/,26,,,1961,no,yes,
2026-10-05,hcv antibody test,phone,kept,/tests/hepatitis-c-test/,/tests/hepatitis-c-test/,1,1,,355,yes,not checked,
2026-10-05,hcv antibody test,desktop,kept,/tests/hepatitis-c-test/,/tests/hepatitis-c-test/,25,,,355,no,not checked,
2026-10-05,hdl blood test,phone,next-in-line,/tests/hdl-cholesterol/,/tests/hdl-cholesterol/,1,11,,3189,yes,not checked,refresh
2026-10-05,hdl blood test,desktop,next-in-line,/tests/hdl-cholesterol/,/tests/hdl-cholesterol/,12,,,3189,no,not checked,
2026-10-05,hdl cholesterol blood test,phone,next-in-line,/tests/hdl-cholesterol/,/tests/hdl-cholesterol/,1,1,,346,yes,not checked,
2026-10-05,hdl cholesterol blood test,desktop,next-in-line,/tests/hdl-cholesterol/,/tests/hdl-cholesterol/,1,,,346,yes,not checked,
2026-10-05,he4 blood test,phone,next-in-line,/tests/human-epididymis-protein-4-he4/,/tests/human-epididymis-protein-4-he4/,1,1,,257,yes,yes,
2026-10-05,he4 blood test,desktop,next-in-line,/tests/human-epididymis-protein-4-he4/,/tests/human-epididymis-protein-4-he4/,1,,,257,yes,yes,
2026-10-05,healthcheck test,phone,category,/health-and-wellness-testing/,,,101,,0,no,not checked,
2026-10-05,healthcheck test,desktop,category,/health-and-wellness-testing/,,,,,0,no,not checked,
2026-10-05,heart health blood test,phone,kept,/tests/basic-heart-health-panel/,/tests/basic-heart-health-panel/,19,20,,3,no,not checked,
2026-10-05,heart health blood test,desktop,kept,/tests/basic-heart-health-panel/,/tests/basic-heart-health-panel/,28,,,3,no,not checked,
2026-10-05,heart panel,phone,not-ranking-yet,/tests/expanded-heart-panel/,/tests/expanded-heart-panel/,1,1,,28,yes,yes,
2026-10-05,heart panel,desktop,not-ranking-yet,/tests/expanded-heart-panel/,/tests/expanded-heart-panel/,1,,,28,yes,yes,
2026-10-05,heart panel blood test,phone,not-ranking-yet,/tests/expanded-heart-panel/,/tests/basic-heart-health-panel/,19,19,,4,no,not checked,other page ranks
2026-10-05,heart panel blood test,desktop,not-ranking-yet,/tests/expanded-heart-panel/,/tests/basic-heart-health-panel/,10,,,4,no,not checked,
2026-10-05,heavy metal testing,phone,category,/heavy-metals-and-toxins-testing/,/heavy-metals-and-toxins-testing/,1,1,,1478,yes,yes,
2026-10-05,heavy metal testing,desktop,category,/heavy-metals-and-toxins-testing/,/tests/heavy-metals/,1,,,1478,yes,yes,
2026-10-05,heavy metals urine test,phone,selling-test-page,/tests/heavy-metals-urine-test/,/tests/heavy-metals-urine-test/,1,1,,63,yes,not checked,
2026-10-05,heavy metals urine test,desktop,selling-test-page,/tests/heavy-metals-urine-test/,/tests/heavy-metals-urine-test/,9,,,63,no,not checked,
2026-10-05,hemoglobin a1c,phone,selling-test-page,/tests/hemoglobin-a1c/,/tests/hemoglobin-a1c/,33,33,,713,no,not checked,
2026-10-05,hemoglobin a1c,desktop,selling-test-page,/tests/hemoglobin-a1c/,,,,,713,no,not checked,
2026-10-05,hemoglobin a1c test,phone,kept,/tests/hemoglobin-a1c/,/tests/hemoglobin-a1c/,37,37,,24,no,not checked,
2026-10-05,hemoglobin a1c test,desktop,kept,/tests/hemoglobin-a1c/,/tests/hemoglobin-a1c/,42,,,24,no,not checked,
2026-10-05,hemoglobin blood test,phone,next-in-line,/tests/hemoglobin/,/tests/hemoglobin/,1,1,,9261,yes,yes,buy button
2026-10-05,hemoglobin blood test,desktop,next-in-line,/tests/hemoglobin/,/tests/hemoglobin/,1,,,9261,yes,yes,
2026-10-05,hep a igm,phone,selling-test-page,/tests/hepatitis-a-antibody-test-igm-test/,/tests/hepatitis-a-test/,1,1,,214,yes,yes,other page ranks
2026-10-05,hep a igm,desktop,selling-test-page,/tests/hepatitis-a-antibody-test-igm-test/,/tests/hepatitis-a-test/,1,,,214,yes,yes,
2026-10-05,hep a titer,phone,selling-test-page,/tests/hepatitis-a-test/,/tests/hepatitis-a-test/,1,1,,179,yes,not checked,
2026-10-05,hep a titer,desktop,selling-test-page,/tests/hepatitis-a-test/,/tests/hepatitis-a-test/,1,,,179,yes,not checked,
2026-10-05,hep b immunity test,phone,selling-test-page,/tests/hepatitis-b-immunity-status-test/,/tests/hepatitis-b-immunity-status-test/,8,8,,291,no,yes,
2026-10-05,hep b immunity test,desktop,selling-test-page,/tests/hepatitis-b-immunity-status-test/,/tests/hepatitis-b-immunity-status-test/,1,,,291,yes,yes,
2026-10-05,hep b surface antigen,phone,kept,/tests/hepatitis-b-test/,/tests/hepatitis-b-test/,34,35,,15,no,not checked,
2026-10-05,hep b surface antigen,desktop,kept,/tests/hepatitis-b-test/,/tests/hepatitis-b-test/,26,,,15,no,not checked,
2026-10-05,hepatic function panel,phone,selling-test-page,/tests/liver-panel/,/tests/liver-panel/,1,1,,3188,yes,not checked,
2026-10-05,hepatic function panel,desktop,selling-test-page,/tests/liver-panel/,/tests/liver-panel/,1,,,3188,yes,not checked,
2026-10-05,hepatitis a antibody,phone,selling-test-page,/tests/hepatitis-a-test/,/tests/hepatitis-a-test/,1,1,,272,yes,yes,
2026-10-05,hepatitis a antibody,desktop,selling-test-page,/tests/hepatitis-a-test/,/tests/hepatitis-a-test/,1,,,272,yes,yes,
2026-10-05,hepatitis a igm,phone,selling-test-page,/tests/hepatitis-a-antibody-test-igm-test/,/tests/hepatitis-a-test/,1,1,,245,yes,yes,other page ranks
2026-10-05,hepatitis a igm,desktop,selling-test-page,/tests/hepatitis-a-antibody-test-igm-test/,/tests/hepatitis-a-test/,1,,,245,yes,yes,
2026-10-05,hepatitis a igm test,phone,kept,/tests/hepatitis-a-antibody-test-igm-test/,/tests/hepatitis-a-antibody-test-igm-test/,1,1,,73,yes,not checked,
2026-10-05,hepatitis a igm test,desktop,kept,/tests/hepatitis-a-antibody-test-igm-test/,/tests/hepatitis-a-test/,1,,,73,yes,yes,
2026-10-05,hepatitis a test,desktop,leaving,/tests/hepatitis-a-antibody-test-igm-test/,/tests/hepatitis-a-antibody-test-igm-test/,1,,,115,yes,yes,
2026-10-05,hepatitis b core ab total,phone,selling-test-page,/tests/hepatitis-b-core-antibody-test/,/tests/hepatitis-b-core-antibody-test/,9,22,,258,no,not checked,
2026-10-05,hepatitis b core ab total,desktop,selling-test-page,/tests/hepatitis-b-core-antibody-test/,/tests/hepatitis-b-core-antibody-test/,22,,,258,no,not checked,
2026-10-05,hepatitis b core antibody,phone,selling-test-page,/tests/hepatitis-b-core-antibody-test/,/tests/hepatitis-b-core-antibody-test/,34,30,,100,no,not checked,
2026-10-05,hepatitis b core antibody,desktop,selling-test-page,/tests/hepatitis-b-core-antibody-test/,/tests/hepatitis-b-core-antibody-test/,46,,,100,no,not checked,
2026-10-05,hepatitis b core antibody test,phone,selling-test-page,/tests/hepatitis-b-core-antibody-test/,/tests/hepatitis-b-core-antibody-test/,9,9,,78,no,not checked,
2026-10-05,hepatitis b core antibody test,desktop,selling-test-page,/tests/hepatitis-b-core-antibody-test/,/tests/hepatitis-b-core-antibody-test/,9,,,78,no,not checked,
2026-10-05,hepatitis b immunity,phone,selling-test-page,/tests/hepatitis-b-immunity-status-test/,/tests/hepatitis-b-immunity-status-test/,8,8,,286,no,not checked,
2026-10-05,hepatitis b immunity,desktop,selling-test-page,/tests/hepatitis-b-immunity-status-test/,/tests/hepatitis-b-immunity-status-test/,1,,,286,yes,not checked,
2026-10-05,hepatitis b immunity test,phone,selling-test-page,/tests/hepatitis-b-immunity-status-test/,/tests/hepatitis-b-immunity-status-test/,8,8,,186,no,yes,
2026-10-05,hepatitis b immunity test,desktop,selling-test-page,/tests/hepatitis-b-immunity-status-test/,/tests/hepatitis-b-immunity-status-test/,1,,,186,yes,yes,
2026-10-05,hepatitis b surface antibody,phone,selling-test-page,/tests/hepatitis-b-test/,/tests/hepatitis-b-test/,36,50,,10,no,not checked,
2026-10-05,hepatitis b surface antibody,desktop,selling-test-page,/tests/hepatitis-b-test/,,,,,10,no,not checked,
2026-10-05,hepatitis b test,phone,selling-test-page,/tests/hepatitis-b-test/,/tests/hepatitis-b-test/,22,1,,227,no,yes,
2026-10-05,hepatitis b test,desktop,selling-test-page,/tests/hepatitis-b-test/,/tests/hepatitis-b-test/,1,,,227,yes,yes,
2026-10-05,hepatitis blood test,phone,category,/hepatitis-testing/,/tests/hepatitis-testing/,22,16,,156,no,not checked,other page ranks
2026-10-05,hepatitis blood test,desktop,category,/hepatitis-testing/,/tests/hepatitis-testing/,16,,,156,no,not checked,
2026-10-05,hepatitis c antibody test,phone,selling-test-page,/tests/hepatitis-c-test/,/tests/hepatitis-c-test/,18,18,,459,no,not checked,
2026-10-05,hepatitis c antibody test,desktop,selling-test-page,/tests/hepatitis-c-test/,/tests/hepatitis-c-test/,19,,,459,no,not checked,
2026-10-05,hepatitis c test,phone,kept,/tests/hepatitis-c-test/,/tests/at-home-hepatitis-c-test/,80,42,,128,no,not checked,other page ranks
2026-10-05,hepatitis c test,desktop,kept,/tests/hepatitis-c-test/,/tests/at-home-hepatitis-c-test/,112,,,128,no,not checked,
2026-10-05,hepatitis panel,phone,selling-test-page,/tests/acute-viral-hepatitis-panel/,,,101,,508,no,no,
2026-10-05,hepatitis panel,desktop,selling-test-page,/tests/acute-viral-hepatitis-panel/,/tests/acute-viral-hepatitis-panel/,18,,,508,no,no,
2026-10-05,hepatitis panel test,phone,kept,/hepatitis-testing/,/tests/acute-viral-hepatitis-panel/,1,1,,131,yes,yes,other page ranks
2026-10-05,hepatitis panel test,desktop,kept,/hepatitis-testing/,/tests/acute-viral-hepatitis-panel/,1,,,131,yes,yes,
2026-10-05,hepatitis test,phone,category,/hepatitis-testing/,/tests/hepatitis-testing/,16,14,,228,no,not checked,other page ranks
2026-10-05,hepatitis test,desktop,category,/hepatitis-testing/,/tests/hepatitis-testing/,13,,,228,no,not checked,
2026-10-05,herpes 1 test,phone,std-pages,/std-testing/hsv-1-test/,/std-testing/hsv-1-test/,1,1,,134,yes,yes,
2026-10-05,herpes 1 test,desktop,std-pages,/std-testing/hsv-1-test/,/std-testing/hsv-1-test/,1,,,134,yes,yes,
2026-10-05,herpes swab test,phone,std-pages,/std-testing/hsv-1-test/,/std-testing/herpes-1-2-test/,1,1,,40,yes,not checked,other page ranks
2026-10-05,herpes swab test,desktop,std-pages,/std-testing/hsv-1-test/,/std-testing/herpes-1-2-test/,1,,,40,yes,not checked,
2026-10-05,herpes test,phone,selling-test-page,/std-testing/herpes-1-2-test/,/std-testing/herpes-1-2-test/,1,1,,2781,yes,not checked,
2026-10-05,herpes test,desktop,selling-test-page,/std-testing/herpes-1-2-test/,/std-testing/herpes-1-2-test/,1,,,2781,yes,not checked,
2026-10-05,herpes testing cost,phone,std-pages,/std-test-pricing/,/std-test-pricing/,3,3,,5306,no,not checked,
2026-10-05,herpes testing cost,desktop,std-pages,/std-test-pricing/,/std-test-pricing/,2,,,5306,no,not checked,
2026-10-05,hgb blood test,phone,next-in-line,/tests/hemoglobin/,/tests/hemoglobin/,1,1,,23611,yes,yes,buy button
2026-10-05,hgb blood test,desktop,next-in-line,/tests/hemoglobin/,/tests/hemoglobin/,1,,,23611,yes,yes,
2026-10-05,hgh,phone,selling-test-page,/tests/growth-hormone/,,,101,,100,no,not checked,
2026-10-05,hgh,desktop,selling-test-page,/tests/growth-hormone/,,,,,100,no,not checked,
2026-10-05,hgh test,phone,selling-test-page,/tests/growth-hormone/,/tests/growth-hormone/,1,1,,91,yes,yes,
2026-10-05,hgh test,desktop,selling-test-page,/tests/growth-hormone/,/tests/growth-hormone/,1,,,91,yes,yes,
2026-10-05,high copper levels in blood,phone,kept,/tests/copper/,/tests/copper/,12,11,,3,no,not checked,
2026-10-05,high copper levels in blood,desktop,kept,/tests/copper/,/tests/copper/,31,,,3,no,not checked,
2026-10-05,high risk hpv,phone,std-pages,/tests/hpv-test/,,,37,,5,no,not checked,
2026-10-05,high risk hpv,desktop,std-pages,/tests/hpv-test/,/tests/hpv-test/,47,,,5,no,not checked,
2026-10-05,high sensitivity crp,phone,selling-test-page,/tests/high-sensitivity-c-reactive-protein-hs-crp/,/tests/high-sensitivity-c-reactive-protein-hs-crp/,13,1,,2786,no,not checked,
2026-10-05,high sensitivity crp,desktop,selling-test-page,/tests/high-sensitivity-c-reactive-protein-hs-crp/,/tests/high-sensitivity-c-reactive-protein-hs-crp/,13,,,2786,no,not checked,
2026-10-05,hiv 1 and 2 test,phone,std-pages,/tests/hiv-test/,/std-testing/hiv-4th-generation-test/,1,1,,229,yes,yes,other page ranks
2026-10-05,hiv 1 and 2 test,desktop,std-pages,/tests/hiv-test/,/std-testing/hiv-4th-generation-test/,1,,,229,yes,yes,
2026-10-05,hiv 1/2 ag/ab 4th gen,phone,std-pages,/tests/hiv-test/,/std-testing/hiv-4th-generation-test/,1,1,,71,yes,yes,other page ranks
2026-10-05,hiv 1/2 ag/ab 4th gen,desktop,std-pages,/tests/hiv-test/,/std-testing/hiv-4th-generation-test/,1,,,71,yes,yes,
2026-10-05,hiv 1/2 antigen/antibody,phone,std-pages,/tests/hiv-test/,/std-testing/hiv-4th-generation-test/,1,1,,60,yes,yes,other page ranks
2026-10-05,hiv 1/2 antigen/antibody,desktop,std-pages,/tests/hiv-test/,/std-testing/hiv-4th-generation-test/,1,,,60,yes,yes,
2026-10-05,hiv 4th generation test,phone,selling-test-page,/std-testing/hiv-4th-generation-test/,/std-testing/hiv-4th-generation-test/,1,1,,369,yes,yes,
2026-10-05,hiv 4th generation test,desktop,selling-test-page,/std-testing/hiv-4th-generation-test/,/std-testing/hiv-4th-generation-test/,1,,,369,yes,yes,
2026-10-05,hiv ag/ab,phone,selling-test-page,/std-testing/hiv-4th-generation-test/,/std-testing/hiv-4th-generation-test/,19,18,,213,no,not checked,
2026-10-05,hiv ag/ab,desktop,selling-test-page,/std-testing/hiv-4th-generation-test/,/std-testing/hiv-4th-generation-test/,18,,,213,no,not checked,
2026-10-05,hiv early detection test,phone,std-pages,/tests/hiv-viral-load/,,,101,,66,no,not checked,
2026-10-05,hiv early detection test,desktop,std-pages,/tests/hiv-viral-load/,,,,,66,no,not checked,
2026-10-05,hiv i and 2,phone,std-pages,/tests/hiv-test/,,,38,,374,no,not checked,
2026-10-05,hiv i and 2,desktop,std-pages,/tests/hiv-test/,/tests/hiv-test/,32,,,374,no,not checked,
2026-10-05,hiv rna,phone,std-pages,/tests/hiv-viral-load/,/tests/hiv-viral-load/,1,1,,90,yes,not checked,
2026-10-05,hiv rna,desktop,std-pages,/tests/hiv-viral-load/,/tests/hiv-viral-load/,1,,,90,yes,not checked,
2026-10-05,hiv rna early detection,phone,std-pages,/tests/hiv-viral-load/,/tests/hiv-viral-load/,1,1,,172,yes,not checked,
2026-10-05,hiv rna early detection,desktop,std-pages,/tests/hiv-viral-load/,/tests/hiv-viral-load/,1,,,172,yes,not checked,
2026-10-05,hiv rna test,phone,std-pages,/tests/hiv-viral-load/,/tests/hiv-viral-load/,1,1,,128,yes,yes,
2026-10-05,hiv rna test,desktop,std-pages,/tests/hiv-viral-load/,/tests/hiv-viral-load/,1,,,128,yes,yes,
2026-10-05,hiv rna testing,phone,std-pages,/tests/hiv-viral-load/,/tests/hiv-viral-load/,1,1,,45,yes,yes,
2026-10-05,hiv rna testing,desktop,std-pages,/tests/hiv-viral-load/,/tests/hiv-viral-load/,1,,,45,yes,yes,
2026-10-05,hiv screening,phone,std-pages,/tests/hiv-test/,,,41,,336,no,not checked,
2026-10-05,hiv screening,desktop,std-pages,/tests/hiv-test/,/tests/hiv-test/,37,,,336,no,not checked,
2026-10-05,hiv test,phone,kept,(city pages),/tests/hiv-test/,33,31,,55,no,not checked,other page ranks
2026-10-05,hiv test,desktop,kept,(city pages),/tests/hiv-test/,43,,,55,no,not checked,
2026-10-05,hiv viral load,phone,std-pages,/tests/hiv-viral-load/,/tests/hiv-viral-load/,36,31,,0,no,not checked,
2026-10-05,hiv viral load,desktop,std-pages,/tests/hiv-viral-load/,,,,,0,no,not checked,
2026-10-05,hiv viral load test,phone,std-pages,/tests/hiv-viral-load/,/tests/hiv-viral-load/,10,10,,29,no,not checked,
2026-10-05,hiv viral load test,desktop,std-pages,/tests/hiv-viral-load/,/tests/hiv-viral-load/,21,,,29,no,not checked,
2026-10-05,hla b27 test,phone,next-in-line,/tests/hla-b27/,/tests/hla-b27/,1,1,,1086,yes,yes,
2026-10-05,hla b27 test,desktop,next-in-line,/tests/hla-b27/,/tests/hla-b27/,1,,,1086,yes,no,
2026-10-05,hla-b27 antigen,phone,next-in-line,/tests/hla-b27/,/tests/hla-b27/,1,9,,1607,yes,not checked,refresh
2026-10-05,hla-b27 antigen,desktop,next-in-line,/tests/hla-b27/,/tests/hla-b27/,1,,,1607,yes,no,
2026-10-05,homocysteine,phone,selling-test-page,/tests/homocysteine/,/tests/homocysteine/,33,25,,718,no,not checked,
2026-10-05,homocysteine,desktop,selling-test-page,/tests/homocysteine/,/tests/homocysteine/,36,,,718,no,not checked,
2026-10-05,homocysteine blood test,phone,selling-test-page,/tests/homocysteine/,/tests/homocysteine/,1,1,,5289,yes,yes,
2026-10-05,homocysteine blood test,desktop,selling-test-page,/tests/homocysteine/,/tests/homocysteine/,1,,,5289,yes,yes,
2026-10-05,homocysteine test,phone,selling-test-page,/tests/homocysteine/,/tests/homocysteine/,1,1,,2920,yes,yes,
2026-10-05,homocysteine test,desktop,selling-test-page,/tests/homocysteine/,/tests/homocysteine/,1,,,2920,yes,yes,
2026-10-05,hormonal imbalance test,phone,category,/hormone-imbalance-and-hormone-level-testing/,/hormone-imbalance-and-hormone-level-testing/,1,1,,363,yes,yes,
2026-10-05,hormonal imbalance test,desktop,category,/hormone-imbalance-and-hormone-level-testing/,/hormone-imbalance-and-hormone-level-testing/,1,,,363,yes,yes,
2026-10-05,hormone imbalance test,phone,category,/hormone-imbalance-and-hormone-level-testing/,/hormone-imbalance-and-hormone-level-testing/,1,5,,432,yes,yes,
2026-10-05,hormone imbalance test,desktop,category,/hormone-imbalance-and-hormone-level-testing/,/hormone-imbalance-and-hormone-level-testing/,1,,,432,yes,yes,
2026-10-05,hormone panel,phone,next-in-line,/tests/female-hormone-panel/,/hormone-test-for-women/,1,1,,1459,yes,not checked,other page ranks
2026-10-05,hormone panel,desktop,next-in-line,/tests/female-hormone-panel/,/tests/female-hormone-panel/,1,,,1459,yes,not checked,
2026-10-05,hormone panel for women,phone,category,/hormone-test-for-women/,/tests/female-hormone-panel/,1,1,,1742,yes,not checked,other page ranks
2026-10-05,hormone panel for women,desktop,category,/hormone-test-for-women/,/tests/female-hormone-panel/,1,,,1742,yes,yes,
2026-10-05,hormone test,phone,category,/hormone-testing/,/hormone-imbalance-and-hormone-level-testing/,1,1,,1736,yes,yes,other page ranks
2026-10-05,hormone test,desktop,category,/hormone-testing/,/hormone-imbalance-and-hormone-level-testing/,1,,,1736,yes,yes,
2026-10-05,hormone testing,phone,category,/hormone-testing/,/hormone-test-for-women/,1,1,,4539,yes,yes,other page ranks
2026-10-05,hormone testing,desktop,category,/hormone-testing/,/hormone-test-for-women/,1,,,4539,yes,yes,
2026-10-05,hormone testing for women,phone,category,/hormone-test-for-women/,/hormone-test-for-women/,1,1,,6153,yes,yes,
2026-10-05,hormone testing for women,desktop,category,/hormone-test-for-women/,/hormone-test-for-women/,1,,,6153,yes,yes,
2026-10-05,how do glp-1 drugs work,phone,treatments,/treatments/glp-1-agonists/,/treatments/glp-1-agonists/,13,101,,5,no,not checked,
2026-10-05,how do glp-1 drugs work,desktop,treatments,/treatments/glp-1-agonists/,,,,,5,no,not checked,
2026-10-05,how long does mycoplasma genitalium last after treatment,phone,treatments,/treatments/mycoplasma-genitalium/,,,101,,94,no,not checked,
2026-10-05,how long does mycoplasma genitalium last after treatment,desktop,treatments,/treatments/mycoplasma-genitalium/,,,,,94,no,not checked,
2026-10-05,how long will i test positive for chlamydia after treatment,phone,treatments,/treatments/chlamydia/,/tests/chlamydia-test/,23,14,,29,no,not checked,other page ranks
2026-10-05,how long will i test positive for chlamydia after treatment,desktop,treatments,/treatments/chlamydia/,/tests/chlamydia-test/,15,,,29,no,not checked,
2026-10-05,how much does semaglutide cost,phone,treatments,/treatments/compounded-semaglutide-cost/,,,101,,20,no,not checked,
2026-10-05,how much does semaglutide cost,desktop,treatments,/treatments/compounded-semaglutide-cost/,/treatments/compounded-semaglutide-cost/,26,,,20,no,not checked,
2026-10-05,how much is a gonorrhea shot,phone,treatments,/treatments/gonorrhea/,/treatments/gonorrhea/,6,6,,34,no,not checked,
2026-10-05,how much is a gonorrhea shot,desktop,treatments,/treatments/gonorrhea/,/treatments/gonorrhea/,1,,,34,yes,not checked,
2026-10-05,how to get rid of bv,phone,treatments,/treatments/bacterial-vaginosis/,,,101,,15,no,not checked,
2026-10-05,how to get rid of bv,desktop,treatments,/treatments/bacterial-vaginosis/,,,,,15,no,not checked,
2026-10-05,how well does compounded semaglutide work,phone,treatments,/treatments/does-compounded-semaglutide-work/,/treatments/compounded-semaglutide/,1,1,,5,yes,not checked,other page ranks
2026-10-05,how well does compounded semaglutide work,desktop,treatments,/treatments/does-compounded-semaglutide-work/,/treatments/compounded-semaglutide/,1,,,5,yes,not checked,
2026-10-05,how well does compounded tirzepatide work,phone,treatments,/treatments/does-compounded-tirzepatide-work/,/treatments/compounded-tirzepatide/,4,101,,9,no,not checked,other page ranks
2026-10-05,how well does compounded tirzepatide work,desktop,treatments,/treatments/does-compounded-tirzepatide-work/,/treatments/compounded-tirzepatide/,4,,,9,no,not checked,
2026-10-05,hpv,phone,std-pages,/tests/hpv-test/,,,101,,1,no,not checked,
2026-10-05,hpv,desktop,std-pages,/tests/hpv-test/,,,,,1,no,not checked,
2026-10-05,hpv 18,phone,std-pages,/tests/hpv-test/,/tests/hpv-test/,64,75,,0,no,not checked,
2026-10-05,hpv 18,desktop,std-pages,/tests/hpv-test/,/tests/hpv-test/,76,,,0,no,not checked,
2026-10-05,hpv blood test,phone,std-pages,/tests/hpv-test/,/tests/hpv-test/,1,1,,556,yes,yes,
2026-10-05,hpv blood test,desktop,std-pages,/tests/hpv-test/,/tests/hpv-test/,1,,,556,yes,yes,
2026-10-05,hpv strains,phone,std-pages,/tests/hpv-test/,/tests/hpv-test/,31,31,,7,no,not checked,
2026-10-05,hpv strains,desktop,std-pages,/tests/hpv-test/,/tests/hpv-test/,34,,,7,no,not checked,
2026-10-05,hpv test,phone,std-pages,/tests/hpv-test/,/tests/hpv-test/,30,20,,1220,no,not checked,
2026-10-05,hpv test,desktop,std-pages,/tests/hpv-test/,/tests/at-home-human-papillomavirus-hpv-test/,8,,,1220,no,not checked,
2026-10-05,hpv test for men,phone,std-pages,/tests/hpv-test/,/tests/hpv-test/,56,46,,5,no,not checked,
2026-10-05,hpv test for men,desktop,std-pages,/tests/hpv-test/,/tests/hpv-test/,47,,,5,no,not checked,
2026-10-05,hpv testing,phone,std-pages,/tests/hpv-test/,/tests/hpv-test/,37,24,,104,no,not checked,
2026-10-05,hpv testing,desktop,std-pages,/tests/hpv-test/,/tests/at-home-human-papillomavirus-hpv-test/,32,,,104,no,not checked,
2026-10-05,hscrp test,phone,kept,/tests/high-sensitivity-c-reactive-protein-hs-crp/,/tests/high-sensitivity-c-reactive-protein-hs-crp/,1,1,,1572,yes,yes,
2026-10-05,hscrp test,desktop,kept,/tests/high-sensitivity-c-reactive-protein-hs-crp/,/tests/high-sensitivity-c-reactive-protein-hs-crp/,1,,,1572,yes,yes,
2026-10-05,hsv 1 antibodies,phone,std-pages,/std-testing/hsv-1-test/,/std-testing/hsv-1-test/,1,1,,123,yes,yes,
2026-10-05,hsv 1 antibodies,desktop,std-pages,/std-testing/hsv-1-test/,/std-testing/hsv-1-test/,1,,,123,yes,yes,
2026-10-05,hsv 1 test,phone,std-pages,/std-testing/hsv-1-test/,/std-testing/hsv-1-test/,1,1,,375,yes,yes,
2026-10-05,hsv 1 test,desktop,std-pages,/std-testing/hsv-1-test/,/std-testing/hsv-1-test/,1,,,375,yes,yes,
2026-10-05,hsv blood test,phone,std-pages,/std-testing/hsv-2-test/,/std-testing/herpes-1-2-test/,1,1,,351,yes,yes,other page ranks
2026-10-05,hsv blood test,desktop,std-pages,/std-testing/hsv-2-test/,/std-testing/herpes-1-2-test/,1,,,351,yes,yes,
2026-10-05,hsv test,phone,selling-test-page,/std-testing/herpes-1-2-test/,/std-testing/hsv-1-test/,1,1,,2050,yes,yes,other page ranks
2026-10-05,hsv test,desktop,selling-test-page,/std-testing/herpes-1-2-test/,/std-testing/hsv-1-test/,1,,,2050,yes,yes,
2026-10-05,hsv1,phone,std-pages,/std-testing/hsv-1-test/,,,101,,5,no,not checked,
2026-10-05,hsv1,desktop,std-pages,/std-testing/hsv-1-test/,,,,,5,no,not checked,
2026-10-05,hsv1 blood test,phone,std-pages,/std-testing/hsv-1-test/,/std-testing/herpes-1-2-test/,1,1,,89,yes,yes,other page ranks
2026-10-05,hsv1 blood test,desktop,std-pages,/std-testing/hsv-1-test/,/std-testing/herpes-1-2-test/,1,,,89,yes,yes,
2026-10-05,hsv1 testing,phone,std-pages,/std-testing/hsv-1-test/,/std-testing/hsv-1-test/,1,1,,159,yes,yes,
2026-10-05,hsv1 testing,desktop,std-pages,/std-testing/hsv-1-test/,/std-testing/hsv-1-test/,1,,,159,yes,yes,
2026-10-05,hsv2 test,phone,std-pages,/std-testing/hsv-2-test/,/std-testing/hsv-2-test/,1,1,,394,yes,yes,
2026-10-05,hsv2 test,desktop,std-pages,/std-testing/hsv-2-test/,/std-testing/hsv-2-test/,1,,,394,yes,yes,
2026-10-05,hsv2 testing,phone,std-pages,/std-testing/hsv-2-test/,/std-testing/hsv-2-test/,1,1,,177,yes,yes,
2026-10-05,hsv2 testing,desktop,std-pages,/std-testing/hsv-2-test/,/std-testing/hsv-2-test/,1,,,177,yes,yes,
2026-10-05,htlv,phone,selling-test-page,/tests/human-t-cell-lymphotropic-virus-htlv-testing/,/tests/human-t-cell-lymphotropic-virus-htlv-testing/,23,15,,189,no,not checked,
2026-10-05,htlv,desktop,selling-test-page,/tests/human-t-cell-lymphotropic-virus-htlv-testing/,/tests/human-t-cell-lymphotropic-virus-htlv-testing/,13,,,189,no,not checked,
2026-10-05,htlv blood test,phone,selling-test-page,/tests/human-t-cell-lymphotropic-virus-htlv-testing/,/tests/human-t-cell-lymphotropic-virus-htlv-testing/,1,1,,131,yes,yes,
2026-10-05,htlv blood test,desktop,selling-test-page,/tests/human-t-cell-lymphotropic-virus-htlv-testing/,/tests/human-t-cell-lymphotropic-virus-htlv-testing/,1,,,131,yes,yes,
2026-10-05,htlv test,phone,selling-test-page,/tests/human-t-cell-lymphotropic-virus-htlv-testing/,/tests/human-t-cell-lymphotropic-virus-htlv-testing/,1,1,,136,yes,yes,
2026-10-05,htlv test,desktop,selling-test-page,/tests/human-t-cell-lymphotropic-virus-htlv-testing/,/tests/human-t-cell-lymphotropic-virus-htlv-testing/,1,,,136,yes,yes,
2026-10-05,htlv-i ii antibody,desktop,leaving,/tests/human-t-cell-lymphotropic-virus-htlv-testing/,/tests/human-t-cell-lymphotropic-virus-htlv-testing/,1,,,25,yes,yes,
2026-10-05,human chorionic gonadotropin test,phone,kept,/tests/pregnancy-test-hcg/,/tests/pregnancy-test-hcg/,15,21,,16,no,not checked,
2026-10-05,human chorionic gonadotropin test,desktop,kept,/tests/pregnancy-test-hcg/,/tests/pregnancy-test-hcg/,15,,,16,no,not checked,
2026-10-05,human epididymis protein 4,phone,next-in-line,/tests/human-epididymis-protein-4-he4/,/tests/human-epididymis-protein-4-he4/,1,1,,226,yes,yes,
2026-10-05,human epididymis protein 4,desktop,next-in-line,/tests/human-epididymis-protein-4-he4/,/tests/human-epididymis-protein-4-he4/,1,,,226,yes,yes,
2026-10-05,human nuclear antigen antibody,phone,next-in-line,/tests/extractable-nuclear-antigen-antibodies-ena-panel/,/tests/antinuclear-antibody-ana/,86,85,,41,no,not checked,other page ranks
2026-10-05,human nuclear antigen antibody,desktop,next-in-line,/tests/extractable-nuclear-antigen-antibodies-ena-panel/,/tests/extractable-nuclear-antigen-antibodies-ena-panel/,62,,,41,no,not checked,
2026-10-05,hydroxyprogesterone,phone,next-in-line,/tests/17-hydroxyprogesterone/,/tests/17-hydroxyprogesterone/,1,1,,1717,yes,yes,
2026-10-05,hydroxyprogesterone,desktop,next-in-line,/tests/17-hydroxyprogesterone/,/tests/17-hydroxyprogesterone/,1,,,1717,yes,yes,
2026-10-05,identification of a disease,phone,category,/disease-detection-and-monitoring-testing/,/disease-detection-and-monitoring-testing/,5,11,,45,no,yes,
2026-10-05,identification of a disease,desktop,category,/disease-detection-and-monitoring-testing/,/disease-detection-and-monitoring-testing/,24,,,45,no,yes,
2026-10-05,ig blood test,phone,selling-test-page,/tests/immunoglobulins-iga-igg-igm/,/tests/immunoglobulins-iga-igg-igm/,7,1,,194,no,not checked,
2026-10-05,ig blood test,desktop,selling-test-page,/tests/immunoglobulins-iga-igg-igm/,/tests/immunoglobulins-iga-igg-igm/,1,,,194,yes,not checked,
2026-10-05,iga blood test,phone,selling-test-page,/tests/immunoglobulins-iga-igg-igm/,/tests/immunoglobulins-iga-igg-igm/,24,19,,1067,no,not checked,
2026-10-05,iga blood test,desktop,selling-test-page,/tests/immunoglobulins-iga-igg-igm/,/tests/immunoglobulins-iga-igg-igm/,1,,,1067,yes,not checked,
2026-10-05,ige blood test,phone,selling-test-page,/tests/total-ige/,/tests/allergy-blood-testing/,38,1,,2112,no,yes,other page ranks
2026-10-05,ige blood test,desktop,selling-test-page,/tests/total-ige/,,,,,2112,no,yes,
2026-10-05,igf 1 test,desktop,leaving,/tests/insulin-growth-factor-1-igf-1/,/tests/insulin-growth-factor-1-igf-1/,12,,,246,no,not checked,
2026-10-05,igf-1,phone,selling-test-page,/tests/insulin-growth-factor-1-igf-1/,/tests/insulin-growth-factor-1-igf-1/,16,32,,1082,no,not checked,
2026-10-05,igf-1,desktop,selling-test-page,/tests/insulin-growth-factor-1-igf-1/,/tests/insulin-growth-factor-1-igf-1/,16,,,1082,no,not checked,
2026-10-05,igf-1 test,phone,kept,/tests/insulin-growth-factor-1-igf-1/,/tests/insulin-growth-factor-1-igf-1/,12,12,,249,no,not checked,
2026-10-05,igf-1 test,desktop,kept,/tests/insulin-growth-factor-1-igf-1/,/tests/insulin-growth-factor-1-igf-1/,12,,,249,no,not checked,
2026-10-05,igm blood test,phone,selling-test-page,/tests/immunoglobulins-iga-igg-igm/,/tests/immunoglobulins-iga-igg-igm/,17,24,,10,no,not checked,
2026-10-05,igm blood test,desktop,selling-test-page,/tests/immunoglobulins-iga-igg-igm/,/tests/immunoglobulins-iga-igg-igm/,13,,,10,no,not checked,
2026-10-05,igra,phone,next-in-line,/tests/igra-tb-test/,/tests/igra-tb-test/,1,1,,2561,yes,yes,buy button
2026-10-05,igra,desktop,next-in-line,/tests/igra-tb-test/,/tests/igra-tb-test/,1,,,2561,yes,not checked,
2026-10-05,igra test,phone,next-in-line,/tests/igra-tb-test/,/tests/igra-tb-test/,1,1,,2138,yes,not checked,buy button
2026-10-05,igra test,desktop,next-in-line,/tests/igra-tb-test/,/tests/igra-tb-test/,1,,,2138,yes,not checked,
2026-10-05,il-6,phone,next-in-line,/tests/interleukin-6/,/tests/interleukin-6/,1,1,,2382,yes,not checked,buy button
2026-10-05,il-6,desktop,next-in-line,/tests/interleukin-6/,/tests/interleukin-6/,1,,,2382,yes,not checked,
2026-10-05,immunity blood test,phone,category,/immunity-testing/,/tests/immunity-testing/,4,4,,86,no,not checked,other page ranks
2026-10-05,immunity blood test,desktop,category,/immunity-testing/,/tests/immunity-testing/,4,,,86,no,not checked,
2026-10-05,immunity test,phone,category,/immunity-testing/,/tests/immunity-testing/,1,1,,5213,yes,no,other page ranks
2026-10-05,immunity test,desktop,category,/immunity-testing/,/tests/antibody-titer-test/,1,,,5213,yes,yes,
2026-10-05,immunoglobulin blood test,phone,kept,/tests/immunoglobulins-iga-igg-igm/,/tests/immunoglobulins-iga-igg-igm/,1,4,,335,yes,no,
2026-10-05,immunoglobulin blood test,desktop,kept,/tests/immunoglobulins-iga-igg-igm/,/tests/immunoglobulins-iga-igg-igm/,1,,,335,yes,no,
2026-10-05,immunoglobulin test,phone,kept,/tests/immunoglobulins-iga-igg-igm/,/tests/immunoglobulins-iga-igg-igm/,1,1,,195,yes,yes,
2026-10-05,immunoglobulin test,desktop,kept,/tests/immunoglobulins-iga-igg-igm/,/tests/immunoglobulins-iga-igg-igm/,1,,,195,yes,yes,
2026-10-05,immunoglobulin testing,phone,kept,/tests/immunoglobulins-iga-igg-igm/,/tests/immunoglobulins-iga-igg-igm/,1,1,,52,yes,yes,
2026-10-05,immunoglobulin testing,desktop,kept,/tests/immunoglobulins-iga-igg-igm/,/tests/immunoglobulins-iga-igg-igm/,1,,,52,yes,yes,
2026-10-05,infectious disease testing,phone,category,/infectious-disease-testing/,/tests/infectious-disease-testing/,1,1,,177,yes,not checked,other page ranks
2026-10-05,infectious disease testing,desktop,category,/infectious-disease-testing/,/tests/infectious-disease-testing/,1,,,177,yes,not checked,
2026-10-05,inflammation test,phone,category,/inflammation-and-autoimmune-testing/,/tests/inflammation-and-autoimmune-testing/,9,9,,451,no,not checked,other page ranks
2026-10-05,inflammation test,desktop,category,/inflammation-and-autoimmune-testing/,/tests/inflammation-and-autoimmune-testing/,9,,,451,no,not checked,
2026-10-05,insulin blood test,phone,selling-test-page,/tests/fasting-insulin-test/,/tests/fasting-insulin-test/,1,1,,1196,yes,yes,
2026-10-05,insulin blood test,desktop,selling-test-page,/tests/fasting-insulin-test/,/tests/fasting-insulin-test/,1,,,1196,yes,yes,
2026-10-05,insulin like growth factor 1,phone,kept,/tests/insulin-growth-factor-1-igf-1/,/tests/insulin-growth-factor-1-igf-1/,19,19,,35,no,not checked,
2026-10-05,insulin like growth factor 1,desktop,kept,/tests/insulin-growth-factor-1-igf-1/,/tests/insulin-growth-factor-1-igf-1/,20,,,35,no,not checked,
2026-10-05,insulin random blood test,phone,selling-test-page,/tests/insulin/,/tests/fasting-insulin-test/,1,1,,37,yes,not checked,other page ranks
2026-10-05,insulin random blood test,desktop,selling-test-page,/tests/insulin/,/tests/fasting-insulin-test/,1,,,37,yes,no,
2026-10-05,insulin test,phone,kept,/tests/fasting-insulin-test/,/tests/fasting-insulin-test/,1,1,,1885,yes,no,
2026-10-05,insulin test,desktop,kept,/tests/fasting-insulin-test/,/tests/fasting-insulin-test/,1,,,1885,yes,no,
2026-10-05,insulin-like growth factor 1,desktop,leaving,/tests/insulin-growth-factor-1-igf-1/,/tests/insulin-growth-factor-1-igf-1/,29,,,30,no,not checked,
2026-10-05,intrinsic factor,phone,next-in-line,/tests/intrinsic-factor-antibody/,/tests/intrinsic-factor-antibody/,1,1,,4780,yes,yes,buy button
2026-10-05,intrinsic factor,desktop,next-in-line,/tests/intrinsic-factor-antibody/,/tests/intrinsic-factor-antibody/,1,,,4780,yes,yes,
2026-10-05,intrinsic factor blocking antibody,phone,next-in-line,/tests/intrinsic-factor-antibody/,/tests/intrinsic-factor-antibody/,1,1,,1109,yes,yes,
2026-10-05,intrinsic factor blocking antibody,desktop,next-in-line,/tests/intrinsic-factor-antibody/,/tests/intrinsic-factor-antibody/,1,,,1109,yes,yes,
2026-10-05,ionized calcium test,phone,selling-test-page,/tests/calcium/,,,30,,5,no,not checked,
2026-10-05,ionized calcium test,desktop,selling-test-page,/tests/calcium/,/tests/calcium/,47,,,5,no,not checked,
2026-10-05,iron blood test,phone,selling-test-page,/tests/iron/,/tests/iron/,1,1,,3231,yes,yes,
2026-10-05,iron blood test,desktop,selling-test-page,/tests/iron/,/tests/iron/,1,,,3231,yes,yes,
2026-10-05,iron panel,phone,selling-test-page,/tests/iron/,/tests/iron/,1,19,,654,yes,not checked,
2026-10-05,iron panel,desktop,selling-test-page,/tests/iron/,/tests/transferrin-and-iron-binding-capacity-tibc-uibc/,62,,,654,no,no,
2026-10-05,iron test,phone,selling-test-page,/tests/iron/,/tests/iron/,1,1,,659,yes,yes,
2026-10-05,iron test,desktop,selling-test-page,/tests/iron/,/tests/iron/,1,,,659,yes,yes,
2026-10-05,is compounded semaglutide safe,phone,treatments,/treatments/is-compounded-semaglutide-safe/,/treatments/compounded-semaglutide/,5,5,,732,no,not checked,other page ranks
2026-10-05,is compounded semaglutide safe,desktop,treatments,/treatments/is-compounded-semaglutide-safe/,/treatments/compounded-semaglutide/,1,,,732,yes,not checked,
2026-10-05,jak2,phone,next-in-line,/tests/jak2-mutation/,/tests/jak2-mutation/,1,1,,1811,yes,yes,
2026-10-05,jak2,desktop,next-in-line,/tests/jak2-mutation/,/tests/jak2-mutation/,1,,,1811,yes,yes,
2026-10-05,jak2 mutation,phone,next-in-line,/tests/jak2-mutation/,/tests/jak2-mutation/,1,1,,1725,yes,yes,
2026-10-05,jak2 mutation,desktop,next-in-line,/tests/jak2-mutation/,/tests/jak2-mutation/,1,,,1725,yes,not checked,
2026-10-05,kidney blood test,phone,selling-test-page,/tests/renal-panel/,/tests/renal-panel/,11,1,,576,no,not checked,
2026-10-05,kidney blood test,desktop,selling-test-page,/tests/renal-panel/,/tests/renal-panel/,14,,,576,no,not checked,
2026-10-05,kidney function test,phone,selling-test-page,/tests/kidney-function-test/,/tests/renal-panel/,14,16,,788,no,not checked,other page ranks
2026-10-05,kidney function test,desktop,selling-test-page,/tests/kidney-function-test/,/tests/renal-panel/,17,,,788,no,not checked,
2026-10-05,kidney panel,phone,selling-test-page,/tests/kidney-function-test/,/tests/renal-panel/,1,1,,257,yes,yes,other page ranks
2026-10-05,kidney panel,desktop,selling-test-page,/tests/kidney-function-test/,/tests/renal-panel/,1,,,257,yes,yes,
2026-10-05,lab test for latex allergy,phone,not-ranking-yet,/tests/latex-allergy-test/,,,29,,0,no,not checked,
2026-10-05,lab test for latex allergy,desktop,not-ranking-yet,/tests/latex-allergy-test/,/tests/latex-allergy-test/,1,,,0,yes,not checked,
2026-10-05,lab test for psa,phone,selling-test-page,/tests/prostate-specific-antigen-psa/,/tests/prostate-specific-antigen-psa/,14,15,,562,no,not checked,
2026-10-05,lab test for psa,desktop,selling-test-page,/tests/prostate-specific-antigen-psa/,/tests/prostate-specific-antigen-psa/,17,,,562,no,not checked,
2026-10-05,lab tests online,phone,brand,/,/,1,1,,616,no,not checked,
2026-10-05,lab tests online,desktop,brand,/,/,1,,,616,no,not checked,
2026-10-05,lab tests online website,phone,brand,/,/,1,1,,57,yes,yes,
2026-10-05,lab tests online website,desktop,brand,/,/,1,,,57,yes,yes,
2026-10-05,labs for gout,phone,category,/gout-testing/,/gout-testing/,5,1,,219,no,yes,
2026-10-05,labs for gout,desktop,category,/gout-testing/,/gout-testing/,1,,,219,yes,yes,
2026-10-05,labtestsonline,phone,brand,/,/,1,1,,192,no,not checked,
2026-10-05,labtestsonline,desktop,brand,/,/,1,,,192,no,not checked,
2026-10-05,labtestsonline.org,phone,brand,/,/,3,3,,67,yes,not checked,
2026-10-05,labtestsonline.org,desktop,brand,/,/,2,,,67,yes,not checked,
2026-10-05,lactate,phone,next-in-line,/tests/lactate/,/tests/lactate/,1,8,,7236,yes,not checked,refresh
2026-10-05,lactate,desktop,next-in-line,/tests/lactate/,/tests/lactate/,9,,,7236,no,not checked,
2026-10-05,lactate blood test,phone,next-in-line,/tests/lactate/,/tests/lactate/,1,1,,1643,yes,yes,
2026-10-05,lactate blood test,desktop,next-in-line,/tests/lactate/,/tests/lactate/,1,,,1643,yes,yes,
2026-10-05,lactate dehydrogenase,phone,next-in-line,/tests/lactate-dehydrogenase-ldh/,/tests/lactate-dehydrogenase-ldh/,5,8,,19630,no,not checked,refresh
2026-10-05,lactate dehydrogenase,desktop,next-in-line,/tests/lactate-dehydrogenase-ldh/,/tests/lactate-dehydrogenase-ldh/,8,,,19630,no,no,
2026-10-05,lactoferrin stool,phone,next-in-line,/tests/lactoferrin/,/tests/lactoferrin/,3,1,,908,no,yes,
2026-10-05,lactoferrin stool,desktop,next-in-line,/tests/lactoferrin/,/tests/lactoferrin/,1,,,908,yes,yes,
2026-10-05,lactose intolerance test,phone,kept,/tests/lactose-tolerance-test/,/tests/lactose-tolerance-test/,1,1,,847,yes,not checked,
2026-10-05,lactose intolerance test,desktop,kept,/tests/lactose-tolerance-test/,/tests/lactose-tolerance-test/,1,,,847,yes,no,
2026-10-05,lactose tolerance test,phone,kept,/tests/lactose-tolerance-test/,/tests/lactose-tolerance-test/,1,1,,191,yes,yes,
2026-10-05,lactose tolerance test,desktop,kept,/tests/lactose-tolerance-test/,/tests/lactose-tolerance-test/,1,,,191,yes,yes,
2026-10-05,latex allergy test,phone,not-ranking-yet,/tests/latex-allergy-test/,/tests/latex-allergy-test/,1,1,,18,yes,yes,
2026-10-05,latex allergy test,desktop,not-ranking-yet,/tests/latex-allergy-test/,/tests/latex-allergy-test/,1,,,18,yes,yes,
2026-10-05,latex allergy testing,phone,not-ranking-yet,/tests/latex-allergy-test/,/tests/latex-allergy-test/,1,1,,20,yes,yes,
2026-10-05,latex allergy testing,desktop,not-ranking-yet,/tests/latex-allergy-test/,/tests/latex-allergy-test/,1,,,20,yes,yes,
2026-10-05,ldh blood test,phone,next-in-line,/tests/lactate-dehydrogenase-ldh/,/tests/lactate-dehydrogenase-ldh/,1,1,,13260,yes,not checked,buy button
2026-10-05,ldh blood test,desktop,next-in-line,/tests/lactate-dehydrogenase-ldh/,/tests/lactate-dehydrogenase-ldh/,7,,,13260,no,not checked,
2026-10-05,ldl blood test,phone,next-in-line,/tests/ldl-cholesterol/,/tests/ldl-cholesterol/,1,1,,3062,yes,not checked,buy button
2026-10-05,ldl blood test,desktop,next-in-line,/tests/ldl-cholesterol/,/tests/ldl-cholesterol/,1,,,3062,yes,not checked,
2026-10-05,ldl calculated,phone,next-in-line,/tests/ldl-cholesterol/,/tests/ldl-cholesterol/,1,12,,277,yes,not checked,
2026-10-05,ldl calculated,desktop,next-in-line,/tests/ldl-cholesterol/,/tests/ldl-cholesterol/,1,,,277,yes,not checked,
2026-10-05,ldl cholesterol test,phone,kept,/tests/ldl-cholesterol/,/tests/ldl-cholesterol/,13,13,,19,no,not checked,
2026-10-05,ldl cholesterol test,desktop,kept,/tests/ldl-cholesterol/,/tests/ldl-cholesterol/,24,,,19,no,not checked,
2026-10-05,ldl direct,phone,selling-test-page,/tests/direct-ldl-cholesterol/,/tests/direct-ldl-cholesterol/,1,1,,1768,yes,yes,
2026-10-05,ldl direct,desktop,selling-test-page,/tests/direct-ldl-cholesterol/,/tests/direct-ldl-cholesterol/,1,,,1768,yes,yes,
2026-10-05,ldl direct blood test,phone,selling-test-page,/tests/direct-ldl-cholesterol/,/tests/direct-ldl-cholesterol/,1,1,,554,yes,yes,
2026-10-05,ldl direct blood test,desktop,selling-test-page,/tests/direct-ldl-cholesterol/,/tests/direct-ldl-cholesterol/,1,,,554,yes,yes,
2026-10-05,ldl direct test,phone,kept,/tests/direct-ldl-cholesterol/,/tests/direct-ldl-cholesterol/,4,1,,40,no,yes,
2026-10-05,ldl direct test,desktop,kept,/tests/direct-ldl-cholesterol/,/tests/direct-ldl-cholesterol/,4,,,40,no,yes,
2026-10-05,ldl particle number,phone,next-in-line,/tests/ldl-particle-testing-ldl-p/,/tests/ldl-particle-testing-ldl-p/,5,14,,1265,no,not checked,refresh
2026-10-05,ldl particle number,desktop,next-in-line,/tests/ldl-particle-testing-ldl-p/,/tests/ldl-particle-testing-ldl-p/,33,,,1265,no,not checked,
2026-10-05,ldl-p,phone,next-in-line,/tests/ldl-particle-testing-ldl-p/,/tests/ldl-particle-testing-ldl-p/,13,13,,919,no,not checked,
2026-10-05,ldl-p,desktop,next-in-line,/tests/ldl-particle-testing-ldl-p/,/tests/ldl-particle-testing-ldl-p/,13,,,919,no,not checked,
2026-10-05,lead blood test,phone,selling-test-page,/tests/lead/,/tests/lead/,1,1,,871,yes,no,
2026-10-05,lead blood test,desktop,selling-test-page,/tests/lead/,/tests/lead/,1,,,871,yes,no,
2026-10-05,lead test,phone,selling-test-page,/tests/lead/,/tests/lead/,1,1,,679,yes,not checked,
2026-10-05,lead test,desktop,selling-test-page,/tests/lead/,/tests/lead/,12,,,679,no,not checked,
2026-10-05,lead testing,phone,selling-test-page,/tests/lead/,,,19,,704,no,not checked,
2026-10-05,lead testing,desktop,selling-test-page,/tests/lead/,/,24,,,704,no,not checked,
2026-10-05,lead urine test,phone,kept,/tests/lead/,/tests/lead-urine-test/,1,1,,61,yes,yes,other page ranks
2026-10-05,lead urine test,desktop,kept,/tests/lead/,/tests/lead-urine-test/,1,,,61,yes,yes,
2026-10-05,lemon allergy test,phone,not-ranking-yet,/tests/lemon-allergy-test/,/tests/lemon-allergy-test/,6,6,,10,no,not checked,
2026-10-05,lemon allergy test,desktop,not-ranking-yet,/tests/lemon-allergy-test/,/tests/lemon-allergy-test/,5,,,10,no,not checked,
2026-10-05,lh blood test,phone,selling-test-page,/tests/luteinizing-hormone-lh/,/tests/luteinizing-hormone-lh/,1,1,,992,yes,yes,
2026-10-05,lh blood test,desktop,selling-test-page,/tests/luteinizing-hormone-lh/,/tests/luteinizing-hormone-lh/,1,,,992,yes,yes,
2026-10-05,lh test,phone,selling-test-page,/tests/luteinizing-hormone-lh/,/tests/luteinizing-hormone-lh/,1,1,,1444,yes,yes,
2026-10-05,lh test,desktop,selling-test-page,/tests/luteinizing-hormone-lh/,/tests/luteinizing-hormone-lh/,1,,,1444,yes,yes,
2026-10-05,lipase,phone,selling-test-page,/tests/lipase/,/tests/lipase/,21,25,,187,no,not checked,
2026-10-05,lipase,desktop,selling-test-page,/tests/lipase/,,,,,187,no,not checked,
2026-10-05,lipase blood test,phone,selling-test-page,/tests/lipase/,/tests/lipase/,1,1,,4884,yes,yes,
2026-10-05,lipase blood test,desktop,selling-test-page,/tests/lipase/,/tests/lipase/,1,,,4884,yes,yes,
2026-10-05,lipase test,phone,selling-test-page,/tests/lipase/,/tests/lipase/,1,1,,2670,yes,yes,
2026-10-05,lipase test,desktop,selling-test-page,/tests/lipase/,/tests/lipase/,1,,,2670,yes,yes,
2026-10-05,lipid panel,phone,next-in-line,/tests/lipid-panel/,/tests/lipid-panel/,8,8,,32148,no,not checked,refresh
2026-10-05,lipid panel,desktop,next-in-line,/tests/lipid-panel/,/tests/lipid-panel/,8,,,32148,no,not checked,
2026-10-05,lipid panel test,phone,next-in-line,/tests/lipid-panel/,/tests/lipid-panel/,1,1,,8430,yes,yes,buy button
2026-10-05,lipid panel test,desktop,next-in-line,/tests/lipid-panel/,/tests/lipid-panel/,1,,,8430,yes,yes,
2026-10-05,lipoprotein a test,phone,selling-test-page,/tests/lipoprotein-a/,/tests/lipoprotein-a/,16,23,,5028,no,not checked,
2026-10-05,lipoprotein a test,desktop,selling-test-page,/tests/lipoprotein-a/,/tests/lipoprotein-a/,42,,,5028,no,not checked,
2026-10-05,lithium,phone,selling-test-page,/tests/lithium/,,,101,,0,no,not checked,
2026-10-05,lithium,desktop,selling-test-page,/tests/lithium/,,,,,0,no,not checked,
2026-10-05,lithium blood test,phone,selling-test-page,/tests/lithium/,/tests/lithium/,1,1,,336,yes,yes,
2026-10-05,lithium blood test,desktop,selling-test-page,/tests/lithium/,/tests/lithium/,1,,,336,yes,yes,
2026-10-05,lithium labs,phone,selling-test-page,/tests/lithium/,/tests/lithium/,21,14,,203,no,yes,
2026-10-05,lithium labs,desktop,selling-test-page,/tests/lithium/,/tests/lithium/,1,,,203,yes,yes,
2026-10-05,lithium test,phone,kept,/tests/lithium/,/tests/lithium/,1,1,,150,yes,yes,
2026-10-05,lithium test,desktop,kept,/tests/lithium/,/tests/lithium/,1,,,150,yes,yes,
2026-10-05,liver function test,phone,kept,/tests/liver-panel/,/tests/liver-panel/,24,23,,242,no,not checked,
2026-10-05,liver function test,desktop,kept,/tests/liver-panel/,,,,,242,no,not checked,
2026-10-05,liver function test fasting required,phone,selling-test-page,/tests/liver-panel/,/tests/liver-panel/,11,3,,91,no,yes,
2026-10-05,liver function test fasting required,desktop,selling-test-page,/tests/liver-panel/,/tests/liver-panel/,24,,,91,no,yes,
2026-10-05,liver kidney microsomal antibody,phone,next-in-line,/tests/anti-lkm-1/,/tests/anti-lkm-1/,1,1,,263,yes,yes,
2026-10-05,liver kidney microsomal antibody,desktop,next-in-line,/tests/anti-lkm-1/,/tests/anti-lkm-1/,1,,,263,yes,yes,
2026-10-05,liver panel,phone,selling-test-page,/tests/liver-panel/,/tests/liver-panel/,1,1,,1057,yes,yes,
2026-10-05,liver panel,desktop,selling-test-page,/tests/liver-panel/,/tests/liver-panel/,1,,,1057,yes,yes,
2026-10-05,liver panel test,phone,kept,/tests/liver-panel/,/tests/liver-panel/,1,1,,368,yes,yes,
2026-10-05,liver panel test,desktop,kept,/tests/liver-panel/,/tests/liver-panel/,12,,,368,no,not checked,
2026-10-05,lpa blood test,phone,kept,/tests/lipoprotein-a/,/tests/lipoprotein-a/,16,17,,158,no,not checked,
2026-10-05,lpa blood test,desktop,kept,/tests/lipoprotein-a/,/tests/lipoprotein-a/,16,,,158,no,not checked,
2026-10-05,lpa test,phone,selling-test-page,/tests/lipoprotein-a/,/tests/lipoprotein-a/,19,16,,1072,no,not checked,
2026-10-05,lpa test,desktop,selling-test-page,/tests/lipoprotein-a/,/tests/lipoprotein-a/,16,,,1072,no,not checked,
2026-10-05,lupus anticoagulant,phone,next-in-line,/tests/lupus-anticoagulant-testing/,/tests/lupus-anticoagulant-testing/,16,16,,866,no,not checked,
2026-10-05,lupus anticoagulant,desktop,next-in-line,/tests/lupus-anticoagulant-testing/,/tests/lupus-anticoagulant-testing/,16,,,866,no,not checked,
2026-10-05,lupus anticoagulant test,phone,next-in-line,/tests/lupus-anticoagulant-testing/,/tests/lupus-anticoagulant-testing/,1,1,,694,yes,yes,
2026-10-05,lupus anticoagulant test,desktop,next-in-line,/tests/lupus-anticoagulant-testing/,/tests/lupus-anticoagulant-testing/,1,,,694,yes,yes,
2026-10-05,luteinizing hormone,phone,selling-test-page,/tests/luteinizing-hormone-lh/,/tests/luteinizing-hormone-lh/,36,33,,51,no,not checked,
2026-10-05,luteinizing hormone,desktop,selling-test-page,/tests/luteinizing-hormone-lh/,/tests/luteinizing-hormone-lh/,40,,,51,no,not checked,
2026-10-05,luteinizing hormone test,phone,kept,/tests/luteinizing-hormone-lh/,/tests/luteinizing-hormone-lh/,1,1,,325,yes,yes,
2026-10-05,luteinizing hormone test,desktop,kept,/tests/luteinizing-hormone-lh/,/tests/luteinizing-hormone-lh/,1,,,325,yes,yes,
2026-10-05,lyme disease test,phone,category,/lyme-disease-testing/,/tests/lyme-disease-titers-test/,34,32,,666,no,not checked,other page ranks
2026-10-05,lyme disease test,desktop,category,/lyme-disease-testing/,/tests/at-home-lyme-disease-test/,52,,,666,no,not checked,
2026-10-05,lyme titer,phone,category,/lyme-disease-testing/,/lyme-disease-testing/,1,1,,248,yes,yes,
2026-10-05,lyme titer,desktop,category,/lyme-disease-testing/,/lyme-disease-testing/,1,,,248,yes,yes,
2026-10-05,lyme titer test,phone,kept,/tests/lyme-disease-titers-test/,/tests/lyme-disease-titers-test/,22,22,,10,no,not checked,
2026-10-05,lyme titer test,desktop,kept,/tests/lyme-disease-titers-test/,,,,,10,no,not checked,
2026-10-05,lymphocyte panel,phone,kept,/tests/lymphocyte-subset-panel/,/tests/lymphocyte-subset-panel/,1,1,,73,yes,yes,
2026-10-05,lymphocyte panel,desktop,kept,/tests/lymphocyte-subset-panel/,/tests/lymphocyte-subset-panel/,1,,,73,yes,yes,
2026-10-05,lymphocytes subset panel,phone,kept,/tests/lymphocyte-subset-panel/,/tests/lymphocyte-subset-panel/,1,1,,41,yes,yes,
2026-10-05,lymphocytes subset panel,desktop,kept,/tests/lymphocyte-subset-panel/,/tests/lymphocyte-subset-panel/,1,,,41,yes,yes,
2026-10-05,magnesium blood test,phone,selling-test-page,/tests/magnesium/,/tests/magnesium/,19,19,,677,no,no,
2026-10-05,magnesium blood test,desktop,selling-test-page,/tests/magnesium/,/tests/magnesium/,19,,,677,no,no,
2026-10-05,magnesium lab,phone,selling-test-page,/tests/magnesium-blood-serum-test/,/tests/magnesium/,29,19,,112,no,not checked,other page ranks
2026-10-05,magnesium lab,desktop,selling-test-page,/tests/magnesium-blood-serum-test/,/tests/magnesium/,27,,,112,no,yes,
2026-10-05,magnesium levels in blood test,phone,kept,/tests/magnesium-blood-serum-test/,/tests/magnesium-blood-serum-test/,46,25,,83,no,not checked,
2026-10-05,magnesium levels in blood test,desktop,kept,/tests/magnesium-blood-serum-test/,/tests/magnesium/,26,,,83,no,not checked,
2026-10-05,magnesium serum,phone,selling-test-page,/tests/magnesium-blood-serum-test/,/tests/magnesium-blood-serum-test/,6,14,,131,no,no,
2026-10-05,magnesium serum,desktop,selling-test-page,/tests/magnesium-blood-serum-test/,/tests/magnesium-blood-serum-test/,15,,,131,no,no,
2026-10-05,magnesium test,phone,selling-test-page,/tests/magnesium/,/tests/magnesium/,33,26,,116,no,not checked,
2026-10-05,magnesium test,desktop,selling-test-page,/tests/magnesium/,/tests/magnesium/,44,,,116,no,yes,
2026-10-05,magnesium urine test,phone,kept,/tests/magnesium/,/tests/magnesium-urine-test/,1,1,,75,yes,yes,other page ranks
2026-10-05,magnesium urine test,desktop,kept,/tests/magnesium/,/tests/magnesium-urine-test/,1,,,75,yes,yes,
2026-10-05,male hormone test list,phone,next-in-line,/tests/standard-male-hormone-test/,/tests/standard-male-hormone-test/,1,1,,29,yes,not checked,
2026-10-05,male hormone test list,desktop,next-in-line,/tests/standard-male-hormone-test/,/tests/standard-male-hormone-test/,1,,,29,yes,not checked,
2026-10-05,male wellness panel,phone,selling-test-page,/tests/standard-male-wellness-panel/,/mens-comprehensive-health-testing/,1,1,,71,yes,no,other page ranks
2026-10-05,male wellness panel,desktop,selling-test-page,/tests/standard-male-wellness-panel/,/mens-comprehensive-health-testing/,1,,,71,yes,no,
2026-10-05,manual differential blood test,phone,next-in-line,/tests/white-blood-cell-wbc-differential/,/tests/white-blood-cell-wbc-differential/,1,1,,667,yes,yes,
2026-10-05,manual differential blood test,desktop,next-in-line,/tests/white-blood-cell-wbc-differential/,/tests/white-blood-cell-wbc-differential/,1,,,667,yes,yes,
2026-10-05,mch,phone,next-in-line,/tests/mch-test/,/articles/what-does-high-mch-blood-test-result-mean/,1,1,,40917,yes,not checked,other page ranks
2026-10-05,mch,desktop,next-in-line,/tests/mch-test/,/articles/what-does-high-mch-blood-test-result-mean/,1,,,40917,yes,not checked,
2026-10-05,mch blood test,phone,next-in-line,/tests/mch-test/,/articles/what-does-high-mch-blood-test-result-mean/,1,1,,77336,yes,yes,other page ranks
2026-10-05,mch blood test,desktop,next-in-line,/tests/mch-test/,/articles/what-does-high-mch-blood-test-result-mean/,1,,,77336,yes,yes,
2026-10-05,mcv blood test,phone,next-in-line,/tests/mcv-test/,/tests/mcv-test/,17,9,,4622,no,not checked,refresh
2026-10-05,mcv blood test,desktop,next-in-line,/tests/mcv-test/,/tests/mcv-test/,21,,,4622,no,not checked,
2026-10-05,mean cell hemoglobin,phone,next-in-line,/tests/mchc-test/,/articles/what-does-high-mch-blood-test-result-mean/,1,1,,2930,yes,yes,other page ranks
2026-10-05,mean cell hemoglobin,desktop,next-in-line,/tests/mchc-test/,/articles/what-does-high-mch-blood-test-result-mean/,1,,,2930,yes,yes,
2026-10-05,mean cell hemoglobin concentration,phone,next-in-line,/tests/mchc-test/,/tests/mchc-test/,1,1,,981,yes,not checked,
2026-10-05,mean cell hemoglobin concentration,desktop,next-in-line,/tests/mchc-test/,/tests/mchc-test/,1,,,981,yes,not checked,
2026-10-05,mean corpuscular volume,phone,next-in-line,/tests/mcv-test/,/tests/mcv-test/,1,1,,2334,yes,not checked,buy button
2026-10-05,mean corpuscular volume,desktop,next-in-line,/tests/mcv-test/,/tests/mcv-test/,19,,,2334,no,not checked,
2026-10-05,measles immunity test,phone,kept,/tests/measles-igg-immunity-test/,/tests/measles-and-mumps-tests/,1,1,,177,yes,yes,other page ranks
2026-10-05,measles immunity test,desktop,kept,/tests/measles-igg-immunity-test/,/tests/measles-and-mumps-tests/,1,,,177,yes,yes,
2026-10-05,measles titer,phone,kept,/tests/antibody-titer-test/,/tests/measles-igg-immunity-test/,1,1,,1118,yes,yes,other page ranks
2026-10-05,measles titer,desktop,kept,/tests/antibody-titer-test/,/tests/measles-igg-immunity-test/,1,,,1118,yes,yes,
2026-10-05,measles titer test,phone,kept,/tests/antibody-titer-test/,/tests/measles-and-mumps-tests/,1,1,,997,yes,yes,other page ranks
2026-10-05,measles titer test,desktop,kept,/tests/antibody-titer-test/,/tests/measles-and-mumps-tests/,1,,,997,yes,yes,
2026-10-05,men's health test,phone,category,/mens-comprehensive-health-testing/,/mens-comprehensive-health-testing/,13,12,,4043,no,not checked,refresh
2026-10-05,men's health test,desktop,category,/mens-comprehensive-health-testing/,/tests/standard-male-hormone-test/,3,,,4043,no,not checked,
2026-10-05,men's hormone panel,phone,not-ranking-yet,/tests/mens-expanded-hormone-panel/,/tests/standard-male-hormone-test/,1,1,,10,yes,yes,other page ranks
2026-10-05,men's hormone panel,desktop,not-ranking-yet,/tests/mens-expanded-hormone-panel/,/tests/standard-male-hormone-test/,1,,,10,yes,yes,
2026-10-05,men's hormone test panel,phone,not-ranking-yet,/tests/mens-expanded-hormone-panel/,/tests/standard-male-hormone-test/,1,1,,23,yes,yes,other page ranks
2026-10-05,men's hormone test panel,desktop,not-ranking-yet,/tests/mens-expanded-hormone-panel/,/tests/standard-male-hormone-test/,1,,,23,yes,yes,
2026-10-05,menopause test,phone,category,/menopause-testing/,/tests/menopause-testing/,6,7,,2756,no,yes,other page ranks
2026-10-05,menopause test,desktop,category,/menopause-testing/,/tests/menopause-testing/,9,,,2756,no,not checked,
2026-10-05,mens hormone panel,phone,selling-test-page,/tests/comprehensive-male-wellness-panel/,/tests/standard-male-hormone-test/,1,1,,158,yes,yes,other page ranks
2026-10-05,mens hormone panel,desktop,selling-test-page,/tests/comprehensive-male-wellness-panel/,/tests/standard-male-hormone-test/,1,,,158,yes,yes,
2026-10-05,mercury blood test,phone,selling-test-page,/tests/mercury/,/tests/mercury/,1,1,,144,yes,yes,
2026-10-05,mercury blood test,desktop,selling-test-page,/tests/mercury/,/tests/mercury/,1,,,144,yes,yes,
2026-10-05,mercury test,phone,selling-test-page,/tests/mercury/,/tests/mercury-urine-test/,1,1,,141,yes,yes,other page ranks
2026-10-05,mercury test,desktop,selling-test-page,/tests/mercury/,/tests/mercury-urine-test/,1,,,141,yes,yes,
2026-10-05,mercury testing,phone,selling-test-page,/tests/mercury/,/tests/mercury-urine-test/,1,1,,98,yes,yes,other page ranks
2026-10-05,mercury testing,desktop,selling-test-page,/tests/mercury/,/tests/mercury-urine-test/,1,,,98,yes,yes,
2026-10-05,mercury urine test,phone,kept,/tests/mercury/,/tests/mercury-urine-test/,1,1,,62,yes,yes,other page ranks
2026-10-05,mercury urine test,desktop,kept,/tests/mercury/,/tests/mercury-urine-test/,1,,,62,yes,yes,
2026-10-05,metabolic panel,phone,selling-test-page,/tests/comprehensive-metabolic-panel-cmp/,/tests/standard-health-test/,10,10,,1791,no,yes,refresh; other page ranks
2026-10-05,metabolic panel,desktop,selling-test-page,/tests/comprehensive-metabolic-panel-cmp/,/tests/comprehensive-metabolic-panel-cmp/,1,,,1791,yes,yes,
2026-10-05,metal test,phone,category,/heavy-metals-and-toxins-testing/,/tests/heavy-metals/,1,1,,1182,yes,yes,other page ranks
2026-10-05,metal test,desktop,category,/heavy-metals-and-toxins-testing/,/tests/heavy-metals-and-toxins-testing/,12,,,1182,no,yes,
2026-10-05,metanephrines,phone,next-in-line,/tests/plasma-free-metanephrines/,/tests/metanephrines/,1,1,,2473,yes,yes,buy button; other page ranks
2026-10-05,metanephrines,desktop,next-in-line,/tests/plasma-free-metanephrines/,/tests/metanephrines/,1,,,2473,yes,yes,
2026-10-05,metanephrines blood test,phone,next-in-line,/tests/plasma-free-metanephrines/,/tests/plasma-free-metanephrines/,1,1,,1393,yes,yes,
2026-10-05,metanephrines blood test,desktop,next-in-line,/tests/plasma-free-metanephrines/,/tests/plasma-free-metanephrines/,13,,,1393,no,yes,
2026-10-05,methylmalonic acid,phone,next-in-line,/tests/methylmalonic-acid/,/tests/methylmalonic-acid/,1,1,,5287,yes,yes,buy button
2026-10-05,methylmalonic acid,desktop,next-in-line,/tests/methylmalonic-acid/,/tests/methylmalonic-acid/,1,,,5287,yes,yes,
2026-10-05,methylmalonic acid test,phone,next-in-line,/tests/methylmalonic-acid/,/tests/methylmalonic-acid/,19,1,,3230,no,yes,buy button
2026-10-05,methylmalonic acid test,desktop,next-in-line,/tests/methylmalonic-acid/,/tests/methylmalonic-acid/,1,,,3230,yes,yes,
2026-10-05,mgen test,phone,std-pages,/tests/mycoplasma/,/tests/mycoplasma/,1,1,,1477,yes,yes,
2026-10-05,mgen test,desktop,std-pages,/tests/mycoplasma/,/tests/mycoplasma/,1,,,1477,yes,yes,
2026-10-05,mgen testing,phone,std-pages,/tests/mycoplasma/,/tests/mycoplasma/,1,1,,227,yes,yes,
2026-10-05,mgen testing,desktop,std-pages,/tests/mycoplasma/,/tests/mycoplasma/,1,,,227,yes,yes,
2026-10-05,microalbumin creatinine ratio test,phone,kept,/tests/urine-albumin-and-albumin-creatinine-ratio/,,,19,,0,no,not checked,
2026-10-05,microalbumin creatinine ratio test,desktop,kept,/tests/urine-albumin-and-albumin-creatinine-ratio/,/tests/urine-albumin-and-albumin-creatinine-ratio/,22,,,0,no,not checked,
2026-10-05,microalbumin random,phone,selling-test-page,/tests/urine-albumin-and-albumin-creatinine-ratio/,/tests/urine-albumin-and-albumin-creatinine-ratio/,1,1,,524,yes,yes,
2026-10-05,microalbumin random,desktop,selling-test-page,/tests/urine-albumin-and-albumin-creatinine-ratio/,/tests/urine-albumin-and-albumin-creatinine-ratio/,1,,,524,yes,yes,
2026-10-05,microalbumin random urine,phone,selling-test-page,/tests/urine-albumin-and-albumin-creatinine-ratio/,/tests/urine-albumin-and-albumin-creatinine-ratio/,1,1,,562,yes,yes,
2026-10-05,microalbumin random urine,desktop,selling-test-page,/tests/urine-albumin-and-albumin-creatinine-ratio/,/tests/urine-albumin-and-albumin-creatinine-ratio/,1,,,562,yes,yes,
2026-10-05,mmr titer test,phone,kept,/tests/antibody-titer-test/,/tests/measles-and-mumps-tests/,1,1,,1381,yes,no,other page ranks
2026-10-05,mmr titer test,desktop,kept,/tests/antibody-titer-test/,/tests/measles-and-mumps-tests/,1,,,1381,yes,no,
2026-10-05,mold exposure test,phone,next-in-line,/tests/black-mold-exposure-test/,/tests/black-mold-exposure-test/,1,1,,928,yes,no,
2026-10-05,mold exposure test,desktop,next-in-line,/tests/black-mold-exposure-test/,/tests/black-mold-exposure-test/,1,,,928,yes,yes,
2026-10-05,mono blood test,phone,next-in-line,/tests/mononucleosis-mono-test/,/tests/mononucleosis-mono-test/,7,7,,3331,no,not checked,
2026-10-05,mono blood test,desktop,next-in-line,/tests/mononucleosis-mono-test/,/tests/mononucleosis-mono-test/,7,,,3331,no,not checked,
2026-10-05,mono spot test,phone,kept,/tests/mononucleosis-mono-test/,/tests/mononucleosis-mono-test/,1,1,,220,yes,yes,
2026-10-05,mono spot test,desktop,kept,/tests/mononucleosis-mono-test/,/tests/mononucleosis-mono-test/,1,,,220,yes,yes,
2026-10-05,mono test,phone,next-in-line,/tests/mononucleosis-mono-test/,/tests/mononucleosis-mono-test/,1,1,,5006,yes,yes,buy button
2026-10-05,mono test,desktop,next-in-line,/tests/mononucleosis-mono-test/,/tests/mononucleosis-mono-test/,1,,,5006,yes,yes,
2026-10-05,mononucleosis test,phone,kept,/tests/mononucleosis-mono-test/,/tests/mononucleosis-mono-test/,1,1,,680,yes,yes,
2026-10-05,mononucleosis test,desktop,kept,/tests/mononucleosis-mono-test/,/tests/mononucleosis-mono-test/,1,,,680,yes,yes,
2026-10-05,mould allergy test,phone,selling-test-page,/tests/black-mold-allergy-test/,/tests/black-mold-exposure-test/,16,1,,384,no,not checked,other page ranks
2026-10-05,mould allergy test,desktop,selling-test-page,/tests/black-mold-allergy-test/,/tests/black-mold-exposure-test/,25,,,384,no,not checked,
2026-10-05,mthfr gene mutation,phone,next-in-line,/tests/mthfr-mutation/,/tests/mthfr-mutation/,8,8,,44524,no,not checked,refresh
2026-10-05,mthfr gene mutation,desktop,next-in-line,/tests/mthfr-mutation/,/tests/mthfr-mutation/,8,,,44524,no,not checked,
2026-10-05,mthfr mutation,phone,next-in-line,/tests/mthfr-mutation/,/tests/mthfr-mutation/,1,7,,5994,yes,not checked,
2026-10-05,mthfr mutation,desktop,next-in-line,/tests/mthfr-mutation/,/tests/mthfr-mutation/,1,,,5994,yes,not checked,
2026-10-05,mumps test,phone,kept,/tests/measles-and-mumps-tests/,/tests/mumps-igg-immunity-test/,33,34,,13,no,not checked,other page ranks
2026-10-05,mumps test,desktop,kept,/tests/measles-and-mumps-tests/,/tests/mumps-igg-immunity-test/,43,,,13,no,not checked,
2026-10-05,mumps titer,phone,kept,/tests/mumps-igg-immunity-test/,/tests/mumps-igg-immunity-test/,1,1,,192,yes,yes,
2026-10-05,mumps titer,desktop,kept,/tests/mumps-igg-immunity-test/,/tests/mumps-igg-immunity-test/,1,,,192,yes,yes,
2026-10-05,mumps titer test,phone,kept,/tests/mumps-igg-immunity-test/,/tests/measles-and-mumps-tests/,1,1,,125,yes,yes,other page ranks
2026-10-05,mumps titer test,desktop,kept,/tests/mumps-igg-immunity-test/,/tests/measles-and-mumps-tests/,1,,,125,yes,yes,
2026-10-05,mushroom allergy test,phone,not-ranking-yet,/tests/mushroom-allergy-test/,/tests/mushroom-allergy-test/,1,1,,6,yes,yes,
2026-10-05,mushroom allergy test,desktop,not-ranking-yet,/tests/mushroom-allergy-test/,/tests/mushroom-allergy-test/,1,,,6,yes,yes,
2026-10-05,mycoplasma genitalium,phone,std-pages,/tests/mycoplasma/,,,101,,9,no,not checked,
2026-10-05,mycoplasma genitalium,desktop,std-pages,/tests/mycoplasma/,,,,,9,no,not checked,
2026-10-05,mycoplasma genitalium antibiotics,phone,treatments,/treatments/mycoplasma-genitalium/,,,40,,80,no,not checked,
2026-10-05,mycoplasma genitalium antibiotics,desktop,treatments,/treatments/mycoplasma-genitalium/,/treatments/mycoplasma-genitalium/,34,,,80,no,not checked,
2026-10-05,mycoplasma genitalium test,phone,std-pages,/tests/mycoplasma/,/treatments/mycoplasma-genitalium/,74,73,,1208,no,yes,other page ranks
2026-10-05,mycoplasma genitalium test,desktop,std-pages,/tests/mycoplasma/,/tests/mycoplasma/,47,,,1208,no,yes,
2026-10-05,mycoplasma in urine,phone,std-pages,/tests/mycoplasma/,/tests/mycoplasma/,1,1,,33,yes,not checked,
2026-10-05,mycoplasma in urine,desktop,std-pages,/tests/mycoplasma/,/tests/mycoplasma/,1,,,33,yes,yes,
2026-10-05,mycoplasma test,phone,std-pages,/tests/mycoplasma/,/tests/mycoplasma/,1,1,,1526,yes,not checked,
2026-10-05,mycoplasma test,desktop,std-pages,/tests/mycoplasma/,/std-testing/mycoplasma-ureaplasma-test/,21,,,1526,no,yes,
2026-10-05,mycoplasma urine,phone,std-pages,/tests/mycoplasma/,/std-testing/mycoplasma-ureaplasma-test/,1,1,,106,yes,yes,other page ranks
2026-10-05,mycoplasma urine,desktop,std-pages,/tests/mycoplasma/,/tests/mycoplasma/,1,,,106,yes,yes,
2026-10-05,mycoplasma urine test,phone,std-pages,/tests/mycoplasma/,/std-testing/mycoplasma-ureaplasma-test/,1,1,,87,yes,yes,other page ranks
2026-10-05,mycoplasma urine test,desktop,std-pages,/tests/mycoplasma/,/std-testing/mycoplasma-ureaplasma-test/,1,,,87,yes,yes,
2026-10-05,na blood test,phone,next-in-line,/tests/sodium/,/tests/sodium/,16,1,,1207,no,not checked,
2026-10-05,na blood test,desktop,next-in-line,/tests/sodium/,/tests/sodium/,1,,,1207,yes,not checked,
2026-10-05,naat chlamydia,phone,std-pages,/tests/chlamydia-urine-test/,/std-testing/chlamydia-gonorrhea-test/,1,1,,55,yes,yes,other page ranks
2026-10-05,naat chlamydia,desktop,std-pages,/tests/chlamydia-urine-test/,/std-testing/chlamydia-gonorrhea-test/,1,,,55,yes,yes,
2026-10-05,naat gonorrhea,phone,std-pages,/tests/gonorrhea-urine-test/,/tests/gonorrhea-test/,1,1,,58,yes,not checked,other page ranks
2026-10-05,naat gonorrhea,desktop,std-pages,/tests/gonorrhea-urine-test/,/tests/gonorrhea-test/,1,,,58,yes,yes,
2026-10-05,nad + injections,phone,treatments,/treatments/nad/,/treatments/nad-injections-benefits/,1,1,,1219,yes,yes,other page ranks
2026-10-05,nad + injections,desktop,treatments,/treatments/nad/,/treatments/nad-injection-side-effects/,1,,,1219,yes,yes,
2026-10-05,nad injections,phone,treatments,/treatments/nad/,/treatments/nad-injections-benefits/,1,1,,27154,yes,yes,other page ranks
2026-10-05,nad injections,desktop,treatments,/treatments/nad/,/treatments/nad-injections-benefits/,1,,,27154,yes,yes,
2026-10-05,nad shots,phone,treatments,/treatments/nad/,/treatments/nad-injections-benefits/,1,1,,2179,yes,yes,other page ranks
2026-10-05,nad shots,desktop,treatments,/treatments/nad/,/treatments/nad-injections-benefits/,1,,,2179,yes,yes,
2026-10-05,nad shots cost,phone,treatments,/treatments/nad-injections-benefits/,,,101,,1,no,yes,
2026-10-05,nad shots cost,desktop,treatments,/treatments/nad-injections-benefits/,,,,,1,no,yes,
2026-10-05,nad side effects,phone,treatments,/treatments/nad-injection-side-effects/,/treatments/nad-injection-side-effects/,1,1,,2093,yes,not checked,
2026-10-05,nad side effects,desktop,treatments,/treatments/nad-injection-side-effects/,/treatments/nad-injection-side-effects/,1,,,2093,yes,not checked,
2026-10-05,nad+ injections,phone,treatments,/treatments/nad/,/treatments/nad-injections-benefits/,1,1,,12597,yes,yes,other page ranks
2026-10-05,nad+ injections,desktop,treatments,/treatments/nad/,/treatments/nad-injections-benefits/,1,,,12597,yes,yes,
2026-10-05,nad+ side effects,phone,treatments,/treatments/nad-injection-side-effects/,/treatments/nad-injection-side-effects/,1,1,,2554,yes,not checked,
2026-10-05,nad+ side effects,desktop,treatments,/treatments/nad-injection-side-effects/,/treatments/nad-injection-side-effects/,1,,,2554,yes,not checked,
2026-10-05,nicotine test,phone,next-in-line,/tests/nicotine-and-cotinine/,/tests/nicotine-and-cotinine/,1,1,,3840,yes,yes,buy button
2026-10-05,nicotine test,desktop,next-in-line,/tests/nicotine-and-cotinine/,/tests/nicotine-and-cotinine/,1,,,3840,yes,yes,
2026-10-05,nips,phone,next-in-line,/tests/non-invasive-prenatal-screening-nips/,/tests/non-invasive-prenatal-screening-nips/,1,1,,8845,yes,yes,buy button
2026-10-05,nips,desktop,next-in-line,/tests/non-invasive-prenatal-screening-nips/,/tests/non-invasive-prenatal-screening-nips/,1,,,8845,yes,yes,
2026-10-05,nips test,phone,next-in-line,/tests/non-invasive-prenatal-screening-nips/,/tests/non-invasive-prenatal-screening-nips/,36,35,,28,no,not checked,
2026-10-05,nips test,desktop,next-in-line,/tests/non-invasive-prenatal-screening-nips/,,,,,28,no,not checked,
2026-10-05,non hdl cholesterol,phone,next-in-line,/tests/non-high-density-lipoprotein-cholesterol/,/tests/non-high-density-lipoprotein-cholesterol/,1,4,,19829,yes,not checked,
2026-10-05,non hdl cholesterol,desktop,next-in-line,/tests/non-high-density-lipoprotein-cholesterol/,/tests/non-high-density-lipoprotein-cholesterol/,1,,,19829,yes,not checked,
2026-10-05,nt-probnp,phone,selling-test-page,/tests/bnp-and-nt-probnp/,,,101,,197,no,no,
2026-10-05,nt-probnp,desktop,selling-test-page,/tests/bnp-and-nt-probnp/,/tests/bnp-and-nt-probnp/,1,,,197,yes,no,
2026-10-05,oat allergy test,phone,not-ranking-yet,/tests/oat-allergy-test/,/tests/oat-allergy-test/,1,1,,21,yes,yes,
2026-10-05,oat allergy test,desktop,not-ranking-yet,/tests/oat-allergy-test/,/tests/oat-allergy-test/,1,,,21,yes,yes,
2026-10-05,oat allergy testing,phone,not-ranking-yet,/tests/oat-allergy-test/,/tests/oat-allergy-test/,1,1,,3,yes,yes,
2026-10-05,oat allergy testing,desktop,not-ranking-yet,/tests/oat-allergy-test/,/tests/oat-allergy-test/,1,,,3,yes,yes,
2026-10-05,onion allergy test,phone,not-ranking-yet,/tests/onion-allergy-test/,/tests/onion-allergy-test/,1,7,,7,yes,not checked,
2026-10-05,onion allergy test,desktop,not-ranking-yet,/tests/onion-allergy-test/,/tests/onion-allergy-test/,1,,,7,yes,not checked,
2026-10-05,online testosterone test,phone,selling-test-page,/tests/testosterone-test-free-and-total-test/,/tests/testosterone/,1,1,,230,yes,yes,other page ranks
2026-10-05,online testosterone test,desktop,selling-test-page,/tests/testosterone-test-free-and-total-test/,/tests/free-testosterone-test/,1,,,230,yes,yes,
2026-10-05,opiates,phone,next-in-line,/tests/opioid-drug-test/,,,101,,0,no,not checked,
2026-10-05,opiates,desktop,next-in-line,/tests/opioid-drug-test/,,,,,0,no,not checked,
2026-10-05,opioid drug test,phone,next-in-line,/tests/opioid-drug-test/,/tests/opioid-drug-test/,8,1,,128,no,yes,
2026-10-05,opioid drug test,desktop,next-in-line,/tests/opioid-drug-test/,/tests/opioid-drug-test/,9,,,128,no,yes,
2026-10-05,oral cold sore medicine,phone,treatments,/treatments/cold-sores/,,,101,,31,no,not checked,
2026-10-05,oral cold sore medicine,desktop,treatments,/treatments/cold-sores/,/treatments/cold-sores/,1,,,31,yes,not checked,
2026-10-05,oral herpes test,phone,std-pages,/std-testing/hsv-1-test/,/std-testing/herpes-1-2-test/,1,1,,190,yes,yes,other page ranks
2026-10-05,oral herpes test,desktop,std-pages,/std-testing/hsv-1-test/,/std-testing/hsv-1-test/,1,,,190,yes,yes,
2026-10-05,orange allergy test,phone,not-ranking-yet,/tests/orange-allergy-test/,/tests/orange-allergy-test/,7,7,,15,no,not checked,
2026-10-05,orange allergy test,desktop,not-ranking-yet,/tests/orange-allergy-test/,/tests/orange-allergy-test/,1,,,15,yes,not checked,
2026-10-05,orange allergy testing,phone,not-ranking-yet,/tests/orange-allergy-test/,/tests/orange-allergy-test/,8,6,,17,no,not checked,
2026-10-05,orange allergy testing,desktop,not-ranking-yet,/tests/orange-allergy-test/,/tests/orange-allergy-test/,6,,,17,no,not checked,
2026-10-05,osmolality,phone,next-in-line,/tests/osmolality-and-osmolal-gap/,/tests/osmolality-and-osmolal-gap/,1,1,,23044,yes,not checked,buy button
2026-10-05,osmolality,desktop,next-in-line,/tests/osmolality-and-osmolal-gap/,/tests/osmolality-and-osmolal-gap/,1,,,23044,yes,not checked,
2026-10-05,osmolality calc,phone,next-in-line,/tests/osmolality-and-osmolal-gap/,,,1,,5057,no,no,
2026-10-05,osmolality calc,desktop,next-in-line,/tests/osmolality-and-osmolal-gap/,,,,,5057,no,no,
2026-10-05,osteoporosis diagnosis,phone,category,/osteoporosis-testing/,/osteoporosis-testing/,59,59,,9,no,not checked,
2026-10-05,osteoporosis diagnosis,desktop,category,/osteoporosis-testing/,/osteoporosis-testing/,42,,,9,no,not checked,
2026-10-05,osteoporosis screening,phone,category,/osteoporosis-testing/,/osteoporosis-testing/,37,38,,18,no,not checked,
2026-10-05,osteoporosis screening,desktop,category,/osteoporosis-testing/,/osteoporosis-testing/,48,,,18,no,not checked,
2026-10-05,pancreatic elastase fecal,phone,next-in-line,/tests/stool-elastase/,/tests/stool-elastase/,1,13,,1708,yes,not checked,refresh
2026-10-05,pancreatic elastase fecal,desktop,next-in-line,/tests/stool-elastase/,/tests/stool-elastase/,22,,,1708,no,not checked,
2026-10-05,parathyroid hormone test,phone,kept,/tests/parathyroid-hormone-pth/,/tests/parathyroid-hormone-pth/,25,26,,21,no,not checked,
2026-10-05,parathyroid hormone test,desktop,kept,/tests/parathyroid-hormone-pth/,/tests/parathyroid-hormone-pth/,32,,,21,no,not checked,
2026-10-05,partial thromboplastin time,phone,kept,/tests/partial-thromboplastin-time-ptt-aptt/,/tests/partial-thromboplastin-time-ptt-aptt/,1,1,,55,yes,not checked,
2026-10-05,partial thromboplastin time,desktop,kept,/tests/partial-thromboplastin-time-ptt-aptt/,/tests/partial-thromboplastin-time-ptt-aptt/,1,,,55,yes,not checked,
2026-10-05,parvovirus b19 igg,phone,next-in-line,/tests/parvovirus-b19/,/tests/parvovirus-b19/,1,3,,521,yes,yes,
2026-10-05,parvovirus b19 igg,desktop,next-in-line,/tests/parvovirus-b19/,/tests/parvovirus-b19/,1,,,521,yes,yes,
2026-10-05,parvovirus test,phone,next-in-line,/tests/parvovirus-b19/,/tests/parvovirus-b19/,17,15,,1428,no,not checked,refresh
2026-10-05,parvovirus test,desktop,next-in-line,/tests/parvovirus-b19/,/tests/parvovirus-b19/,9,,,1428,no,not checked,
2026-10-05,pcr molecular diagnostic test,phone,next-in-line,/tests/molecular-pcr-covid-19-test/,/tests/molecular-pcr-covid-19-test/,5,6,,4107,no,not checked,
2026-10-05,pcr molecular diagnostic test,desktop,next-in-line,/tests/molecular-pcr-covid-19-test/,/tests/molecular-pcr-covid-19-test/,3,,,4107,no,not checked,
2026-10-05,pcr test,phone,next-in-line,/tests/molecular-pcr-covid-19-test/,/tests/molecular-pcr-covid-19-test/,25,20,,577,no,not checked,
2026-10-05,pcr test,desktop,next-in-line,/tests/molecular-pcr-covid-19-test/,/tests/molecular-pcr-covid-19-test/,19,,,577,no,not checked,
2026-10-05,peanut allergy blood test,phone,not-ranking-yet,/tests/peanut-allergy-test/,/tests/peanut-allergy-test/,1,1,,3,yes,not checked,
2026-10-05,peanut allergy blood test,desktop,not-ranking-yet,/tests/peanut-allergy-test/,/tests/peanut-allergy-test/,1,,,3,yes,yes,
2026-10-05,peanut allergy test,phone,not-ranking-yet,/tests/peanut-allergy-test/,,,101,,36,no,yes,
2026-10-05,peanut allergy test,desktop,not-ranking-yet,/tests/peanut-allergy-test/,,,,,36,no,yes,
2026-10-05,peanut allergy testing,phone,not-ranking-yet,/tests/peanut-allergy-test/,/tests/peanut-allergy-test/,34,101,,19,no,yes,
2026-10-05,peanut allergy testing,desktop,not-ranking-yet,/tests/peanut-allergy-test/,,,,,19,no,yes,
2026-10-05,peptide test,phone,selling-test-page,/tests/c-peptide/,,,101,,880,no,not checked,
2026-10-05,peptide test,desktop,selling-test-page,/tests/c-peptide/,,,,,880,no,not checked,
2026-10-05,perimenopause test,phone,category,/menopause-testing/,/tests/menopause-testing/,18,20,,696,no,not checked,other page ranks
2026-10-05,perimenopause test,desktop,category,/menopause-testing/,/tests/menopause-testing/,19,,,696,no,not checked,
2026-10-05,phosphorus blood test,phone,next-in-line,/tests/phosphorus/,,,1,,3296,no,yes,
2026-10-05,phosphorus blood test,desktop,next-in-line,/tests/phosphorus/,/tests/phosphorus/,1,,,3296,yes,yes,
2026-10-05,phosphorus test,phone,next-in-line,/tests/phosphorus/,/tests/phosphorus/,1,1,,321,yes,yes,
2026-10-05,phosphorus test,desktop,next-in-line,/tests/phosphorus/,/tests/phosphorus/,1,,,321,yes,yes,
2026-10-05,platelet count,phone,next-in-line,/tests/platelet-count/,/tests/platelet-count/,11,8,,27759,no,not checked,refresh
2026-10-05,platelet count,desktop,next-in-line,/tests/platelet-count/,/tests/platelet-count/,9,,,27759,no,not checked,
2026-10-05,plt blood test,phone,next-in-line,/tests/platelet-count/,/tests/platelet-count/,1,1,,6581,yes,not checked,buy button
2026-10-05,plt blood test,desktop,next-in-line,/tests/platelet-count/,/tests/platelet-count/,1,,,6581,yes,not checked,
2026-10-05,pneumonia test,phone,category,/pneumonia-testing/,/pneumonia-testing/,1,1,,746,yes,not checked,
2026-10-05,pneumonia test,desktop,category,/pneumonia-testing/,/pneumonia-testing/,1,,,746,yes,not checked,
2026-10-05,pork allergy test,phone,not-ranking-yet,/tests/pork-allergy-test/,/tests/pork-allergy-test/,1,1,,29,yes,yes,
2026-10-05,pork allergy test,desktop,not-ranking-yet,/tests/pork-allergy-test/,/tests/pork-allergy-test/,1,,,29,yes,yes,
2026-10-05,potassium blood test,phone,next-in-line,/tests/potassium/,/tests/potassium/,14,14,,39,no,not checked,
2026-10-05,potassium blood test,desktop,next-in-line,/tests/potassium/,/tests/potassium/,16,,,39,no,not checked,
2026-10-05,potassium test,phone,next-in-line,/tests/potassium/,/tests/potassium/,1,1,,348,yes,yes,
2026-10-05,potassium test,desktop,next-in-line,/tests/potassium/,/tests/potassium/,1,,,348,yes,yes,
2026-10-05,prealbumin,phone,next-in-line,/tests/prealbumin/,/tests/prealbumin/,1,1,,3380,yes,yes,buy button
2026-10-05,prealbumin,desktop,next-in-line,/tests/prealbumin/,/tests/prealbumin/,14,,,3380,no,yes,
2026-10-05,prealbumin blood test,phone,next-in-line,/tests/prealbumin/,/tests/prealbumin/,1,1,,565,yes,not checked,
2026-10-05,prealbumin blood test,desktop,next-in-line,/tests/prealbumin/,/tests/prealbumin/,1,,,565,yes,not checked,
2026-10-05,pregnancy blood test,phone,selling-test-page,/tests/pregnancy-test-hcg/,/tests/pregnancy-test-hcg/,49,101,,586,no,not checked,
2026-10-05,pregnancy blood test,desktop,selling-test-page,/tests/pregnancy-test-hcg/,,,,,586,no,not checked,
2026-10-05,pregnancy test,phone,selling-test-page,/tests/pregnancy-test-hcg/,,,101,,147,no,not checked,
2026-10-05,pregnancy test,desktop,selling-test-page,/tests/pregnancy-test-hcg/,,,,,147,no,not checked,
2026-10-05,pregnancy test blood hcg fasting required,desktop,leaving,/tests/pregnancy-test-hcg/,/tests/pregnancy-test-hcg/,1,,,51,yes,not checked,
2026-10-05,pregnenolone blood test,phone,selling-test-page,/tests/pregnenolone/,/tests/pregnenolone/,1,1,,277,yes,yes,
2026-10-05,pregnenolone blood test,desktop,selling-test-page,/tests/pregnenolone/,/tests/pregnenolone/,1,,,277,yes,yes,
2026-10-05,pregnenolone lc/ms,phone,selling-test-page,/tests/pregnenolone/,/tests/pregnenolone/,1,1,,42,yes,yes,
2026-10-05,pregnenolone lc/ms,desktop,selling-test-page,/tests/pregnenolone/,/tests/pregnenolone/,1,,,42,yes,yes,
2026-10-05,pregnenolone test,phone,selling-test-page,/tests/pregnenolone/,/tests/pregnenolone/,1,1,,77,yes,yes,
2026-10-05,pregnenolone test,desktop,selling-test-page,/tests/pregnenolone/,/tests/pregnenolone/,1,,,77,yes,no,
2026-10-05,progesterone blood test,phone,selling-test-page,/tests/progesterone/,/tests/progesterone/,1,1,,42,yes,not checked,
2026-10-05,progesterone blood test,desktop,selling-test-page,/tests/progesterone/,/tests/progesterone/,1,,,42,yes,not checked,
2026-10-05,progesterone blood test to check ovulation,phone,selling-test-page,/tests/progesterone/,,,29,,1173,no,not checked,
2026-10-05,progesterone blood test to check ovulation,desktop,selling-test-page,/tests/progesterone/,/tests/progesterone/,39,,,1173,no,not checked,
2026-10-05,progesterone test,phone,selling-test-page,/tests/progesterone/,/tests/progesterone/,1,1,,231,yes,yes,
2026-10-05,progesterone test,desktop,selling-test-page,/tests/progesterone/,/tests/progesterone/,1,,,231,yes,yes,
2026-10-05,prolactin,phone,selling-test-page,/tests/prolactin/,,,101,,59,no,not checked,
2026-10-05,prolactin,desktop,selling-test-page,/tests/prolactin/,,,,,59,no,not checked,
2026-10-05,prolactin blood test,phone,selling-test-page,/tests/prolactin/,/tests/prolactin/,1,1,,3575,yes,yes,
2026-10-05,prolactin blood test,desktop,selling-test-page,/tests/prolactin/,/tests/prolactin/,1,,,3575,yes,yes,
2026-10-05,prolactin test,phone,selling-test-page,/tests/prolactin/,/tests/prolactin/,1,12,,1210,yes,yes,refresh
2026-10-05,prolactin test,desktop,selling-test-page,/tests/prolactin/,/tests/prolactin/,1,,,1210,yes,not checked,
2026-10-05,protein blood test,phone,next-in-line,/tests/protein-c-and-protein-s/,/tests/total-protein-albumin-globulin-ag-ratio/,1,9,,1185,yes,not checked,refresh; other page ranks
2026-10-05,protein blood test,desktop,next-in-line,/tests/protein-c-and-protein-s/,/tests/total-protein-albumin-globulin-ag-ratio/,9,,,1185,no,not checked,
2026-10-05,protein c,phone,next-in-line,/tests/protein-c-and-protein-s/,/tests/protein-c-and-protein-s/,18,18,,255,no,not checked,
2026-10-05,protein c,desktop,next-in-line,/tests/protein-c-and-protein-s/,/tests/protein-c-and-protein-s/,22,,,255,no,not checked,
2026-10-05,protein creatinine ratio,phone,selling-test-page,/tests/urine-protein-and-urine-protein-creatinine-ratio/,/tests/urine-protein-and-urine-protein-creatinine-ratio/,1,16,,785,yes,yes,
2026-10-05,protein creatinine ratio,desktop,selling-test-page,/tests/urine-protein-and-urine-protein-creatinine-ratio/,/tests/urine-protein-and-urine-protein-creatinine-ratio/,1,,,785,yes,yes,
2026-10-05,protein creatinine ratio urine,desktop,leaving,/tests/urine-protein-and-urine-protein-creatinine-ratio/,/tests/urine-protein-and-urine-protein-creatinine-ratio/,1,,,792,yes,yes,
2026-10-05,prothrombin time,phone,kept,/tests/prothrombin-time-and-international-normalized-ratio-ptinr/,/tests/prothrombin-time-and-international-normalized-ratio-ptinr/,30,30,,103,no,not checked,
2026-10-05,prothrombin time,desktop,kept,/tests/prothrombin-time-and-international-normalized-ratio-ptinr/,/tests/prothrombin-time-and-international-normalized-ratio-ptinr/,43,,,103,no,not checked,
2026-10-05,prothrombin time test,phone,kept,/tests/prothrombin-time-and-international-normalized-ratio-ptinr/,/tests/prothrombin-time-and-international-normalized-ratio-ptinr/,37,37,,10,no,not checked,
2026-10-05,prothrombin time test,desktop,kept,/tests/prothrombin-time-and-international-normalized-ratio-ptinr/,/tests/prothrombin-time-and-international-normalized-ratio-ptinr/,48,,,10,no,not checked,
2026-10-05,protime-inr,phone,selling-test-page,/tests/prothrombin-time-and-international-normalized-ratio-ptinr/,/tests/prothrombin-time-and-international-normalized-ratio-ptinr/,8,8,,1080,no,not checked,refresh
2026-10-05,protime-inr,desktop,selling-test-page,/tests/prothrombin-time-and-international-normalized-ratio-ptinr/,/tests/prothrombin-time-and-international-normalized-ratio-ptinr/,8,,,1080,no,not checked,
2026-10-05,psa,phone,selling-test-page,/tests/prostate-specific-antigen-psa/,,,101,,4678,no,not checked,
2026-10-05,psa,desktop,selling-test-page,/tests/prostate-specific-antigen-psa/,,,,,4678,no,not checked,
2026-10-05,psa blood test fasting,phone,selling-test-page,/tests/prostate-specific-antigen-psa/,/tests/prostate-specific-antigen-psa/,1,1,,187,yes,yes,
2026-10-05,psa blood test fasting,desktop,selling-test-page,/tests/prostate-specific-antigen-psa/,/tests/prostate-specific-antigen-psa/,1,,,187,yes,yes,
2026-10-05,psoriatic arthritis blood tests,phone,category,/psoriatic-arthritis-testing/,/psoriatic-arthritis-testing/,7,1,,2070,no,yes,
2026-10-05,psoriatic arthritis blood tests,desktop,category,/psoriatic-arthritis-testing/,/psoriatic-arthritis-testing/,23,,,2070,no,yes,
2026-10-05,psoriatic arthritis workup,phone,category,/psoriatic-arthritis-testing/,/psoriatic-arthritis-testing/,1,1,,1927,yes,not checked,
2026-10-05,psoriatic arthritis workup,desktop,category,/psoriatic-arthritis-testing/,/psoriatic-arthritis-testing/,7,,,1927,no,not checked,
2026-10-05,pt inr,phone,selling-test-page,/tests/prothrombin-time-and-international-normalized-ratio-ptinr/,/tests/prothrombin-time-and-international-normalized-ratio-ptinr/,23,30,,120,no,not checked,
2026-10-05,pt inr,desktop,selling-test-page,/tests/prothrombin-time-and-international-normalized-ratio-ptinr/,/tests/prothrombin-time-and-international-normalized-ratio-ptinr/,48,,,120,no,not checked,
2026-10-05,pth,phone,selling-test-page,/tests/parathyroid-hormone-pth/,/tests/parathyroid-hormone-pth/,28,28,,5,no,not checked,
2026-10-05,pth,desktop,selling-test-page,/tests/parathyroid-hormone-pth/,/tests/parathyroid-hormone-pth/,23,,,5,no,not checked,
2026-10-05,pth blood test,phone,selling-test-page,/tests/parathyroid-hormone-pth/,/tests/parathyroid-hormone-pth/,21,18,,646,no,not checked,
2026-10-05,pth blood test,desktop,selling-test-page,/tests/parathyroid-hormone-pth/,/tests/parathyroid-hormone-pth/,19,,,646,no,no,
2026-10-05,pth test,phone,selling-test-page,/tests/parathyroid-hormone-pth/,/tests/parathyroid-hormone-pth/,15,17,,85,no,no,
2026-10-05,pth test,desktop,selling-test-page,/tests/parathyroid-hormone-pth/,/tests/parathyroid-hormone-pth/,28,,,85,no,yes,
2026-10-05,ptinr full form,desktop,leaving,/tests/prothrombin-time-and-international-normalized-ratio-ptinr/,/tests/prothrombin-time-and-international-normalized-ratio-ptinr/,13,,,14,no,no,
2026-10-05,ptt,phone,next-in-line,/tests/partial-thromboplastin-time-ptt-aptt/,/tests/partial-thromboplastin-time-ptt-aptt/,1,4,,7058,yes,not checked,
2026-10-05,ptt,desktop,next-in-line,/tests/partial-thromboplastin-time-ptt-aptt/,/tests/partial-thromboplastin-time-ptt-aptt/,1,,,7058,yes,yes,
2026-10-05,ptt blood test,phone,next-in-line,/tests/partial-thromboplastin-time-ptt-aptt/,/tests/partial-thromboplastin-time-ptt-aptt/,1,1,,3822,yes,yes,buy button
2026-10-05,ptt blood test,desktop,next-in-line,/tests/partial-thromboplastin-time-ptt-aptt/,/tests/partial-thromboplastin-time-ptt-aptt/,1,,,3822,yes,yes,
2026-10-05,ptt test,phone,kept,/tests/partial-thromboplastin-time-ptt-aptt/,/tests/partial-thromboplastin-time-ptt-aptt/,1,1,,510,yes,yes,
2026-10-05,ptt test,desktop,kept,/tests/partial-thromboplastin-time-ptt-aptt/,/tests/partial-thromboplastin-time-ptt-aptt/,1,,,510,yes,yes,
2026-10-05,pulmonary function test,phone,category,/pulmonary-testing/,/pulmonary-testing/,10,10,,9750,no,not checked,refresh
2026-10-05,pulmonary function test,desktop,category,/pulmonary-testing/,/pulmonary-testing/,1,,,9750,yes,not checked,
2026-10-05,pulmonary test,phone,category,/pulmonary-testing/,/pulmonary-testing/,7,9,,1234,no,not checked,refresh
2026-10-05,pulmonary test,desktop,category,/pulmonary-testing/,/pulmonary-testing/,1,,,1234,yes,not checked,
2026-10-05,ra factor test,phone,kept,/tests/rheumatoid-factor-rf/,/tests/rheumatoid-factor-rf/,31,31,,14,no,not checked,
2026-10-05,ra factor test,desktop,kept,/tests/rheumatoid-factor-rf/,/tests/rheumatoid-factor-rf/,40,,,14,no,not checked,
2026-10-05,raspberry allergy test,phone,not-ranking-yet,/tests/raspberry-allergy-test/,/tests/raspberry-allergy-test/,3,3,,27,no,not checked,
2026-10-05,raspberry allergy test,desktop,not-ranking-yet,/tests/raspberry-allergy-test/,/tests/raspberry-allergy-test/,3,,,27,no,not checked,
2026-10-05,rbc,phone,next-in-line,/tests/red-blood-cell-count-rbc/,,,101,,454,no,not checked,
2026-10-05,rbc,desktop,next-in-line,/tests/red-blood-cell-count-rbc/,,,,,454,no,not checked,
2026-10-05,rdw,phone,next-in-line,/tests/rdw-test/,/tests/rdw-test/,8,1,,28134,no,not checked,buy button
2026-10-05,rdw,desktop,next-in-line,/tests/rdw-test/,/tests/rdw-test/,8,,,28134,no,not checked,
2026-10-05,rdw blood test,phone,next-in-line,/tests/rdw-test/,/tests/rdw-test/,22,6,,117196,no,not checked,
2026-10-05,rdw blood test,desktop,next-in-line,/tests/rdw-test/,/tests/rdw-test/,1,,,117196,yes,not checked,
2026-10-05,red blood cell count,phone,next-in-line,/tests/red-blood-cell-count-rbc/,/tests/red-blood-cell-count-rbc/,36,28,,206,no,not checked,
2026-10-05,red blood cell count,desktop,next-in-line,/tests/red-blood-cell-count-rbc/,/tests/red-blood-cell-count-rbc/,37,,,206,no,not checked,
2026-10-05,redmond std testing,phone,kept,(city pages),/std-testing/redmond-or/,6,5,,283,no,not checked,
2026-10-05,redmond std testing,desktop,kept,(city pages),/std-testing/redmond-or/,4,,,283,yes,no,
2026-10-05,renal function panel,phone,selling-test-page,/tests/renal-panel/,/tests/kidney-function-test/,1,1,,4274,yes,yes,other page ranks
2026-10-05,renal function panel,desktop,selling-test-page,/tests/renal-panel/,/tests/kidney-function-test/,1,,,4274,yes,yes,
2026-10-05,renal function panel test,phone,kept,/tests/renal-panel/,/tests/renal-panel/,1,1,,330,yes,yes,
2026-10-05,renal function panel test,desktop,kept,/tests/renal-panel/,/tests/renal-panel/,1,,,330,yes,yes,
2026-10-05,renal function test,phone,kept,/tests/renal-panel/,/tests/renal-panel/,1,1,,952,yes,no,
2026-10-05,renal function test,desktop,kept,/tests/renal-panel/,/tests/renal-panel/,1,,,952,yes,no,
2026-10-05,renal panel,phone,selling-test-page,/tests/renal-panel/,/tests/renal-panel/,4,1,,1441,no,yes,
2026-10-05,renal panel,desktop,selling-test-page,/tests/renal-panel/,/tests/renal-panel/,1,,,1441,yes,yes,
2026-10-05,repeat lipid panel after starting statin,desktop,leaving,/tests/statin-check-up-panel/,/tests/statin-check-up-panel/,1,,,40,yes,yes,
2026-10-05,reticulocyte,phone,next-in-line,/tests/reticulocytes/,/tests/reticulocytes/,1,17,,3068,yes,no,
2026-10-05,reticulocyte,desktop,next-in-line,/tests/reticulocytes/,/tests/reticulocytes/,1,,,3068,yes,no,
2026-10-05,reticulocyte count,phone,next-in-line,/tests/reticulocytes/,/tests/reticulocytes/,1,1,,9754,yes,no,buy button
2026-10-05,reticulocyte count,desktop,next-in-line,/tests/reticulocytes/,/tests/reticulocytes/,1,,,9754,yes,no,
2026-10-05,rf test,phone,selling-test-page,/tests/rheumatoid-factor-rf/,/tests/rheumatoid-factor-rf/,40,26,,1269,no,not checked,
2026-10-05,rf test,desktop,selling-test-page,/tests/rheumatoid-factor-rf/,,,,,1269,no,not checked,
2026-10-05,rf+test,phone,selling-test-page,/tests/rheumatoid-factor-rf/,/tests/rheumatoid-factor-rf/,37,36,,0,no,not checked,
2026-10-05,rf+test,desktop,selling-test-page,/tests/rheumatoid-factor-rf/,/tests/rheumatoid-factor-rf/,47,,,0,no,not checked,
2026-10-05,rheumatoid arthritis diagnosis,phone,category,/rheumatoid-arthritis-testing/,/rheumatoid-arthritis-testing/,36,39,,99,no,not checked,
2026-10-05,rheumatoid arthritis diagnosis,desktop,category,/rheumatoid-arthritis-testing/,/rheumatoid-arthritis-testing/,40,,,99,no,not checked,
2026-10-05,rheumatoid arthritis test,phone,category,/rheumatoid-arthritis-testing/,/rheumatoid-arthritis-testing/,16,15,,97,no,not checked,
2026-10-05,rheumatoid arthritis test,desktop,category,/rheumatoid-arthritis-testing/,/rheumatoid-arthritis-testing/,13,,,97,no,not checked,
2026-10-05,rheumatoid factor,phone,selling-test-page,/tests/rheumatoid-factor-rf/,,,42,,26,no,not checked,
2026-10-05,rheumatoid factor,desktop,selling-test-page,/tests/rheumatoid-factor-rf/,/tests/rheumatoid-factor-rf/,47,,,26,no,not checked,
2026-10-05,rheumatoid factor test,phone,kept,/tests/rheumatoid-factor-rf/,/tests/rheumatoid-factor-rf/,33,27,,5,no,not checked,
2026-10-05,rheumatoid factor test,desktop,kept,/tests/rheumatoid-factor-rf/,/tests/rheumatoid-factor-rf/,43,,,5,no,not checked,
2026-10-05,rpr blood test,phone,std-pages,/std-testing/rpr-test/,/std-testing/rpr-test/,6,1,,6242,no,yes,
2026-10-05,rpr blood test,desktop,std-pages,/std-testing/rpr-test/,/std-testing/rpr-test/,1,,,6242,yes,yes,
2026-10-05,rpr lab,phone,std-pages,/std-testing/rpr-test/,/std-testing/rpr-test/,1,1,,441,yes,not checked,
2026-10-05,rpr lab,desktop,std-pages,/std-testing/rpr-test/,/std-testing/rpr-test/,1,,,441,yes,not checked,
2026-10-05,rpr lab test,phone,std-pages,/std-testing/rpr-test/,/std-testing/rpr-test/,26,22,,801,no,not checked,
2026-10-05,rpr lab test,desktop,std-pages,/std-testing/rpr-test/,/std-testing/rpr-test/,13,,,801,no,not checked,
2026-10-05,rpr qualitative,phone,std-pages,/std-testing/rpr-test/,/std-testing/rpr-test/,1,1,,373,yes,yes,
2026-10-05,rpr qualitative,desktop,std-pages,/std-testing/rpr-test/,/std-testing/rpr-test/,1,,,373,yes,yes,
2026-10-05,rpr quantitative,phone,std-pages,/std-testing/rpr-test/,/std-testing/rpr-test/,1,1,,236,yes,yes,
2026-10-05,rpr quantitative,desktop,std-pages,/std-testing/rpr-test/,/std-testing/rpr-test/,1,,,236,yes,yes,
2026-10-05,rpr screen,phone,std-pages,/std-testing/rpr-test/,/std-testing/rpr-test/,22,1,,390,no,no,
2026-10-05,rpr screen,desktop,std-pages,/std-testing/rpr-test/,/std-testing/rpr-test/,1,,,390,yes,yes,
2026-10-05,rpr syphilis,phone,std-pages,/std-testing/rpr-test/,/std-testing/rpr-test/,14,15,,160,no,not checked,
2026-10-05,rpr syphilis,desktop,std-pages,/std-testing/rpr-test/,/std-testing/rpr-test/,14,,,160,no,not checked,
2026-10-05,rpr test,phone,std-pages,/std-testing/rpr-test/,/std-testing/rpr-test/,1,5,,6131,yes,yes,
2026-10-05,rpr test,desktop,std-pages,/std-testing/rpr-test/,/std-testing/rpr-test/,1,,,6131,yes,yes,
2026-10-05,rpr testing,phone,std-pages,/std-testing/rpr-test/,/std-testing/rpr-test/,11,1,,243,no,yes,
2026-10-05,rpr testing,desktop,std-pages,/std-testing/rpr-test/,/std-testing/rpr-test/,1,,,243,yes,yes,
2026-10-05,rpr titer,phone,std-pages,/std-testing/rpr-test/,/std-testing/rpr-test/,1,1,,1317,yes,no,
2026-10-05,rpr titer,desktop,std-pages,/std-testing/rpr-test/,/std-testing/rpr-test/,1,,,1317,yes,no,
2026-10-05,rubella antibodies test,phone,kept,/tests/rubella-igg-immunity-test/,/tests/rubella-test/,1,17,,37,yes,not checked,other page ranks
2026-10-05,rubella antibodies test,desktop,kept,/tests/rubella-igg-immunity-test/,/tests/rubella-test/,1,,,37,yes,not checked,
2026-10-05,rubella blood test,phone,selling-test-page,/tests/rubella-igg-immunity-test/,/tests/rubella-test/,1,1,,190,yes,yes,other page ranks
2026-10-05,rubella blood test,desktop,selling-test-page,/tests/rubella-igg-immunity-test/,/tests/rubella-test/,1,,,190,yes,yes,
2026-10-05,rubella test,phone,selling-test-page,/tests/rubella-igg-immunity-test/,/tests/rubella-test/,1,1,,177,yes,not checked,other page ranks
2026-10-05,rubella test,desktop,selling-test-page,/tests/rubella-igg-immunity-test/,/tests/rubella-test/,1,,,177,yes,yes,
2026-10-05,rubella titer,phone,selling-test-page,/tests/rubella-igg-immunity-test/,/tests/rubella-igg-immunity-test/,1,1,,465,yes,not checked,
2026-10-05,rubella titer,desktop,selling-test-page,/tests/rubella-igg-immunity-test/,/tests/rubella-test/,1,,,465,yes,not checked,
2026-10-05,rubella titer test,phone,kept,/tests/rubella-igg-immunity-test/,/tests/rubella-igg-immunity-test/,1,1,,155,yes,not checked,
2026-10-05,rubella titer test,desktop,kept,/tests/rubella-igg-immunity-test/,/tests/rubella-igg-immunity-test/,1,,,155,yes,not checked,
2026-10-05,salmon allergy test,phone,not-ranking-yet,/tests/salmon-allergy-test/,/tests/salmon-allergy-test/,1,1,,10,yes,yes,
2026-10-05,salmon allergy test,desktop,not-ranking-yet,/tests/salmon-allergy-test/,/tests/salmon-allergy-test/,1,,,10,yes,yes,
2026-10-05,semaglutide compound side effects,phone,treatments,/treatments/compounded-semaglutide-side-effects/,/treatments/compounded-semaglutide-side-effects/,1,1,,262,yes,not checked,
2026-10-05,semaglutide compound side effects,desktop,treatments,/treatments/compounded-semaglutide-side-effects/,/treatments/compounded-semaglutide-side-effects/,1,,,262,yes,not checked,
2026-10-05,semaglutide dosing,phone,treatments,/treatments/compounded-semaglutide-dosage-chart/,/treatments/compounded-semaglutide-dosage-chart/,1,1,,10013,yes,not checked,
2026-10-05,semaglutide dosing,desktop,treatments,/treatments/compounded-semaglutide-dosage-chart/,/treatments/compounded-semaglutide-dosage-chart/,3,,,10013,no,not checked,
2026-10-05,semaglutide dosing chart,phone,treatments,/treatments/compounded-semaglutide-dosage-chart/,/treatments/compounded-semaglutide-dosage-chart/,2,1,,2482,no,not checked,
2026-10-05,semaglutide dosing chart,desktop,treatments,/treatments/compounded-semaglutide-dosage-chart/,/treatments/compounded-semaglutide-dosage-chart/,1,,,2482,no,not checked,
2026-10-05,semaglutide vs tirzepatide,phone,treatments,/treatments/tirzepatide-vs-semaglutide/,/treatments/tirzepatide-vs-semaglutide/,1,1,,39393,yes,not checked,
2026-10-05,semaglutide vs tirzepatide,desktop,treatments,/treatments/tirzepatide-vs-semaglutide/,/treatments/tirzepatide-vs-semaglutide/,1,,,39393,yes,not checked,
2026-10-05,sermorelin,phone,treatments,/treatments/sermorelin/,/treatments/sermorelin-benefits/,1,1,,82731,yes,yes,other page ranks
2026-10-05,sermorelin,desktop,treatments,/treatments/sermorelin/,/treatments/sermorelin-benefits/,1,,,82731,yes,yes,
2026-10-05,sermorelin benefits,phone,treatments,/treatments/sermorelin-benefits/,/treatments/sermorelin-benefits/,1,1,,5374,yes,not checked,
2026-10-05,sermorelin benefits,desktop,treatments,/treatments/sermorelin-benefits/,/treatments/sermorelin-benefits/,1,,,5374,yes,not checked,
2026-10-05,sermorelin injections,phone,treatments,/treatments/sermorelin/,/treatments/sermorelin-benefits/,1,1,,1242,yes,yes,other page ranks
2026-10-05,sermorelin injections,desktop,treatments,/treatments/sermorelin/,/treatments/sermorelin-benefits/,1,,,1242,yes,yes,
2026-10-05,sermorelin itchy hands,phone,treatments,/treatments/sermorelin-side-effects/,/treatments/sermorelin-side-effects/,1,1,,17,yes,not checked,
2026-10-05,sermorelin itchy hands,desktop,treatments,/treatments/sermorelin-side-effects/,/treatments/sermorelin-side-effects/,1,,,17,yes,not checked,
2026-10-05,sermorelin peptide,phone,treatments,/treatments/sermorelin/,/treatments/sermorelin-benefits/,1,1,,38326,yes,yes,other page ranks
2026-10-05,sermorelin peptide,desktop,treatments,/treatments/sermorelin/,/treatments/sermorelin-benefits/,1,,,38326,yes,yes,
2026-10-05,sermorelin side effects,phone,treatments,/treatments/sermorelin-side-effects/,/treatments/sermorelin-side-effects/,1,1,,6277,yes,not checked,
2026-10-05,sermorelin side effects,desktop,treatments,/treatments/sermorelin-side-effects/,/treatments/sermorelin-side-effects/,1,,,6277,yes,not checked,
2026-10-05,sermorelin therapy,phone,treatments,/treatments/sermorelin/,/treatments/sermorelin-benefits/,1,1,,980,yes,yes,other page ranks
2026-10-05,sermorelin therapy,desktop,treatments,/treatments/sermorelin/,/treatments/sermorelin-benefits/,1,,,980,yes,yes,
2026-10-05,serum pregnancy test fasting required,desktop,leaving,/tests/pregnancy-test-hcg/,/tests/pregnancy-test-hcg/,1,,,43,no,not checked,
2026-10-05,sex hormone binding globulin,phone,selling-test-page,/tests/sex-hormone-binding-globulin-shbg/,/tests/sex-hormone-binding-globulin-shbg/,29,29,,13,no,not checked,
2026-10-05,sex hormone binding globulin,desktop,selling-test-page,/tests/sex-hormone-binding-globulin-shbg/,,,,,13,no,not checked,
2026-10-05,sexually transmitted diseases test price,phone,std-pages,/std-test-pricing/,/std-testing/atlanta-ga/,9,8,,2133,no,not checked,refresh; other page ranks
2026-10-05,sexually transmitted diseases test price,desktop,std-pages,/std-test-pricing/,/std-testing/atlanta-ga/,7,,,2133,no,not checked,
2026-10-05,shbg blood test,phone,selling-test-page,/tests/sex-hormone-binding-globulin-shbg/,/tests/sex-hormone-binding-globulin-shbg/,13,1,,2280,no,yes,
2026-10-05,shbg blood test,desktop,selling-test-page,/tests/sex-hormone-binding-globulin-shbg/,/tests/sex-hormone-binding-globulin-shbg/,1,,,2280,yes,yes,
2026-10-05,shbg test,phone,selling-test-page,/tests/sex-hormone-binding-globulin-shbg/,/tests/sex-hormone-binding-globulin-shbg/,1,1,,2254,yes,not checked,
2026-10-05,shbg test,desktop,selling-test-page,/tests/sex-hormone-binding-globulin-shbg/,/tests/sex-hormone-binding-globulin-shbg/,1,,,2254,yes,not checked,
2026-10-05,shingles blood test,phone,kept,/tests/chickenpox-and-shingles-tests/,/tests/chickenpox-and-shingles-tests/,5,1,,219,no,not checked,
2026-10-05,shingles blood test,desktop,kept,/tests/chickenpox-and-shingles-tests/,/tests/chickenpox-and-shingles-tests/,1,,,219,yes,not checked,
2026-10-05,shingles test,phone,kept,/tests/chickenpox-and-shingles-tests/,/tests/chickenpox-and-shingles-tests/,1,7,,488,yes,no,
2026-10-05,shingles test,desktop,kept,/tests/chickenpox-and-shingles-tests/,/tests/chickenpox-and-shingles-tests/,1,,,488,yes,no,
2026-10-05,shrimp allergy test,phone,not-ranking-yet,/tests/shrimp-allergy-test/,/tests/shrimp-allergy-test/,12,12,,16,no,yes,
2026-10-05,shrimp allergy test,desktop,not-ranking-yet,/tests/shrimp-allergy-test/,/tests/shrimp-allergy-test/,13,,,16,no,yes,
2026-10-05,sickle cell disease test,phone,selling-test-page,/tests/sickle-cell-disease-test/,/tests/sickle-cell-tests/,12,12,,79,no,yes,other page ranks
2026-10-05,sickle cell disease test,desktop,selling-test-page,/tests/sickle-cell-disease-test/,/tests/sickle-cell-tests/,26,,,79,no,yes,
2026-10-05,sickle cell test,phone,next-in-line,/tests/sickle-cell-tests/,/tests/sickle-cell-tests/,9,9,,1921,no,yes,refresh
2026-10-05,sickle cell test,desktop,next-in-line,/tests/sickle-cell-tests/,/tests/sickle-cell-tests/,9,,,1921,no,yes,
2026-10-05,sickle cell testing,phone,next-in-line,/tests/sickle-cell-tests/,/tests/sickle-cell-tests/,11,1,,328,no,yes,
2026-10-05,sickle cell testing,desktop,next-in-line,/tests/sickle-cell-tests/,/tests/sickle-cell-tests/,16,,,328,no,yes,
2026-10-05,sleep apnea diagnosis,phone,category,/sleep-apnea-testing/,/sleep-apnea-testing/,26,23,,499,no,not checked,
2026-10-05,sleep apnea diagnosis,desktop,category,/sleep-apnea-testing/,/sleep-apnea-testing/,19,,,499,no,not checked,
2026-10-05,sleep apnea test,phone,category,/sleep-apnea-testing/,/sleep-apnea-testing/,8,16,,10912,no,not checked,
2026-10-05,sleep apnea test,desktop,category,/sleep-apnea-testing/,/sleep-apnea-testing/,1,,,10912,yes,not checked,
2026-10-05,smooth muscle ab screen,phone,next-in-line,/tests/smooth-muscle-antibody-sma-and-f-actin-antibody/,/tests/smooth-muscle-antibody-sma-and-f-actin-antibody/,1,1,,261,yes,yes,
2026-10-05,smooth muscle ab screen,desktop,next-in-line,/tests/smooth-muscle-antibody-sma-and-f-actin-antibody/,/tests/smooth-muscle-antibody-sma-and-f-actin-antibody/,12,,,261,no,yes,
2026-10-05,sodium blood test,phone,next-in-line,/tests/sodium/,/tests/sodium/,1,1,,3630,yes,yes,buy button
2026-10-05,sodium blood test,desktop,next-in-line,/tests/sodium/,/tests/sodium/,1,,,3630,yes,yes,
2026-10-05,standard std panel,phone,std-pages,/std-testing/standard-std-panel/,/std-testing/full-std-panel/,1,1,,248,yes,not checked,other page ranks
2026-10-05,standard std panel,desktop,std-pages,/std-testing/standard-std-panel/,/std-testing/full-std-panel/,1,,,248,yes,not checked,
2026-10-05,statin check up panel,phone,kept,/tests/statin-check-up-panel/,/tests/statin-check-up-panel/,1,1,,29,no,not checked,
2026-10-05,statin check up panel,desktop,kept,/tests/statin-check-up-panel/,/tests/statin-check-up-panel/,1,,,29,no,yes,
2026-10-05,std blood test,phone,std-pages,/std-testing/,/std-testing/chicago-il/,5,16,,6869,no,not checked,
2026-10-05,std blood test,desktop,std-pages,/std-testing/,/std-testing/standard-std-panel/,1,,,6869,yes,not checked,
2026-10-05,std bump on penis,phone,std-pages,/std-testing/,/articles/bumps-on-head-penis/,1,1,,31,yes,yes,other page ranks
2026-10-05,std bump on penis,desktop,std-pages,/std-testing/,/articles/bumps-on-head-penis/,1,,,31,yes,yes,
2026-10-05,std check,phone,std-pages,/std-testing/,/std-testing/baltimore-md/,22,12,,7094,no,not checked,refresh
2026-10-05,std check,desktop,std-pages,/std-testing/,/std-testing/albuquerque-nm/,9,,,7094,no,not checked,
2026-10-05,std check test,phone,std-pages,/std-testing/,/std-testing/new-york-city-ny/,26,13,,1941,no,not checked,refresh; other page ranks
2026-10-05,std check test,desktop,std-pages,/std-testing/,/std-testing/austin-tx/,11,,,1941,no,not checked,
2026-10-05,std clinic,phone,std-pages,(city pages),,,21,,2360,no,not checked,
2026-10-05,std clinic,desktop,std-pages,(city pages),/std-testing/los-angeles-ca/,43,,,2360,no,not checked,
2026-10-05,std exam cost,phone,std-pages,/std-test-pricing/,/std-testing/atlanta-ga/,4,3,,2325,no,not checked,other page ranks
2026-10-05,std exam cost,desktop,std-pages,/std-test-pricing/,/std-testing/libertyville-il/,1,,,2325,no,not checked,
2026-10-05,std panel,phone,std-pages,/std-testing/standard-std-panel/,/std-testing/standard-std-panel/,2,2,,3580,no,not checked,
2026-10-05,std panel,desktop,std-pages,/std-testing/standard-std-panel/,/std-testing/standard-std-panel/,1,,,3580,no,not checked,
2026-10-05,std panel test,phone,std-pages,/std-testing/standard-std-panel/,/std-testing/california/,7,8,,1504,no,not checked,refresh; other page ranks
2026-10-05,std panel test,desktop,std-pages,/std-testing/standard-std-panel/,/std-testing/standard-std-panel/,1,,,1504,no,not checked,
2026-10-05,std screening,phone,std-pages,/std-testing/,/std-testing/los-angeles-ca/,4,4,,6817,yes,not checked,
2026-10-05,std screening,desktop,std-pages,/std-testing/,/std-testing/north-carolina/,5,,,6817,no,not checked,
2026-10-05,std test,phone,std-pages,/std-testing/,/std-testing/los-angeles-ca/,9,6,,21217,no,not checked,
2026-10-05,std test,desktop,std-pages,/std-testing/,/std-testing/,1,,,21217,yes,yes,
2026-10-05,std test carson city nevada,phone,std-city,/std-testing/carson-city-nv/,/std-testing/carson-city-nv/,5,5,,156,no,not checked,
2026-10-05,std test carson city nevada,desktop,std-city,/std-testing/carson-city-nv/,/std-testing/carson-city-nv/,5,,,156,no,not checked,
2026-10-05,std test cost,phone,std-pages,/std-test-pricing/,/std-testing/philadelphia-pa/,2,2,,502,no,not checked,other page ranks
2026-10-05,std test cost,desktop,std-pages,/std-test-pricing/,/std-testing/atlanta-ga/,2,,,502,no,not checked,
2026-10-05,std test cypress california,phone,std-city,/std-testing/cypress-ca/,/std-testing/cypress-ca/,4,4,,158,no,not checked,
2026-10-05,std test cypress california,desktop,std-city,/std-testing/cypress-ca/,/std-testing/cypress-ca/,4,,,158,no,not checked,
2026-10-05,std test doral florida,phone,std-city,/std-testing/doral-fl/,/std-testing/doral-fl/,4,5,,192,no,not checked,
2026-10-05,std test doral florida,desktop,std-city,/std-testing/doral-fl/,/std-testing/doral-fl/,2,,,192,no,yes,
2026-10-05,std test euless texas,phone,std-city,/std-testing/euless-tx/,/std-testing/euless-tx/,4,4,,151,no,not checked,
2026-10-05,std test euless texas,desktop,std-city,/std-testing/euless-tx/,/std-testing/euless-tx/,2,,,151,no,not checked,
2026-10-05,std test for women,phone,std-pages,/std-testing/,/tests/at-home-std-test/,20,15,,36,no,not checked,other page ranks
2026-10-05,std test for women,desktop,std-pages,/std-testing/,/tests/at-home-std-test/,20,,,36,no,not checked,
2026-10-05,std test price,phone,std-pages,/std-test-pricing/,/std-testing/atlanta-ga/,4,2,,5284,no,not checked,other page ranks
2026-10-05,std test price,desktop,std-pages,/std-test-pricing/,/std-testing/atlanta-ga/,3,,,5284,no,not checked,
2026-10-05,std test pricing,phone,std-pages,/std-test-pricing/,/std-testing/san-antonio-tx/,3,3,,227,no,not checked,other page ranks
2026-10-05,std test pricing,desktop,std-pages,/std-test-pricing/,/std-testing/san-antonio-tx/,3,,,227,no,not checked,
2026-10-05,std testing,phone,std-pages,/std-testing/,/std-testing/las-vegas-nv/,7,11,,66514,no,not checked,refresh
2026-10-05,std testing,desktop,std-pages,/std-testing/,/std-testing/maryland/,8,,,66514,no,yes,
2026-10-05,std testing abilene tx,phone,std-city,/std-testing/abilene-tx/,/std-testing/abilene-tx/,5,5,,122,no,not checked,
2026-10-05,std testing abilene tx,desktop,std-city,/std-testing/abilene-tx/,/std-testing/abilene-tx/,5,,,122,no,not checked,
2026-10-05,std testing addison,phone,std-city,/std-testing/addison-il/,/std-testing/addison-il/,10,6,,185,no,not checked,
2026-10-05,std testing addison,desktop,std-city,/std-testing/addison-il/,/std-testing/addison-il/,5,,,185,no,not checked,
2026-10-05,std testing akron oh,phone,std-city,/std-testing/akron-oh/,/std-testing/akron-oh/,6,7,,163,no,not checked,
2026-10-05,std testing akron oh,desktop,std-city,/std-testing/akron-oh/,/std-testing/akron-oh/,6,,,163,no,not checked,
2026-10-05,std testing albany ga,phone,std-city,/std-testing/albany-ga/,/std-testing/albany-ga/,4,4,,124,no,not checked,
2026-10-05,std testing albany ga,desktop,std-city,/std-testing/albany-ga/,/std-testing/albany-ga/,4,,,124,no,not checked,
2026-10-05,std testing albany ny,phone,std-city,/std-testing/albany-ny/,/std-testing/albany-ny/,1,5,,215,yes,not checked,
2026-10-05,std testing albany ny,desktop,std-city,/std-testing/albany-ny/,/std-testing/albany-ny/,5,,,215,no,no,
2026-10-05,std testing albuquerque nm,phone,std-city,/std-testing/albuquerque-nm/,/std-testing/albuquerque-nm/,6,6,,158,no,not checked,
2026-10-05,std testing albuquerque nm,desktop,std-city,/std-testing/albuquerque-nm/,/std-testing/albuquerque-nm/,6,,,158,no,not checked,
2026-10-05,std testing alexandria la,phone,std-city,/std-testing/alexandria-la/,/std-testing/alexandria-la/,4,4,,223,no,not checked,
2026-10-05,std testing alexandria la,desktop,std-city,/std-testing/alexandria-la/,/std-testing/alexandria-la/,4,,,223,no,not checked,
2026-10-05,std testing alexandria va,phone,std-city,/std-testing/alexandria-va/,/std-testing/alexandria-va/,24,5,,214,no,not checked,
2026-10-05,std testing alexandria va,desktop,std-city,/std-testing/alexandria-va/,/std-testing/alexandria-va/,4,,,214,yes,not checked,
2026-10-05,std testing allen tx,phone,std-city,/std-testing/allen-tx/,/std-testing/allen-tx/,4,4,,99,no,not checked,
2026-10-05,std testing allen tx,desktop,std-city,/std-testing/allen-tx/,/std-testing/allen-tx/,4,,,99,no,not checked,
2026-10-05,std testing allentown pa,phone,std-city,/std-testing/allentown-pa/,/std-testing/allentown-pa/,6,6,,179,no,not checked,
2026-10-05,std testing allentown pa,desktop,std-city,/std-testing/allentown-pa/,/std-testing/allentown-pa/,6,,,179,no,not checked,
2026-10-05,std testing alpharetta,phone,std-city,/std-testing/alpharetta-ga/,/std-testing/alpharetta-ga/,2,2,,223,yes,no,
2026-10-05,std testing alpharetta,desktop,std-city,/std-testing/alpharetta-ga/,/std-testing/alpharetta-ga/,1,,,223,yes,yes,
2026-10-05,std testing altamonte springs,phone,std-city,/std-testing/altamonte-springs-fl/,/std-testing/altamonte-springs-fl/,7,7,,104,no,not checked,
2026-10-05,std testing altamonte springs,desktop,std-city,/std-testing/altamonte-springs-fl/,/blood-testing/altamonte-springs-fl/,17,,,104,no,not checked,
2026-10-05,std testing alton il,phone,std-city,/std-testing/alton-il/,/std-testing/alton-il/,5,5,,104,no,not checked,
2026-10-05,std testing alton il,desktop,std-city,/std-testing/alton-il/,/std-testing/alton-il/,5,,,104,no,not checked,
2026-10-05,std testing amarillo tx,phone,std-city,/std-testing/amarillo-tx/,/std-testing/amarillo-tx/,5,5,,74,no,not checked,
2026-10-05,std testing amarillo tx,desktop,std-city,/std-testing/amarillo-tx/,/std-testing/amarillo-tx/,5,,,74,no,not checked,
2026-10-05,std testing ames,phone,std-city,/std-testing/ames-ia/,/std-testing/ames-ia/,6,6,,129,no,not checked,
2026-10-05,std testing ames,desktop,std-city,/std-testing/ames-ia/,/std-testing/ames-ia/,6,,,129,no,not checked,
2026-10-05,std testing ames ia,phone,std-city,/std-testing/ames-ia/,/std-testing/ames-ia/,6,6,,175,no,not checked,
2026-10-05,std testing ames ia,desktop,std-city,/std-testing/ames-ia/,/std-testing/ames-ia/,6,,,175,no,not checked,
2026-10-05,std testing anaheim ca,phone,std-city,/std-testing/anaheim-ca/,/std-testing/anaheim-ca/,4,5,,78,no,not checked,
2026-10-05,std testing anaheim ca,desktop,std-city,/std-testing/anaheim-ca/,/std-testing/anaheim-ca/,5,,,78,no,not checked,
2026-10-05,std testing anchorage ak,phone,std-city,/std-testing/anchorage-ak/,/std-testing/anchorage-ak/,5,5,,89,no,not checked,
2026-10-05,std testing anchorage ak,desktop,std-city,/std-testing/anchorage-ak/,/std-testing/anchorage-ak/,4,,,89,no,not checked,
2026-10-05,std testing anderson sc,phone,std-city,/std-testing/anderson-sc/,/std-testing/anderson-sc/,4,4,,104,no,not checked,
2026-10-05,std testing anderson sc,desktop,std-city,/std-testing/anderson-sc/,/std-testing/anderson-sc/,4,,,104,no,not checked,
2026-10-05,std testing ann arbor mi,phone,std-city,/std-testing/ann-arbor-mi/,/std-testing/ann-arbor-mi/,4,4,,196,no,not checked,
2026-10-05,std testing ann arbor mi,desktop,std-city,/std-testing/ann-arbor-mi/,/std-testing/ann-arbor-mi/,1,,,196,yes,not checked,
2026-10-05,std testing annandale va,phone,std-city,/std-testing/annandale-va/,/std-testing/annandale-va/,6,6,,99,no,not checked,
2026-10-05,std testing annandale va,desktop,std-city,/std-testing/annandale-va/,/std-testing/annandale-va/,24,,,99,no,not checked,
2026-10-05,std testing annapolis,phone,std-city,/std-testing/annapolis-md/,/std-testing/annapolis-md/,9,8,,233,no,not checked,
2026-10-05,std testing annapolis,desktop,std-city,/std-testing/annapolis-md/,/std-testing/annapolis-md/,5,,,233,no,not checked,
2026-10-05,std testing apple valley,phone,std-city,/std-testing/apple-valley-ca/,/std-testing/apple-valley-ca/,10,7,,140,no,not checked,
2026-10-05,std testing apple valley,desktop,std-city,/std-testing/apple-valley-ca/,/std-testing/apple-valley-ca/,6,,,140,no,not checked,
2026-10-05,std testing apple valley ca,phone,std-city,/std-testing/apple-valley-ca/,/std-testing/apple-valley-ca/,26,6,,83,no,not checked,
2026-10-05,std testing apple valley ca,desktop,std-city,/std-testing/apple-valley-ca/,/std-testing/apple-valley-ca/,6,,,83,no,not checked,
2026-10-05,std testing arcadia,phone,std-city,/std-testing/arcadia-ca/,/std-testing/arcadia-ca/,4,4,,124,no,not checked,
2026-10-05,std testing arcadia,desktop,std-city,/std-testing/arcadia-ca/,/std-testing/arcadia-ca/,4,,,124,no,not checked,
2026-10-05,std testing arlington heights il,phone,std-city,/std-testing/arlington-heights-il/,/std-testing/arlington-heights-il/,4,4,,110,no,not checked,
2026-10-05,std testing arlington heights il,desktop,std-city,/std-testing/arlington-heights-il/,/std-testing/arlington-heights-il/,4,,,110,no,not checked,
2026-10-05,std testing arlington tx,phone,std-city,/std-testing/arlington-tx/,/std-testing/arlington-tx/,7,7,,242,no,not checked,
2026-10-05,std testing arlington tx,desktop,std-city,/std-testing/arlington-tx/,/std-testing/arlington-tx/,7,,,242,no,not checked,
2026-10-05,std testing arlington va,phone,std-city,/std-testing/arlington-va/,/std-testing/arlington-va/,3,3,,193,yes,not checked,
2026-10-05,std testing arlington va,desktop,std-city,/std-testing/arlington-va/,/std-testing/arlington-va/,6,,,193,no,no,
2026-10-05,std testing asheville nc,phone,std-city,/std-testing/asheville-nc/,/std-testing/asheville-nc/,8,8,,168,no,not checked,
2026-10-05,std testing asheville nc,desktop,std-city,/std-testing/asheville-nc/,/std-testing/asheville-nc/,8,,,168,no,not checked,
2026-10-05,std testing athens ga,phone,std-city,/std-testing/athens-ga/,/std-testing/athens-ga/,4,4,,176,yes,not checked,
2026-10-05,std testing athens ga,desktop,std-city,/std-testing/athens-ga/,/std-testing/athens-ga/,4,,,176,yes,yes,
2026-10-05,std testing auburn al,phone,std-city,/std-testing/auburn-al/,/std-testing/auburn-al/,1,4,,75,no,not checked,
2026-10-05,std testing auburn al,desktop,std-city,/std-testing/auburn-al/,/std-testing/auburn-al/,5,,,75,no,not checked,
2026-10-05,std testing auburn wa,phone,std-city,/std-testing/auburn-wa/,/std-testing/auburn-wa/,5,5,,126,no,not checked,
2026-10-05,std testing auburn wa,desktop,std-city,/std-testing/auburn-wa/,/std-testing/auburn-wa/,2,,,126,no,not checked,
2026-10-05,std testing augusta ga,phone,std-city,/std-testing/augusta-ga/,/std-testing/augusta-ga/,4,4,,218,no,not checked,
2026-10-05,std testing augusta ga,desktop,std-city,/std-testing/augusta-ga/,/std-testing/augusta-ga/,4,,,218,no,not checked,
2026-10-05,std testing aurora co,phone,std-city,/std-testing/aurora-co/,/std-testing/aurora-co/,4,4,,233,no,not checked,
2026-10-05,std testing aurora co,desktop,std-city,/std-testing/aurora-co/,/std-testing/aurora-co/,4,,,233,no,not checked,
2026-10-05,std testing aurora il,phone,std-city,/std-testing/aurora-il/,/std-testing/aurora-il/,5,5,,147,no,not checked,
2026-10-05,std testing aurora il,desktop,std-city,/std-testing/aurora-il/,/std-testing/aurora-il/,5,,,147,no,not checked,
2026-10-05,std testing aventura,phone,std-city,/std-testing/aventura-fl/,/std-testing/aventura-fl/,8,8,,139,no,not checked,
2026-10-05,std testing aventura,desktop,std-city,/std-testing/aventura-fl/,/std-testing/aventura-fl/,5,,,139,no,not checked,
2026-10-05,std testing avondale az,phone,std-city,/std-testing/avondale-az/,/std-testing/avondale-az/,4,5,,140,no,not checked,
2026-10-05,std testing avondale az,desktop,std-city,/std-testing/avondale-az/,/std-testing/avondale-az/,6,,,140,no,no,
2026-10-05,std testing bakersfield ca,phone,std-city,/std-testing/bakersfield-ca/,/std-testing/bakersfield-ca/,5,5,,61,no,not checked,
2026-10-05,std testing bakersfield ca,desktop,std-city,/std-testing/bakersfield-ca/,/std-testing/bakersfield-ca/,5,,,61,no,not checked,
2026-10-05,std testing battle creek mi,phone,std-city,/std-testing/battle-creek-mi/,/std-testing/battle-creek-mi/,4,4,,99,no,not checked,
2026-10-05,std testing battle creek mi,desktop,std-city,/std-testing/battle-creek-mi/,/std-testing/battle-creek-mi/,4,,,99,no,not checked,
2026-10-05,std testing baytown tx,phone,std-city,/std-testing/baytown-tx/,/std-testing/baytown-tx/,7,6,,63,no,not checked,
2026-10-05,std testing baytown tx,desktop,std-city,/std-testing/baytown-tx/,/std-testing/baytown-tx/,7,,,63,no,not checked,
2026-10-05,std testing beaumont tx,phone,std-city,/std-testing/beaumont-tx/,/std-testing/beaumont-tx/,4,4,,131,no,not checked,
2026-10-05,std testing beaumont tx,desktop,std-city,/std-testing/beaumont-tx/,/std-testing/beaumont-tx/,4,,,131,no,not checked,
2026-10-05,std testing beavercreek,phone,std-city,/std-testing/beavercreek-oh/,/std-testing/beavercreek-oh/,4,4,,117,no,not checked,
2026-10-05,std testing beavercreek,desktop,std-city,/std-testing/beavercreek-oh/,/std-testing/beavercreek-oh/,4,,,117,no,not checked,
2026-10-05,std testing beaverton or,phone,std-city,/std-testing/tualatin-or/,/std-testing/beaverton-or/,25,5,,159,no,not checked,
2026-10-05,std testing beaverton or,desktop,std-city,/std-testing/tualatin-or/,/std-testing/beaverton-or/,5,,,159,no,no,
2026-10-05,std testing bellevue wa,phone,std-city,/std-testing/bellevue-wa/,/std-testing/bellevue-wa/,5,5,,189,no,not checked,
2026-10-05,std testing bellevue wa,desktop,std-city,/std-testing/bellevue-wa/,/std-testing/bellevue-wa/,5,,,189,no,not checked,
2026-10-05,std testing bellingham wa,phone,std-city,/std-testing/bellingham-wa/,/std-testing/bellingham-wa/,6,6,,103,no,not checked,
2026-10-05,std testing bellingham wa,desktop,std-city,/std-testing/bellingham-wa/,/std-testing/bellingham-wa/,6,,,103,no,no,
2026-10-05,std testing bentonville,phone,std-city,/std-testing/bentonville-ar/,/std-testing/rogers-ar/,21,5,,254,no,not checked,other page ranks
2026-10-05,std testing bentonville,desktop,std-city,/std-testing/bentonville-ar/,/std-testing/rogers-ar/,21,,,254,no,not checked,
2026-10-05,std testing berkeley ca,phone,std-city,/std-testing/berkeley-ca/,/std-testing/berkeley-ca/,1,1,,86,yes,yes,
2026-10-05,std testing berkeley ca,desktop,std-city,/std-testing/berkeley-ca/,/std-testing/berkeley-ca/,1,,,86,yes,not checked,
2026-10-05,std testing berwyn il,phone,std-city,/std-testing/berwyn-il/,/std-testing/berwyn-il/,6,6,,114,no,not checked,
2026-10-05,std testing berwyn il,desktop,std-city,/std-testing/berwyn-il/,/std-testing/berwyn-il/,6,,,114,no,not checked,
2026-10-05,std testing bethlehem pa,phone,std-city,/std-testing/bethlehem-pa/,/std-testing/bethlehem-pa/,4,4,,132,no,not checked,
2026-10-05,std testing bethlehem pa,desktop,std-city,/std-testing/bethlehem-pa/,/std-testing/bethlehem-pa/,1,,,132,yes,no,
2026-10-05,std testing beverly,phone,std-city,/std-testing/beverly-ma/,/std-testing/beverly-ma/,5,5,,169,no,not checked,
2026-10-05,std testing beverly,desktop,std-city,/std-testing/beverly-ma/,/std-testing/beverly-ma/,5,,,169,no,not checked,
2026-10-05,std testing billings mt,phone,std-city,/std-testing/billings-mt/,/std-testing/billings-mt/,6,6,,65,no,not checked,
2026-10-05,std testing billings mt,desktop,std-city,/std-testing/billings-mt/,/std-testing/billings-mt/,6,,,65,no,not checked,
2026-10-05,std testing binghamton ny,phone,std-city,/std-testing/binghamton-ny/,/std-testing/binghamton-ny/,7,7,,61,no,not checked,
2026-10-05,std testing binghamton ny,desktop,std-city,/std-testing/binghamton-ny/,/std-testing/binghamton-ny/,7,,,61,no,not checked,
2026-10-05,std testing birmingham al,phone,std-city,/std-testing/birmingham-al/,/std-testing/birmingham-al/,8,9,,262,no,not checked,
2026-10-05,std testing birmingham al,desktop,std-city,/std-testing/birmingham-al/,/std-testing/birmingham-al/,8,,,262,no,not checked,
2026-10-05,std testing bismarck nd,phone,std-city,/std-testing/bismarck-nd/,/std-testing/bismarck-nd/,6,6,,116,no,not checked,
2026-10-05,std testing bismarck nd,desktop,std-city,/std-testing/bismarck-nd/,/std-testing/bismarck-nd/,5,,,116,no,not checked,
2026-10-05,std testing blacksburg va,phone,std-city,/std-testing/blacksburg-va/,/std-testing/blacksburg-va/,6,6,,113,no,not checked,
2026-10-05,std testing blacksburg va,desktop,std-city,/std-testing/blacksburg-va/,/std-testing/blacksburg-va/,6,,,113,no,not checked,
2026-10-05,std testing bloomington il,phone,std-city,/std-testing/bloomington-il/,/std-testing/bloomington-il/,1,1,,161,yes,yes,
2026-10-05,std testing bloomington il,desktop,std-city,/std-testing/bloomington-il/,/std-testing/bloomington-il/,1,,,161,yes,not checked,
2026-10-05,std testing bloomsburg pa,phone,std-city,/std-testing/bloomsburg-pa/,/std-testing/bloomsburg-pa/,6,6,,65,no,not checked,
2026-10-05,std testing bloomsburg pa,desktop,std-city,/std-testing/bloomsburg-pa/,/std-testing/bloomsburg-pa/,3,,,65,no,not checked,
2026-10-05,std testing blue springs,phone,std-city,/std-testing/blue-springs-mo/,/std-testing/blue-springs-mo/,4,5,,184,no,not checked,
2026-10-05,std testing blue springs,desktop,std-city,/std-testing/blue-springs-mo/,/std-testing/blue-springs-mo/,4,,,184,no,not checked,
2026-10-05,std testing boca raton fl,phone,std-city,/std-testing/boca-raton-fl/,/std-testing/boca-raton-fl/,4,4,,123,no,not checked,
2026-10-05,std testing boca raton fl,desktop,std-city,/std-testing/boca-raton-fl/,/std-testing/boca-raton-fl/,4,,,123,no,not checked,
2026-10-05,std testing bolingbrook,phone,std-city,/std-testing/bolingbrook-il/,/std-testing/bolingbrook-il/,7,7,,93,no,not checked,
2026-10-05,std testing bolingbrook,desktop,std-city,/std-testing/bolingbrook-il/,/std-testing/bolingbrook-il/,7,,,93,no,not checked,
2026-10-05,std testing bossier city,phone,std-city,/std-testing/bossier-city-la/,/std-testing/bossier-city-la/,6,6,,151,no,not checked,
2026-10-05,std testing bossier city,desktop,std-city,/std-testing/bossier-city-la/,/std-testing/bossier-city-la/,5,,,151,no,not checked,
2026-10-05,std testing bothell wa,phone,std-city,/std-testing/bothell-wa/,/std-testing/bothell-wa/,5,5,,228,no,not checked,
2026-10-05,std testing bothell wa,desktop,std-city,/std-testing/bothell-wa/,/std-testing/bothell-wa/,5,,,228,no,not checked,
2026-10-05,std testing boulder co,phone,std-city,/std-testing/boulder-co/,/std-testing/boulder-co/,6,8,,94,no,not checked,
2026-10-05,std testing boulder co,desktop,std-city,/std-testing/boulder-co/,/std-testing/boulder-co/,6,,,94,no,not checked,
2026-10-05,std testing bowie md,phone,std-city,/std-testing/bowie-md/,/std-testing/bowie-md/,4,4,,73,no,not checked,
2026-10-05,std testing bowie md,desktop,std-city,/std-testing/bowie-md/,/std-testing/bowie-md/,4,,,73,no,not checked,
2026-10-05,std testing bowling green ky,phone,std-city,/std-testing/bowling-green-ky/,/std-testing/bowling-green-ky/,5,5,,147,no,not checked,
2026-10-05,std testing bowling green ky,desktop,std-city,/std-testing/bowling-green-ky/,/std-testing/bowling-green-ky/,4,,,147,no,not checked,
2026-10-05,std testing boynton beach fl,phone,std-city,/std-testing/boynton-beach-fl/,/std-testing/boynton-beach-fl/,4,4,,89,no,not checked,
2026-10-05,std testing boynton beach fl,desktop,std-city,/std-testing/boynton-beach-fl/,/std-testing/boynton-beach-fl/,4,,,89,no,not checked,
2026-10-05,std testing bozeman,phone,std-city,/std-testing/bozeman-mt/,/std-testing/bozeman-mt/,6,7,,163,no,not checked,
2026-10-05,std testing bozeman,desktop,std-city,/std-testing/bozeman-mt/,/std-testing/bozeman-mt/,6,,,163,no,not checked,
2026-10-05,std testing bradenton,phone,std-city,/std-testing/bradenton-fl/,/std-testing/bradenton-fl/,5,5,,194,no,not checked,
2026-10-05,std testing bradenton,desktop,std-city,/std-testing/bradenton-fl/,/std-testing/bradenton-fl/,5,,,194,no,not checked,
2026-10-05,std testing brandon fl,phone,std-city,/std-testing/brandon-fl/,/std-testing/northdale-fl/,11,8,,162,no,not checked,other page ranks
2026-10-05,std testing brandon fl,desktop,std-city,/std-testing/brandon-fl/,/std-testing/brandon-fl/,5,,,162,no,not checked,
2026-10-05,std testing brea ca,phone,std-city,/std-testing/brea-ca/,/std-testing/brea-ca/,5,5,,71,no,not checked,
2026-10-05,std testing brea ca,desktop,std-city,/std-testing/brea-ca/,/std-testing/brea-ca/,5,,,71,no,not checked,
2026-10-05,std testing bremerton wa,phone,std-city,/std-testing/bremerton-wa/,/std-testing/bremerton-wa/,3,3,,75,no,not checked,
2026-10-05,std testing bremerton wa,desktop,std-city,/std-testing/bremerton-wa/,/std-testing/graham-wa/,1,,,75,yes,not checked,
2026-10-05,std testing brentwood,phone,std-city,/std-testing/brentwood-ca/,/std-testing/brentwood-ny/,6,6,,251,no,not checked,
2026-10-05,std testing brentwood,desktop,std-city,/std-testing/brentwood-ca/,/std-testing/brentwood-ny/,6,,,251,no,not checked,
2026-10-05,std testing brentwood tn,phone,std-city,/std-testing/brentwood-tn/,/std-testing/brentwood-tn/,8,8,,146,no,not checked,
2026-10-05,std testing brentwood tn,desktop,std-city,/std-testing/brentwood-tn/,/std-testing/brentwood-tn/,9,,,146,no,not checked,
2026-10-05,std testing bridgeport ct,phone,std-city,/std-testing/bridgeport-ct/,/std-testing/bridgeport-ct/,5,5,,114,no,not checked,
2026-10-05,std testing bridgeport ct,desktop,std-city,/std-testing/bridgeport-ct/,/std-testing/bridgeport-ct/,5,,,114,no,not checked,
2026-10-05,std testing bristol,phone,std-city,/std-testing/bristol-ct/,/std-testing/bristol-ct/,5,5,,201,no,not checked,
2026-10-05,std testing bristol,desktop,std-city,/std-testing/bristol-ct/,/std-testing/bristol-ct/,2,,,201,no,not checked,
2026-10-05,std testing brockton ma,phone,std-city,/std-testing/brockton-ma/,/std-testing/brockton-ma/,4,4,,68,no,not checked,
2026-10-05,std testing brockton ma,desktop,std-city,/std-testing/brockton-ma/,/std-testing/brockton-ma/,1,,,68,no,not checked,
2026-10-05,std testing broken arrow ok,phone,std-city,/std-testing/broken-arrow-ok/,/std-testing/broken-arrow-ok/,4,4,,86,no,not checked,
2026-10-05,std testing broken arrow ok,desktop,std-city,/std-testing/broken-arrow-ok/,/std-testing/broken-arrow-ok/,4,,,86,no,not checked,
2026-10-05,std testing bronx ny,phone,std-city,/std-testing/bronx-ny/,/std-testing/bronx-ny/,6,6,,159,no,not checked,
2026-10-05,std testing bronx ny,desktop,std-city,/std-testing/bronx-ny/,/std-testing/bronx-ny/,6,,,159,no,not checked,
2026-10-05,std testing brookhaven,phone,std-city,/std-testing/brookhaven-ga/,/std-testing/brookhaven-ga/,3,2,,173,no,not checked,
2026-10-05,std testing brookhaven,desktop,std-city,/std-testing/brookhaven-ga/,/std-testing/brookhaven-ga/,2,,,173,no,not checked,
2026-10-05,std testing broomfield co,phone,std-city,/std-testing/broomfield-co/,/std-testing/broomfield-co/,6,6,,69,no,not checked,
2026-10-05,std testing broomfield co,desktop,std-city,/std-testing/broomfield-co/,/std-testing/broomfield-co/,6,,,69,no,not checked,
2026-10-05,std testing bryan tx,phone,std-city,/std-testing/bryan-tx/,/std-testing/bryan-tx/,4,4,,105,no,not checked,
2026-10-05,std testing bryan tx,desktop,std-city,/std-testing/bryan-tx/,/std-testing/college-station-tx/,11,,,105,no,not checked,
2026-10-05,std testing buffalo grove,phone,std-city,/std-testing/buffalo-grove-il/,/std-testing/buffalo-ny/,18,5,,190,no,not checked,other page ranks
2026-10-05,std testing buffalo grove,desktop,std-city,/std-testing/buffalo-grove-il/,/std-testing/buffalo-grove-il/,6,,,190,no,not checked,
2026-10-05,std testing buffalo ny,phone,std-city,/std-testing/buffalo-ny/,/std-testing/buffalo-ny/,8,7,,274,no,not checked,
2026-10-05,std testing buffalo ny,desktop,std-city,/std-testing/buffalo-ny/,/std-testing/buffalo-ny/,8,,,274,no,not checked,
2026-10-05,std testing bullhead city,phone,std-city,/std-testing/bullhead-city-az/,/std-testing/bullhead-city-az/,3,4,,86,no,not checked,
2026-10-05,std testing bullhead city,desktop,std-city,/std-testing/bullhead-city-az/,/std-testing/bullhead-city-az/,2,,,86,no,not checked,
2026-10-05,std testing burbank ca,phone,std-city,/std-testing/burbank-ca/,/std-testing/burbank-ca/,6,6,,104,no,not checked,
2026-10-05,std testing burbank ca,desktop,std-city,/std-testing/burbank-ca/,/std-testing/burbank-ca/,5,,,104,no,yes,
2026-10-05,std testing burien wa,phone,std-city,/std-testing/burien-wa/,/std-testing/burien-wa/,5,5,,214,no,not checked,
2026-10-05,std testing burien wa,desktop,std-city,/std-testing/burien-wa/,/std-testing/burien-wa/,5,,,214,no,not checked,
2026-10-05,std testing burleson,phone,std-city,/std-testing/burleson-tx/,/std-testing/burleson-tx/,8,8,,187,no,not checked,
2026-10-05,std testing burleson,desktop,std-city,/std-testing/burleson-tx/,/std-testing/burleson-tx/,8,,,187,no,not checked,
2026-10-05,std testing burlington nc,phone,std-city,/std-testing/burlington-nc/,/std-testing/burlington-nc/,4,4,,130,no,not checked,
2026-10-05,std testing burlington nc,desktop,std-city,/std-testing/burlington-nc/,/std-testing/burlington-nc/,4,,,130,no,not checked,
2026-10-05,std testing burlington vt,phone,std-city,/std-testing/burlington-vt/,/std-testing/burlington-vt/,29,3,,73,no,not checked,
2026-10-05,std testing burlington vt,desktop,std-city,/std-testing/burlington-vt/,/std-testing/vermont/,5,,,73,no,not checked,
2026-10-05,std testing canton oh,phone,std-city,/std-testing/canton-oh/,/std-testing/canton-oh/,6,6,,122,no,not checked,
2026-10-05,std testing canton oh,desktop,std-city,/std-testing/canton-oh/,/std-testing/canton-oh/,6,,,122,no,not checked,
2026-10-05,std testing cape coral fl,phone,std-city,/std-testing/cape-coral-fl/,/std-testing/cape-coral-fl/,6,6,,76,no,not checked,
2026-10-05,std testing cape coral fl,desktop,std-city,/std-testing/cape-coral-fl/,/std-testing/cape-coral-fl/,6,,,76,no,not checked,
2026-10-05,std testing carbondale il,phone,std-city,/std-testing/carbondale-il/,/std-testing/carbondale-il/,5,5,,51,no,not checked,
2026-10-05,std testing carbondale il,desktop,std-city,/std-testing/carbondale-il/,/std-testing/carbondale-il/,5,,,51,no,not checked,
2026-10-05,std testing carrollton tx,phone,std-city,/std-testing/carrollton-tx/,/std-testing/carrollton-tx/,5,5,,63,no,not checked,
2026-10-05,std testing carrollton tx,desktop,std-city,/std-testing/carrollton-tx/,/std-testing/carrollton-tx/,5,,,63,no,not checked,
2026-10-05,std testing cary nc,phone,std-city,/std-testing/cary-nc/,/std-testing/cary-nc/,5,6,,186,no,not checked,
2026-10-05,std testing cary nc,desktop,std-city,/std-testing/cary-nc/,/std-testing/cary-nc/,6,,,186,no,not checked,
2026-10-05,std testing casa grande,phone,std-city,/std-testing/casa-grande-az/,/std-testing/casa-grande-az/,4,4,,123,no,not checked,
2026-10-05,std testing casa grande,desktop,std-city,/std-testing/casa-grande-az/,/std-testing/casa-grande-az/,4,,,123,no,not checked,
2026-10-05,std testing castle rock,phone,std-city,/std-testing/castle-rock-co/,/std-testing/castle-rock-co/,8,8,,115,no,not checked,
2026-10-05,std testing castle rock,desktop,std-city,/std-testing/castle-rock-co/,/std-testing/castle-rock-co/,8,,,115,no,not checked,
2026-10-05,std testing cedar hill,phone,std-city,/std-testing/cedar-hill-tx/,/std-testing/cedar-hill-tx/,7,7,,155,no,not checked,
2026-10-05,std testing cedar hill,desktop,std-city,/std-testing/cedar-hill-tx/,/std-testing/cedar-hill-tx/,7,,,155,no,not checked,
2026-10-05,std testing cedar park tx,phone,std-city,/std-testing/cedar-park-tx/,/std-testing/cedar-park-tx/,7,7,,93,no,not checked,
2026-10-05,std testing cedar park tx,desktop,std-city,/std-testing/cedar-park-tx/,/std-testing/cedar-park-tx/,7,,,93,no,not checked,
2026-10-05,std testing cedar rapids ia,phone,std-city,/std-testing/cedar-rapids-ia/,/std-testing/cedar-rapids-ia/,5,5,,144,no,not checked,
2026-10-05,std testing cedar rapids ia,desktop,std-city,/std-testing/cedar-rapids-ia/,/std-testing/cedar-rapids-ia/,2,,,144,no,yes,
2026-10-05,std testing centennial co,phone,std-city,/std-testing/centennial-co/,/std-testing/centennial-co/,2,2,,150,no,not checked,
2026-10-05,std testing centennial co,desktop,std-city,/std-testing/centennial-co/,/std-testing/centennial-co/,4,,,150,no,no,
2026-10-05,std testing chambersburg pa,phone,std-city,/std-testing/chambersburg-pa/,/std-testing/chambersburg-pa/,5,5,,49,no,not checked,
2026-10-05,std testing chambersburg pa,desktop,std-city,/std-testing/chambersburg-pa/,/std-testing/chambersburg-pa/,4,,,49,no,not checked,
2026-10-05,std testing champaign il,phone,std-city,/std-testing/champaign-il/,/std-testing/champaign-il/,5,5,,191,no,not checked,
2026-10-05,std testing champaign il,desktop,std-city,/std-testing/champaign-il/,/std-testing/champaign-il/,5,,,191,no,not checked,
2026-10-05,std testing chandler az,phone,std-city,/std-testing/chandler-az/,/std-testing/chandler-az/,24,4,,173,no,not checked,
2026-10-05,std testing chandler az,desktop,std-city,/std-testing/chandler-az/,/std-testing/chandler-az/,4,,,173,no,not checked,
2026-10-05,std testing chapel hill,phone,std-city,/std-testing/chapel-hill-nc/,/std-testing/chapel-hill-nc/,8,8,,106,no,not checked,
2026-10-05,std testing chapel hill,desktop,std-city,/std-testing/chapel-hill-nc/,/std-testing/chapel-hill-nc/,8,,,106,no,not checked,
2026-10-05,std testing charleston sc,phone,std-city,/std-testing/charleston-sc/,/std-testing/charleston-sc/,8,8,,226,no,not checked,
2026-10-05,std testing charleston sc,desktop,std-city,/std-testing/charleston-sc/,/std-testing/charleston-sc/,8,,,226,no,not checked,
2026-10-05,std testing charleston wv,phone,std-city,/std-testing/charleston-wv/,/std-testing/charleston-wv/,5,5,,133,no,not checked,
2026-10-05,std testing charleston wv,desktop,std-city,/std-testing/charleston-wv/,/std-testing/charleston-wv/,5,,,133,no,not checked,
2026-10-05,std testing charlotte nc,phone,std-city,/std-testing/charlotte-nc/,/std-testing/charlotte-nc/,7,8,,396,no,not checked,
2026-10-05,std testing charlotte nc,desktop,std-city,/std-testing/charlotte-nc/,/std-testing/charlotte-nc/,7,,,396,no,not checked,
2026-10-05,std testing charlottesville va,phone,std-city,/std-testing/charlottesville-va/,/std-testing/charlottesville-va/,6,6,,52,no,not checked,
2026-10-05,std testing charlottesville va,desktop,std-city,/std-testing/charlottesville-va/,/std-testing/charlottesville-va/,6,,,52,no,not checked,
2026-10-05,std testing chattanooga tn,phone,std-city,/std-testing/chattanooga-tn/,/std-testing/chattanooga-tn/,4,4,,54,no,not checked,
2026-10-05,std testing chattanooga tn,desktop,std-city,/std-testing/chattanooga-tn/,/std-testing/chattanooga-tn/,4,,,54,no,not checked,
2026-10-05,std testing chesapeake va,phone,std-city,/std-testing/chesapeake-va/,/std-testing/chesapeake-va/,6,6,,203,no,not checked,
2026-10-05,std testing chesapeake va,desktop,std-city,/std-testing/chesapeake-va/,/std-testing/chesapeake-va/,4,,,203,no,no,
2026-10-05,std testing chesterfield,phone,std-city,/std-testing/chesterfield-mo/,/std-testing/chesterfield-mo/,6,6,,191,no,not checked,
2026-10-05,std testing chesterfield,desktop,std-city,/std-testing/chesterfield-mo/,/std-testing/chesterfield-mo/,3,,,191,no,not checked,
2026-10-05,std testing cheyenne wy,phone,std-city,/std-testing/cheyenne-wy/,/std-testing/cheyenne-wy/,5,5,,171,no,not checked,
2026-10-05,std testing cheyenne wy,desktop,std-city,/std-testing/cheyenne-wy/,/std-testing/cheyenne-wy/,5,,,171,no,not checked,
2026-10-05,std testing chino ca,phone,std-city,/std-testing/chino-hills-ca/,/std-testing/chino-hills-ca/,5,5,,82,no,not checked,
2026-10-05,std testing chino ca,desktop,std-city,/std-testing/chino-hills-ca/,/std-testing/chino-hills-ca/,14,,,82,no,not checked,
2026-10-05,std testing cicero il,phone,std-city,/std-testing/cicero-il/,/std-testing/cicero-il/,4,5,,98,no,not checked,
2026-10-05,std testing cicero il,desktop,std-city,/std-testing/cicero-il/,/std-testing/cicero-il/,4,,,98,no,not checked,
2026-10-05,std testing clarksburg md,phone,std-city,/std-testing/clarksburg-md/,/std-testing/clarksburg-md/,4,4,,241,no,not checked,
2026-10-05,std testing clarksburg md,desktop,std-city,/std-testing/clarksburg-md/,/std-testing/clarksburg-md/,4,,,241,no,not checked,
2026-10-05,std testing clarksville tn,phone,std-city,/std-testing/clarksville-tn/,/std-testing/clarksville-tn/,4,4,,144,no,not checked,
2026-10-05,std testing clarksville tn,desktop,std-city,/std-testing/clarksville-tn/,/std-testing/clarksville-tn/,4,,,144,no,not checked,
2026-10-05,std testing clearwater fl,phone,std-city,/std-testing/clearwater-fl/,/std-testing/clearwater-fl/,8,8,,171,no,not checked,
2026-10-05,std testing clearwater fl,desktop,std-city,/std-testing/clearwater-fl/,/std-testing/clearwater-fl/,7,,,171,no,not checked,
2026-10-05,std testing cleveland oh,phone,std-city,/std-testing/cleveland-oh/,/std-testing/cleveland-oh/,5,5,,215,no,not checked,
2026-10-05,std testing cleveland oh,desktop,std-city,/std-testing/cleveland-oh/,/std-testing/cleveland-oh/,5,,,215,no,not checked,
2026-10-05,std testing clifton nj,phone,std-city,/std-testing/clifton-nj/,/std-testing/clifton-nj/,5,5,,42,no,not checked,
2026-10-05,std testing clifton nj,desktop,std-city,/std-testing/clifton-nj/,/std-testing/clifton-nj/,5,,,42,no,not checked,
2026-10-05,std testing coeur d alene id,phone,std-city,/std-testing/coeur-d-alene-id/,/std-testing/coeur-d-alene-id/,4,4,,90,no,not checked,
2026-10-05,std testing coeur d alene id,desktop,std-city,/std-testing/coeur-d-alene-id/,/std-testing/coeur-d-alene-id/,4,,,90,no,no,
2026-10-05,std testing colorado springs co,phone,std-city,/std-testing/colorado-springs-co/,/std-testing/colorado-springs-co/,5,5,,141,no,not checked,
2026-10-05,std testing colorado springs co,desktop,std-city,/std-testing/colorado-springs-co/,/std-testing/colorado-springs-co/,5,,,141,no,not checked,
2026-10-05,std testing columbia md,phone,std-city,/std-testing/columbia-md/,/std-testing/columbia-md/,6,6,,168,no,not checked,
2026-10-05,std testing columbia md,desktop,std-city,/std-testing/columbia-md/,/std-testing/columbia-md/,1,,,168,yes,not checked,
2026-10-05,std testing columbia mo,phone,std-city,/std-testing/columbia-mo/,/std-testing/columbia-mo/,24,6,,180,no,not checked,
2026-10-05,std testing columbia mo,desktop,std-city,/std-testing/columbia-mo/,/std-testing/columbia-mo/,6,,,180,no,not checked,
2026-10-05,std testing columbia sc,phone,std-city,/std-testing/columbia-sc/,/std-testing/columbia-sc/,8,8,,337,no,not checked,
2026-10-05,std testing columbia sc,desktop,std-city,/std-testing/columbia-sc/,/std-testing/columbia-sc/,9,,,337,no,not checked,
2026-10-05,std testing columbus ga,phone,std-city,/std-testing/columbus-ga/,/std-testing/columbus-ga/,5,4,,147,no,not checked,
2026-10-05,std testing columbus ga,desktop,std-city,/std-testing/columbus-ga/,/std-testing/columbus-ga/,5,,,147,no,not checked,
2026-10-05,std testing concord ca,phone,std-city,/std-testing/concord-ca/,/std-testing/concord-ca/,6,6,,172,no,not checked,
2026-10-05,std testing concord ca,desktop,std-city,/std-testing/concord-ca/,/std-testing/concord-ca/,3,,,172,no,not checked,
2026-10-05,std testing concord nc,phone,std-city,/std-testing/concord-nc/,/std-testing/concord-nc/,1,1,,124,yes,not checked,
2026-10-05,std testing concord nc,desktop,std-city,/std-testing/concord-nc/,/std-testing/concord-nc/,4,,,124,yes,not checked,
2026-10-05,std testing conroe tx,phone,std-city,/std-testing/conroe-tx/,/std-testing/conroe-tx/,4,4,,150,no,not checked,
2026-10-05,std testing conroe tx,desktop,std-city,/std-testing/conroe-tx/,/std-testing/conroe-tx/,4,,,150,no,not checked,
2026-10-05,std testing conway ar,phone,std-city,/std-testing/conway-ar/,/std-testing/conway-ar/,5,5,,139,no,not checked,
2026-10-05,std testing conway ar,desktop,std-city,/std-testing/conway-ar/,/std-testing/conway-ar/,4,,,139,no,not checked,
2026-10-05,std testing coppell,phone,std-city,/std-testing/coppell-tx/,/std-testing/coppell-tx/,5,2,,140,no,not checked,
2026-10-05,std testing coppell,desktop,std-city,/std-testing/coppell-tx/,/std-testing/coppell-tx/,1,,,140,no,no,
2026-10-05,std testing coral gables,phone,std-city,/std-testing/coral-gables-fl/,/std-testing/coral-gables-fl/,1,1,,292,yes,not checked,
2026-10-05,std testing coral gables,desktop,std-city,/std-testing/coral-gables-fl/,/std-testing/coral-gables-fl/,1,,,292,yes,not checked,
2026-10-05,std testing coral springs fl,phone,std-city,/std-testing/coral-springs-fl/,/std-testing/coral-springs-fl/,4,4,,100,no,not checked,
2026-10-05,std testing coral springs fl,desktop,std-city,/std-testing/coral-springs-fl/,/std-testing/coral-springs-fl/,23,,,100,no,not checked,
2026-10-05,std testing corvallis or,phone,std-city,/std-testing/corvallis-or/,/std-testing/corvallis-or/,5,6,,75,no,not checked,
2026-10-05,std testing corvallis or,desktop,std-city,/std-testing/corvallis-or/,/std-testing/corvallis-or/,1,,,75,yes,not checked,
2026-10-05,std testing cost,phone,std-pages,/std-test-pricing/,/std-testing/atlanta-ga/,1,1,,577,no,not checked,other page ranks
2026-10-05,std testing cost,desktop,std-pages,/std-test-pricing/,/,1,,,577,yes,yes,
2026-10-05,std testing costa mesa ca,phone,std-city,/std-testing/costa-mesa-ca/,/std-testing/costa-mesa-ca/,3,3,,128,no,not checked,
2026-10-05,std testing costa mesa ca,desktop,std-city,/std-testing/costa-mesa-ca/,/std-testing/costa-mesa-ca/,2,,,128,no,not checked,
2026-10-05,std testing covington,phone,std-city,/std-testing/covington-la/,/std-testing/covington-la/,5,5,,306,no,not checked,
2026-10-05,std testing covington,desktop,std-city,/std-testing/covington-la/,/std-testing/covington-la/,6,,,306,no,not checked,
2026-10-05,std testing covington la,phone,std-city,/std-testing/covington-la/,/std-testing/covington-la/,5,5,,144,no,not checked,
2026-10-05,std testing covington la,desktop,std-city,/std-testing/covington-la/,/std-testing/covington-la/,5,,,144,no,not checked,
2026-10-05,std testing covington wa,phone,std-city,/std-testing/covington-wa/,/std-testing/covington-wa/,4,4,,207,no,not checked,
2026-10-05,std testing covington wa,desktop,std-city,/std-testing/covington-wa/,/std-testing/covington-wa/,4,,,207,no,not checked,
2026-10-05,std testing crystal lake,phone,std-city,/std-testing/crystal-lake-il/,/std-testing/crystal-lake-il/,2,3,,181,no,not checked,
2026-10-05,std testing crystal lake,desktop,std-city,/std-testing/crystal-lake-il/,/std-testing/crystal-lake-il/,1,,,181,no,yes,
2026-10-05,std testing culver city,phone,std-city,/std-testing/culver-city-ca/,/std-testing/culver-city-ca/,21,3,,127,no,not checked,
2026-10-05,std testing culver city,desktop,std-city,/std-testing/culver-city-ca/,/std-testing/culver-city-ca/,2,,,127,no,yes,
2026-10-05,std testing cypress ca,phone,std-city,/std-testing/cypress-ca/,/std-testing/cypress-ca/,4,4,,100,no,not checked,
2026-10-05,std testing cypress ca,desktop,std-city,/std-testing/cypress-ca/,/std-testing/cypress-ca/,4,,,100,no,not checked,
2026-10-05,std testing danbury ct,phone,std-city,/std-testing/danbury-ct/,/std-testing/danbury-ct/,6,6,,43,no,not checked,
2026-10-05,std testing danbury ct,desktop,std-city,/std-testing/danbury-ct/,/std-testing/danbury-ct/,6,,,43,no,not checked,
2026-10-05,std testing danville ca,phone,std-city,/std-testing/danville-ca/,/std-testing/danville-ca/,3,4,,199,no,not checked,
2026-10-05,std testing danville ca,desktop,std-city,/std-testing/danville-ca/,/std-testing/danville-ca/,1,,,199,yes,not checked,
2026-10-05,std testing danville va,phone,std-city,/std-testing/danville-va/,/std-testing/danville-va/,4,4,,83,no,not checked,
2026-10-05,std testing danville va,desktop,std-city,/std-testing/danville-va/,/std-testing/danville-va/,1,,,83,no,not checked,
2026-10-05,std testing davenport ia,phone,std-city,/std-testing/davenport-ia/,/std-testing/davenport-ia/,5,5,,123,no,not checked,
2026-10-05,std testing davenport ia,desktop,std-city,/std-testing/davenport-ia/,/std-testing/davenport-ia/,1,,,123,yes,yes,
2026-10-05,std testing davie fl,phone,std-city,/std-testing/davie-fl/,/std-testing/davie-fl/,4,4,,67,no,not checked,
2026-10-05,std testing davie fl,desktop,std-city,/std-testing/davie-fl/,/std-testing/davie-fl/,4,,,67,no,not checked,
2026-10-05,std testing davis ca,phone,std-city,/std-testing/davis-ca/,/std-testing/davis-ca/,6,5,,66,no,not checked,
2026-10-05,std testing davis ca,desktop,std-city,/std-testing/davis-ca/,/std-testing/davis-ca/,4,,,66,no,not checked,
2026-10-05,std testing dayton oh,phone,std-city,/std-testing/dayton-oh/,/std-testing/dayton-oh/,6,6,,113,no,not checked,
2026-10-05,std testing dayton oh,desktop,std-city,/std-testing/dayton-oh/,/std-testing/dayton-oh/,6,,,113,no,not checked,
2026-10-05,std testing daytona beach fl,phone,std-city,/std-testing/daytona-beach-fl/,/std-testing/daytona-beach-fl/,6,6,,91,no,not checked,
2026-10-05,std testing daytona beach fl,desktop,std-city,/std-testing/daytona-beach-fl/,/std-testing/daytona-beach-fl/,5,,,91,no,not checked,
2026-10-05,std testing dearborn mi,phone,std-city,/std-testing/dearborn-mi/,/std-testing/dearborn-mi/,4,4,,147,no,not checked,
2026-10-05,std testing dearborn mi,desktop,std-city,/std-testing/dearborn-mi/,/std-testing/dearborn-mi/,1,,,147,no,not checked,
2026-10-05,std testing decatur ga,phone,std-city,/std-testing/decatur-ga/,/std-testing/decatur-ga/,7,7,,166,no,not checked,
2026-10-05,std testing decatur ga,desktop,std-city,/std-testing/decatur-ga/,/std-testing/decatur-ga/,7,,,166,no,not checked,
2026-10-05,std testing deerfield beach fl,phone,std-city,/std-testing/deerfield-beach-fl/,/std-testing/deerfield-beach-fl/,4,4,,135,no,not checked,
2026-10-05,std testing deerfield beach fl,desktop,std-city,/std-testing/deerfield-beach-fl/,/std-testing/deerfield-beach-fl/,4,,,135,no,not checked,
2026-10-05,std testing dekalb il,phone,std-city,/std-testing/east-moline-il/,/std-testing/carol-stream-il/,7,8,,106,no,not checked,other page ranks
2026-10-05,std testing dekalb il,desktop,std-city,/std-testing/east-moline-il/,/std-testing/dekalb-il/,5,,,106,no,not checked,
2026-10-05,std testing delray beach,phone,std-city,/std-testing/delray-beach-fl/,/std-testing/delray-beach-fl/,5,5,,247,no,not checked,
2026-10-05,std testing delray beach,desktop,std-city,/std-testing/delray-beach-fl/,/std-testing/delray-beach-fl/,5,,,247,no,not checked,
2026-10-05,std testing delray beach fl,phone,std-city,/std-testing/delray-beach-fl/,/std-testing/delray-beach-fl/,5,5,,161,no,not checked,
2026-10-05,std testing delray beach fl,desktop,std-city,/std-testing/delray-beach-fl/,/std-testing/delray-beach-fl/,4,,,161,no,not checked,
2026-10-05,std testing denton tx,phone,std-city,/std-testing/denton-tx/,/std-testing/denton-tx/,8,8,,89,no,not checked,
2026-10-05,std testing denton tx,desktop,std-city,/std-testing/denton-tx/,/std-testing/denton-tx/,7,,,89,no,yes,
2026-10-05,std testing des plaines,phone,std-city,/std-testing/des-plaines-il/,/std-testing/wilmette-il/,3,4,,183,no,not checked,other page ranks
2026-10-05,std testing des plaines,desktop,std-city,/std-testing/des-plaines-il/,/std-testing/des-plaines-il/,3,,,183,no,yes,
2026-10-05,std testing desoto tx,phone,std-city,/std-testing/desoto-tx/,/std-testing/desoto-tx/,5,5,,75,no,not checked,
2026-10-05,std testing desoto tx,desktop,std-city,/std-testing/desoto-tx/,/std-testing/desoto-tx/,5,,,75,no,not checked,
2026-10-05,std testing diamond bar,phone,std-city,/std-testing/diamond-bar-ca/,/std-testing/diamond-bar-ca/,1,1,,144,no,not checked,
2026-10-05,std testing diamond bar,desktop,std-city,/std-testing/diamond-bar-ca/,/std-testing/diamond-bar-ca/,1,,,144,no,yes,
2026-10-05,std testing dover de,phone,std-city,/std-testing/dover-de/,/std-testing/dover-de/,5,5,,109,no,not checked,
2026-10-05,std testing dover de,desktop,std-city,/std-testing/dover-de/,/std-testing/delaware/,1,,,109,yes,not checked,
2026-10-05,std testing draper,phone,std-city,/std-testing/draper-ut/,/std-testing/draper-ut/,9,5,,291,no,not checked,
2026-10-05,std testing draper,desktop,std-city,/std-testing/draper-ut/,/std-testing/draper-ut/,5,,,291,no,yes,
2026-10-05,std testing dubuque,phone,std-city,/std-testing/dubuque-ia/,/std-testing/dubuque-ia/,4,4,,156,no,not checked,
2026-10-05,std testing dubuque,desktop,std-city,/std-testing/dubuque-ia/,/std-testing/dubuque-ia/,4,,,156,no,not checked,
2026-10-05,std testing duluth mn,phone,std-city,/std-testing/duluth-mn/,/std-testing/duluth-mn/,5,5,,94,no,not checked,
2026-10-05,std testing duluth mn,desktop,std-city,/std-testing/duluth-mn/,/std-testing/duluth-mn/,13,,,94,no,not checked,
2026-10-05,std testing dunedin fl,phone,std-city,/std-testing/dunedin-fl/,/std-testing/dunedin-fl/,5,5,,57,no,not checked,
2026-10-05,std testing dunedin fl,desktop,std-city,/std-testing/dunedin-fl/,/std-testing/dunedin-fl/,6,,,57,no,not checked,
2026-10-05,std testing durango co,phone,std-city,/std-testing/durango-co/,/std-testing/durango-co/,4,4,,62,no,not checked,
2026-10-05,std testing durango co,desktop,std-city,/std-testing/durango-co/,/std-testing/durango-co/,5,,,62,no,not checked,
2026-10-05,std testing durham nc,phone,std-city,/std-testing/durham-nc/,/std-testing/durham-nc/,8,7,,163,no,not checked,
2026-10-05,std testing durham nc,desktop,std-city,/std-testing/durham-nc/,/std-testing/durham-nc/,8,,,163,no,not checked,
2026-10-05,std testing east lansing,phone,std-city,/std-testing/lansing-mi/,/std-testing/lansing-mi/,4,4,,192,no,not checked,
2026-10-05,std testing east lansing,desktop,std-city,/std-testing/lansing-mi/,/std-testing/lansing-mi/,4,,,192,no,not checked,
2026-10-05,std testing eau claire wi,phone,std-city,/std-testing/eau-claire-wi/,/std-testing/eau-claire-wi/,1,5,,39,yes,no,
2026-10-05,std testing eau claire wi,desktop,std-city,/std-testing/eau-claire-wi/,/std-testing/eau-claire-wi/,5,,,39,no,not checked,
2026-10-05,std testing edina,phone,std-city,/std-testing/edina-mn/,/std-testing/edina-mn/,4,4,,197,no,not checked,
2026-10-05,std testing edina,desktop,std-city,/std-testing/edina-mn/,/std-testing/edina-mn/,4,,,197,no,not checked,
2026-10-05,std testing edinburg tx,phone,std-city,/std-testing/edinburg-tx/,/std-testing/edinburg-tx/,5,5,,101,no,not checked,
2026-10-05,std testing edinburg tx,desktop,std-city,/std-testing/edinburg-tx/,/std-testing/edinburg-tx/,1,,,101,no,yes,
2026-10-05,std testing edmond ok,phone,std-city,/std-testing/edmond-ok/,/std-testing/edmond-ok/,5,5,,107,no,not checked,
2026-10-05,std testing edmond ok,desktop,std-city,/std-testing/edmond-ok/,/std-testing/edmond-ok/,5,,,107,no,not checked,
2026-10-05,std testing edwardsville il,phone,std-city,/std-testing/edwardsville-il/,/std-testing/edwardsville-il/,4,4,,62,no,not checked,
2026-10-05,std testing edwardsville il,desktop,std-city,/std-testing/edwardsville-il/,/std-testing/edwardsville-il/,4,,,62,no,not checked,
2026-10-05,std testing el centro ca,phone,std-city,/std-testing/el-centro-ca/,/std-testing/el-centro-ca/,5,5,,50,no,not checked,
2026-10-05,std testing el centro ca,desktop,std-city,/std-testing/el-centro-ca/,/std-testing/el-centro-ca/,4,,,50,no,not checked,
2026-10-05,std testing el paso tx,phone,std-city,/std-testing/el-paso-tx/,/std-testing/el-paso-tx/,6,6,,104,no,not checked,
2026-10-05,std testing el paso tx,desktop,std-city,/std-testing/el-paso-tx/,/std-testing/el-paso-tx/,6,,,104,no,not checked,
2026-10-05,std testing elgin il,phone,std-city,/std-testing/elgin-il/,/std-testing/elgin-il/,4,4,,169,no,not checked,
2026-10-05,std testing elgin il,desktop,std-city,/std-testing/elgin-il/,/std-testing/carol-stream-il/,6,,,169,no,not checked,
2026-10-05,std testing elizabeth nj,phone,std-city,/std-testing/elizabeth-nj/,/std-testing/elizabeth-nj/,6,8,,132,no,not checked,
2026-10-05,std testing elizabeth nj,desktop,std-city,/std-testing/elizabeth-nj/,/std-testing/elizabeth-nj/,6,,,132,no,not checked,
2026-10-05,std testing elizabethtown ky,phone,std-city,/std-testing/elizabethtown-ky/,/std-testing/elizabethtown-ky/,5,4,,111,no,not checked,
2026-10-05,std testing elizabethtown ky,desktop,std-city,/std-testing/elizabethtown-ky/,/std-testing/elizabethtown-ky/,4,,,111,no,not checked,
2026-10-05,std testing elmhurst,phone,std-city,/std-testing/elmhurst-il/,/std-testing/elmhurst-il/,4,4,,134,no,not checked,
2026-10-05,std testing elmhurst,desktop,std-city,/std-testing/elmhurst-il/,/std-testing/elmhurst-il/,3,,,134,yes,not checked,
2026-10-05,std testing englewood co,phone,std-city,/std-testing/lakewood-co/,/std-testing/englewood-co/,5,5,,179,no,not checked,
2026-10-05,std testing englewood co,desktop,std-city,/std-testing/lakewood-co/,/std-testing/englewood-co/,5,,,179,no,not checked,
2026-10-05,std testing enid,phone,std-city,/std-testing/enid-ok/,/std-testing/enid-ok/,7,5,,148,no,not checked,
2026-10-05,std testing enid,desktop,std-city,/std-testing/enid-ok/,/std-testing/enid-ok/,7,,,148,no,not checked,
2026-10-05,std testing eugene or,phone,std-city,/std-testing/eugene-or/,/std-testing/eugene-or/,5,5,,115,no,not checked,
2026-10-05,std testing eugene or,desktop,std-city,/std-testing/eugene-or/,/std-testing/portland-or/,5,,,115,no,not checked,
2026-10-05,std testing evanston il,phone,std-city,/std-testing/evanston-il/,/std-testing/evanston-il/,6,6,,126,no,not checked,
2026-10-05,std testing evanston il,desktop,std-city,/std-testing/evanston-il/,/std-testing/evanston-il/,5,,,126,no,not checked,
2026-10-05,std testing everett wa,phone,std-city,/std-testing/everett-wa/,/std-testing/everett-wa/,7,7,,92,no,not checked,
2026-10-05,std testing everett wa,desktop,std-city,/std-testing/everett-wa/,/std-testing/everett-wa/,7,,,92,no,not checked,
2026-10-05,std testing fairbanks ak,phone,std-city,/std-testing/fairbanks-ak/,/std-testing/fairbanks-ak/,5,5,,78,no,not checked,
2026-10-05,std testing fairbanks ak,desktop,std-city,/std-testing/fairbanks-ak/,/std-testing/fairbanks-ak/,5,,,78,no,not checked,
2026-10-05,std testing fairfield ca,phone,std-city,/std-testing/fairfield-ca/,/std-testing/fairfield-ca/,4,5,,52,no,not checked,
2026-10-05,std testing fairfield ca,desktop,std-city,/std-testing/fairfield-ca/,/std-testing/fairfield-ca/,4,,,52,no,not checked,
2026-10-05,std testing fall river ma,phone,std-city,/std-testing/fall-river-ma/,/std-testing/fall-river-ma/,5,5,,119,no,not checked,
2026-10-05,std testing fall river ma,desktop,std-city,/std-testing/fall-river-ma/,/std-testing/fall-river-ma/,5,,,119,no,not checked,
2026-10-05,std testing falls church va,phone,std-city,/std-testing/falls-church-va/,/std-testing/falls-church-va/,6,6,,151,no,not checked,
2026-10-05,std testing falls church va,desktop,std-city,/std-testing/falls-church-va/,/std-testing/falls-church-va/,4,,,151,no,not checked,
2026-10-05,std testing farmington hills mi,phone,std-city,/std-testing/farmington-hills-mi/,/std-testing/farmington-hills-mi/,4,4,,136,no,not checked,
2026-10-05,std testing farmington hills mi,desktop,std-city,/std-testing/farmington-hills-mi/,/std-testing/farmington-hills-mi/,4,,,136,no,not checked,
2026-10-05,std testing farmington nm,phone,std-city,/std-testing/farmington-nm/,/std-testing/farmington-nm/,5,5,,76,no,not checked,
2026-10-05,std testing farmington nm,desktop,std-city,/std-testing/farmington-nm/,/std-testing/farmington-nm/,5,,,76,no,not checked,
2026-10-05,std testing fayetteville ar,phone,std-city,/std-testing/fayetteville-ar/,/std-testing/fayetteville-ar/,4,4,,172,no,not checked,
2026-10-05,std testing fayetteville ar,desktop,std-city,/std-testing/fayetteville-ar/,/std-testing/fayetteville-ar/,4,,,172,no,not checked,
2026-10-05,std testing fayetteville nc,phone,std-city,/std-testing/fayetteville-nc/,/std-testing/fayetteville-nc/,7,6,,167,no,not checked,
2026-10-05,std testing fayetteville nc,desktop,std-city,/std-testing/fayetteville-nc/,/std-testing/fayetteville-nc/,6,,,167,no,not checked,
2026-10-05,std testing federal way wa,phone,std-city,/std-testing/federal-way-wa/,/std-testing/federal-way-wa/,6,6,,94,no,not checked,
2026-10-05,std testing federal way wa,desktop,std-city,/std-testing/federal-way-wa/,/std-testing/federal-way-wa/,6,,,94,no,not checked,
2026-10-05,std testing findlay oh,phone,std-city,/std-testing/findlay-oh/,/std-testing/findlay-oh/,5,5,,85,no,not checked,
2026-10-05,std testing findlay oh,desktop,std-city,/std-testing/findlay-oh/,/std-testing/findlay-oh/,5,,,85,no,not checked,
2026-10-05,std testing flagstaff az,phone,std-city,/std-testing/flagstaff-az/,/std-testing/flagstaff-az/,5,5,,65,no,not checked,
2026-10-05,std testing flagstaff az,desktop,std-city,/std-testing/flagstaff-az/,/std-testing/flagstaff-az/,5,,,65,no,not checked,
2026-10-05,std testing flint mi,phone,std-city,/std-testing/flint-mi/,/std-testing/flint-mi/,5,5,,92,no,not checked,
2026-10-05,std testing flint mi,desktop,std-city,/std-testing/flint-mi/,/std-testing/flint-mi/,5,,,92,no,not checked,
2026-10-05,std testing florence sc,phone,std-city,/std-testing/florence-sc/,/std-testing/florence-sc/,5,5,,165,no,not checked,
2026-10-05,std testing florence sc,desktop,std-city,/std-testing/florence-sc/,/std-testing/florence-sc/,5,,,165,no,not checked,
2026-10-05,std testing florissant,phone,std-city,/std-testing/florissant-mo/,/std-testing/florissant-mo/,4,4,,208,no,not checked,
2026-10-05,std testing florissant,desktop,std-city,/std-testing/florissant-mo/,/std-testing/florissant-mo/,4,,,208,no,not checked,
2026-10-05,std testing flower mound tx,phone,std-city,/std-testing/flower-mound-tx/,/std-testing/flower-mound-tx/,4,4,,50,no,not checked,
2026-10-05,std testing flower mound tx,desktop,std-city,/std-testing/flower-mound-tx/,/std-testing/flower-mound-tx/,4,,,50,no,not checked,
2026-10-05,std testing folsom ca,phone,std-city,/std-testing/folsom-ca/,/std-testing/folsom-ca/,4,4,,111,no,not checked,
2026-10-05,std testing folsom ca,desktop,std-city,/std-testing/folsom-ca/,/std-testing/folsom-ca/,4,,,111,no,not checked,
2026-10-05,std testing fontana ca,phone,std-city,/std-testing/fontana-ca/,/std-testing/fontana-ca/,4,6,,212,no,not checked,
2026-10-05,std testing fontana ca,desktop,std-city,/std-testing/fontana-ca/,/std-testing/fontana-ca/,6,,,212,no,not checked,
2026-10-05,std testing for men,phone,std-pages,/std-testing/,/std-testing/,10,10,,270,no,not checked,
2026-10-05,std testing for men,desktop,std-pages,/std-testing/,/std-testing/,1,,,270,yes,not checked,
2026-10-05,std testing fort collins co,phone,std-city,/std-testing/fort-collins-co/,/std-testing/fort-collins-co/,9,8,,108,no,not checked,
2026-10-05,std testing fort collins co,desktop,std-city,/std-testing/fort-collins-co/,/std-testing/fort-collins-co/,8,,,108,no,not checked,
2026-10-05,std testing fort lauderdale fl,phone,std-city,/std-testing/lauderdale-lakes-fl/,/std-testing/pompano-beach-fl/,4,8,,134,no,not checked,other page ranks
2026-10-05,std testing fort lauderdale fl,desktop,std-city,/std-testing/lauderdale-lakes-fl/,/std-testing/fort-lauderdale-fl/,8,,,134,no,not checked,
2026-10-05,std testing fort pierce,phone,std-city,/std-testing/fort-pierce-fl/,/std-testing/fort-pierce-fl/,6,6,,156,no,not checked,
2026-10-05,std testing fort pierce,desktop,std-city,/std-testing/fort-pierce-fl/,/std-testing/fort-pierce-fl/,6,,,156,no,not checked,
2026-10-05,std testing fort smith ar,phone,std-city,/std-testing/fort-smith-ar/,/std-testing/fort-smith-ar/,4,4,,143,no,not checked,
2026-10-05,std testing fort smith ar,desktop,std-city,/std-testing/fort-smith-ar/,/std-testing/fort-smith-ar/,4,,,143,no,not checked,
2026-10-05,std testing fort walton beach fl,phone,std-city,/std-testing/fort-walton-beach-fl/,/std-testing/fort-walton-beach-fl/,5,5,,62,no,not checked,
2026-10-05,std testing fort walton beach fl,desktop,std-city,/std-testing/fort-walton-beach-fl/,/std-testing/fort-walton-beach-fl/,5,,,62,no,not checked,
2026-10-05,std testing franklin tn,phone,std-city,/std-testing/franklin-tn/,/std-testing/franklin-tn/,5,5,,70,no,not checked,
2026-10-05,std testing franklin tn,desktop,std-city,/std-testing/franklin-tn/,/std-testing/franklin-tn/,5,,,70,no,not checked,
2026-10-05,std testing frederick md,phone,std-city,/std-testing/frederick-md/,/std-testing/bowie-md/,8,6,,130,no,not checked,other page ranks
2026-10-05,std testing frederick md,desktop,std-city,/std-testing/frederick-md/,/std-testing/frederick-md/,1,,,130,yes,not checked,
2026-10-05,std testing fredericksburg va,phone,std-city,/std-testing/fredericksburg-va/,/std-testing/fredericksburg-va/,5,5,,110,no,not checked,
2026-10-05,std testing fredericksburg va,desktop,std-city,/std-testing/fredericksburg-va/,/std-testing/fredericksburg-va/,5,,,110,no,not checked,
2026-10-05,std testing fremont ca,phone,std-city,/std-testing/fremont-ca/,/std-testing/fremont-ca/,4,5,,128,no,not checked,
2026-10-05,std testing fremont ca,desktop,std-city,/std-testing/fremont-ca/,/std-testing/fremont-ca/,5,,,128,no,not checked,
2026-10-05,std testing fresno ca,phone,std-city,/std-testing/fresno-ca/,/std-testing/fresno-ca/,8,8,,94,no,not checked,
2026-10-05,std testing fresno ca,desktop,std-city,/std-testing/fresno-ca/,/std-testing/fresno-ca/,27,,,94,no,not checked,
2026-10-05,std testing friendswood,phone,std-city,/std-testing/friendswood-tx/,/std-testing/friendswood-tx/,5,5,,164,no,not checked,
2026-10-05,std testing friendswood,desktop,std-city,/std-testing/friendswood-tx/,/std-testing/friendswood-tx/,5,,,164,no,not checked,
2026-10-05,std testing gadsden al,phone,std-city,/std-testing/gadsden-al/,/std-testing/gadsden-al/,5,5,,45,no,not checked,
2026-10-05,std testing gadsden al,desktop,std-city,/std-testing/gadsden-al/,/std-testing/gadsden-al/,5,,,45,no,not checked,
2026-10-05,std testing gainesville fl,phone,std-city,/std-testing/gainesville-fl/,/std-testing/gainesville-fl/,7,6,,191,no,not checked,
2026-10-05,std testing gainesville fl,desktop,std-city,/std-testing/gainesville-fl/,/std-testing/gainesville-fl/,1,,,191,yes,not checked,
2026-10-05,std testing gainesville ga,phone,std-city,/std-testing/gainesville-ga/,/std-testing/gainesville-ga/,4,4,,139,no,not checked,
2026-10-05,std testing gainesville ga,desktop,std-city,/std-testing/gainesville-ga/,/std-testing/gainesville-ga/,4,,,139,no,not checked,
2026-10-05,std testing galveston,phone,std-city,/std-testing/galveston-tx/,/std-testing/galveston-tx/,5,5,,223,no,not checked,
2026-10-05,std testing galveston,desktop,std-city,/std-testing/galveston-tx/,/std-testing/galveston-tx/,2,,,223,no,not checked,
2026-10-05,std testing garden grove ca,phone,std-city,/std-testing/garden-grove-ca/,/std-testing/garden-grove-ca/,4,4,,123,no,not checked,
2026-10-05,std testing garden grove ca,desktop,std-city,/std-testing/garden-grove-ca/,/std-testing/garden-grove-ca/,4,,,123,no,not checked,
2026-10-05,std testing garland tx,phone,std-city,/std-testing/garland-tx/,/std-testing/garland-tx/,4,4,,177,no,not checked,
2026-10-05,std testing garland tx,desktop,std-city,/std-testing/garland-tx/,/std-testing/garland-tx/,4,,,177,no,not checked,
2026-10-05,std testing georgetown tx,phone,std-city,/std-testing/georgetown-tx/,/std-testing/georgetown-tx/,7,7,,125,no,not checked,
2026-10-05,std testing georgetown tx,desktop,std-city,/std-testing/georgetown-tx/,/std-testing/georgetown-tx/,7,,,125,no,not checked,
2026-10-05,std testing germantown md,phone,std-city,/std-testing/germantown-md/,/std-testing/germantown-md/,5,5,,161,no,not checked,
2026-10-05,std testing germantown md,desktop,std-city,/std-testing/germantown-md/,/std-testing/germantown-md/,5,,,161,no,not checked,
2026-10-05,std testing germantown tn,phone,std-city,/std-testing/germantown-tn/,/std-testing/germantown-tn/,4,4,,176,no,not checked,
2026-10-05,std testing germantown tn,desktop,std-city,/std-testing/germantown-tn/,/std-testing/germantown-tn/,4,,,176,no,not checked,
2026-10-05,std testing gillette wy,phone,std-city,/std-testing/gillette-wy/,/std-testing/gillette-wy/,7,7,,126,no,not checked,
2026-10-05,std testing gillette wy,desktop,std-city,/std-testing/gillette-wy/,/std-testing/gillette-wy/,7,,,126,no,not checked,
2026-10-05,std testing glendale az,phone,std-city,/std-testing/glendale-az/,/std-testing/glendale-az/,8,8,,176,no,not checked,
2026-10-05,std testing glendale az,desktop,std-city,/std-testing/glendale-az/,/std-testing/glendale-az/,8,,,176,no,not checked,
2026-10-05,std testing glendale ca,phone,std-city,/std-testing/glendale-ca/,/std-testing/glendale-ca/,5,5,,81,no,not checked,
2026-10-05,std testing glendale ca,desktop,std-city,/std-testing/glendale-ca/,/std-testing/glendale-ca/,2,,,81,no,not checked,
2026-10-05,std testing glenview,phone,std-city,/std-testing/glenview-il/,/std-testing/glenview-il/,4,4,,161,no,not checked,
2026-10-05,std testing glenview,desktop,std-city,/std-testing/glenview-il/,/std-testing/north-chicago-il/,6,,,161,no,not checked,
2026-10-05,std testing glenview il,phone,std-city,/std-testing/glenview-il/,/std-testing/glenview-il/,4,4,,138,no,not checked,
2026-10-05,std testing glenview il,desktop,std-city,/std-testing/glenview-il/,/std-testing/glenview-il/,21,,,138,no,not checked,
2026-10-05,std testing goldsboro nc,phone,std-city,/std-testing/goldsboro-nc/,/std-testing/goldsboro-nc/,4,4,,69,no,not checked,
2026-10-05,std testing goldsboro nc,desktop,std-city,/std-testing/goldsboro-nc/,/std-testing/goldsboro-nc/,4,,,69,no,not checked,
2026-10-05,std testing goodyear az,phone,std-city,/std-testing/goodyear-az/,/std-testing/goodyear-az/,5,5,,166,no,not checked,
2026-10-05,std testing goodyear az,desktop,std-city,/std-testing/goodyear-az/,/std-testing/goodyear-az/,5,,,166,no,not checked,
2026-10-05,std testing grand island,phone,std-city,/std-testing/grand-island-ne/,/std-testing/grand-island-ne/,4,4,,189,no,not checked,
2026-10-05,std testing grand island,desktop,std-city,/std-testing/grand-island-ne/,/std-testing/grand-island-ne/,4,,,189,no,not checked,
2026-10-05,std testing grand junction co,phone,std-city,/std-testing/grand-junction-co/,/std-testing/grand-junction-co/,4,4,,35,no,not checked,
2026-10-05,std testing grand junction co,desktop,std-city,/std-testing/grand-junction-co/,/std-testing/grand-junction-co/,4,,,35,no,not checked,
2026-10-05,std testing grand prairie tx,phone,std-city,/std-testing/grand-prairie-tx/,/std-testing/grand-prairie-tx/,7,7,,124,no,not checked,
2026-10-05,std testing grand prairie tx,desktop,std-city,/std-testing/grand-prairie-tx/,/std-testing/grand-prairie-tx/,7,,,124,no,not checked,
2026-10-05,std testing grapevine,phone,std-city,/std-testing/grapevine-tx/,/std-testing/grapevine-tx/,6,5,,136,no,not checked,
2026-10-05,std testing grapevine,desktop,std-city,/std-testing/grapevine-tx/,/std-testing/grapevine-tx/,4,,,136,no,not checked,
2026-10-05,std testing great falls,phone,std-city,/std-testing/great-falls-mt/,/std-testing/great-falls-mt/,4,6,,93,no,not checked,
2026-10-05,std testing great falls,desktop,std-city,/std-testing/great-falls-mt/,/std-testing/great-falls-mt/,4,,,93,no,not checked,
2026-10-05,std testing greeley co,phone,std-city,/std-testing/greeley-co/,/std-testing/greeley-co/,7,7,,48,no,not checked,
2026-10-05,std testing greeley co,desktop,std-city,/std-testing/greeley-co/,/std-testing/greeley-co/,7,,,48,no,not checked,
2026-10-05,std testing green bay wi,phone,std-city,/std-testing/green-bay-wi/,/std-testing/wisconsin/,56,7,,120,no,not checked,other page ranks
2026-10-05,std testing green bay wi,desktop,std-city,/std-testing/green-bay-wi/,/std-testing/green-bay-wi/,5,,,120,no,not checked,
2026-10-05,std testing greenfield,phone,std-city,/std-testing/greenfield-wi/,/std-testing/greenfield-in/,5,4,,236,no,not checked,
2026-10-05,std testing greenfield,desktop,std-city,/std-testing/greenfield-wi/,/std-testing/greenfield-in/,2,,,236,no,no,
2026-10-05,std testing greensboro nc,phone,std-city,/std-testing/greensboro-nc/,/std-testing/greensboro-nc/,6,6,,198,no,not checked,
2026-10-05,std testing greensboro nc,desktop,std-city,/std-testing/greensboro-nc/,/std-testing/greensboro-nc/,6,,,198,no,not checked,
2026-10-05,std testing greenville nc,phone,std-city,/std-testing/greenville-nc/,/std-testing/greenville-nc/,6,6,,220,no,not checked,
2026-10-05,std testing greenville nc,desktop,std-city,/std-testing/greenville-nc/,/std-testing/greenville-nc/,23,,,220,no,not checked,
2026-10-05,std testing greenville sc,phone,std-city,/std-testing/greenville-sc/,/std-testing/greenville-sc/,5,5,,288,no,not checked,
2026-10-05,std testing greenville sc,desktop,std-city,/std-testing/greenville-sc/,/std-testing/greenville-sc/,6,,,288,no,not checked,
2026-10-05,std testing gulfport ms,phone,std-city,/std-testing/gulfport-ms/,/std-testing/gulfport-ms/,5,5,,190,no,not checked,
2026-10-05,std testing gulfport ms,desktop,std-city,/std-testing/gulfport-ms/,/std-testing/gulfport-ms/,5,,,190,no,not checked,
2026-10-05,std testing hagerstown md,phone,std-city,/std-testing/hagerstown-md/,/std-testing/hagerstown-md/,5,5,,98,no,not checked,
2026-10-05,std testing hagerstown md,desktop,std-city,/std-testing/hagerstown-md/,/std-testing/hagerstown-md/,5,,,98,no,not checked,
2026-10-05,std testing haines city fl,phone,std-city,/std-testing/haines-city-fl/,/std-testing/haines-city-fl/,4,5,,118,no,not checked,
2026-10-05,std testing haines city fl,desktop,std-city,/std-testing/haines-city-fl/,/std-testing/haines-city-fl/,5,,,118,no,not checked,
2026-10-05,std testing hamilton,phone,std-city,/std-testing/hamilton-oh/,/std-testing/hamilton-oh/,10,10,,141,no,not checked,
2026-10-05,std testing hamilton,desktop,std-city,/std-testing/hamilton-oh/,/std-testing/hamilton-oh/,10,,,141,no,not checked,
2026-10-05,std testing hammond in,phone,std-city,/std-testing/hammond-la/,/std-testing/hammond-la/,26,13,,117,no,not checked,
2026-10-05,std testing hammond in,desktop,std-city,/std-testing/hammond-la/,/std-testing/hammond-la/,6,,,117,no,not checked,
2026-10-05,std testing hammond la,phone,std-city,/std-testing/hammond-la/,/std-testing/hammond-la/,4,4,,112,no,not checked,
2026-10-05,std testing hammond la,desktop,std-city,/std-testing/hammond-la/,/std-testing/hammond-la/,23,,,112,no,not checked,
2026-10-05,std testing hampton va,phone,std-city,/std-testing/hampton-va/,/std-testing/hampton-va/,5,5,,142,no,not checked,
2026-10-05,std testing hampton va,desktop,std-city,/std-testing/hampton-va/,/std-testing/hampton-va/,5,,,142,no,not checked,
2026-10-05,std testing harlingen tx,phone,std-city,/std-testing/harlingen-tx/,/std-testing/harlingen-tx/,5,5,,61,no,not checked,
2026-10-05,std testing harlingen tx,desktop,std-city,/std-testing/harlingen-tx/,/std-testing/harlingen-tx/,5,,,61,no,not checked,
2026-10-05,std testing harrisburg pa,phone,std-city,/std-testing/harrisburg-pa/,/std-testing/harrisburg-pa/,6,6,,96,no,not checked,
2026-10-05,std testing harrisburg pa,desktop,std-city,/std-testing/harrisburg-pa/,/std-testing/harrisburg-pa/,6,,,96,no,not checked,
2026-10-05,std testing hartford ct,phone,std-city,/std-testing/hartford-ct/,/std-testing/hartford-ct/,5,5,,216,no,not checked,
2026-10-05,std testing hartford ct,desktop,std-city,/std-testing/hartford-ct/,/std-testing/hartford-ct/,5,,,216,no,not checked,
2026-10-05,std testing hattiesburg ms,phone,std-city,/std-testing/hattiesburg-ms/,/std-testing/hattiesburg-ms/,4,4,,178,no,not checked,
2026-10-05,std testing hattiesburg ms,desktop,std-city,/std-testing/hattiesburg-ms/,/std-testing/hattiesburg-ms/,4,,,178,no,not checked,
2026-10-05,std testing haverhill,phone,std-city,/std-testing/haverhill-ma/,/std-testing/haverhill-ma/,6,7,,108,no,not checked,
2026-10-05,std testing haverhill,desktop,std-city,/std-testing/haverhill-ma/,/std-testing/haverhill-ma/,7,,,108,no,not checked,
2026-10-05,std testing hawthorne ca,phone,std-city,/std-testing/hawthorne-ca/,/std-testing/hawthorne-ca/,6,6,,82,no,not checked,
2026-10-05,std testing hawthorne ca,desktop,std-city,/std-testing/hawthorne-ca/,/std-testing/hawthorne-ca/,6,,,82,no,not checked,
2026-10-05,std testing hayward ca,phone,std-city,/std-testing/hayward-ca/,/std-testing/hayward-ca/,5,5,,87,no,not checked,
2026-10-05,std testing hayward ca,desktop,std-city,/std-testing/hayward-ca/,/std-testing/hayward-ca/,2,,,87,no,not checked,
2026-10-05,std testing hazleton pa,phone,std-city,/std-testing/hazleton-pa/,/std-testing/hazleton-pa/,5,6,,74,no,not checked,
2026-10-05,std testing hazleton pa,desktop,std-city,/std-testing/hazleton-pa/,/std-testing/hazleton-pa/,4,,,74,no,not checked,
2026-10-05,std testing hempstead,phone,std-city,/std-testing/elmont-ny/,/std-testing/hempstead-ny/,6,4,,269,no,not checked,
2026-10-05,std testing hempstead,desktop,std-city,/std-testing/elmont-ny/,/std-testing/hempstead-ny/,6,,,269,no,no,
2026-10-05,std testing henderson nv,phone,std-city,/std-testing/henderson-nv/,/std-testing/henderson-nv/,5,5,,176,no,not checked,
2026-10-05,std testing henderson nv,desktop,std-city,/std-testing/henderson-nv/,/std-testing/henderson-nv/,1,,,176,yes,yes,
2026-10-05,std testing high point nc,phone,std-city,/std-testing/high-point-nc/,/std-testing/high-point-nc/,6,7,,158,no,not checked,
2026-10-05,std testing high point nc,desktop,std-city,/std-testing/high-point-nc/,/std-testing/high-point-nc/,6,,,158,no,not checked,
2026-10-05,std testing highlands ranch co,phone,std-city,/std-testing/highlands-ranch-co/,/std-testing/highlands-ranch-co/,4,4,,104,no,not checked,
2026-10-05,std testing highlands ranch co,desktop,std-city,/std-testing/highlands-ranch-co/,/std-testing/highlands-ranch-co/,4,,,104,no,not checked,
2026-10-05,std testing hillsboro or,phone,std-city,/std-testing/hillsboro-or/,/std-testing/hillsboro-or/,4,4,,99,no,not checked,
2026-10-05,std testing hillsboro or,desktop,std-city,/std-testing/hillsboro-or/,/std-testing/hillsboro-or/,4,,,99,no,not checked,
2026-10-05,std testing hobbs nm,phone,std-city,/std-testing/hobbs-nm/,/std-testing/hobbs-nm/,4,4,,77,no,not checked,
2026-10-05,std testing hobbs nm,desktop,std-city,/std-testing/hobbs-nm/,/std-testing/hobbs-nm/,4,,,77,no,not checked,
2026-10-05,std testing hoboken,phone,std-city,/std-testing/hoboken-nj/,/std-testing/hoboken-nj/,7,7,,144,no,not checked,
2026-10-05,std testing hoboken,desktop,std-city,/std-testing/hoboken-nj/,/std-testing/hoboken-nj/,7,,,144,no,not checked,
2026-10-05,std testing hoffman estates,phone,std-city,/std-testing/hoffman-estates-il/,/std-testing/hoffman-estates-il/,3,3,,205,no,not checked,
2026-10-05,std testing hoffman estates,desktop,std-city,/std-testing/hoffman-estates-il/,/std-testing/hoffman-estates-il/,2,,,205,no,yes,
2026-10-05,std testing holland mi,phone,std-city,/std-testing/holland-mi/,/std-testing/holland-mi/,6,6,,103,no,not checked,
2026-10-05,std testing holland mi,desktop,std-city,/std-testing/holland-mi/,/std-testing/holland-mi/,6,,,103,no,not checked,
2026-10-05,std testing hollywood fl,phone,std-city,/std-testing/hollywood-fl/,/std-testing/hollywood-fl/,4,4,,212,no,not checked,
2026-10-05,std testing hollywood fl,desktop,std-city,/std-testing/hollywood-fl/,/std-testing/hollywood-fl/,4,,,212,no,not checked,
2026-10-05,std testing homestead,phone,std-city,/std-testing/homestead-fl/,/std-testing/homestead-fl/,4,4,,109,no,not checked,
2026-10-05,std testing homestead,desktop,std-city,/std-testing/homestead-fl/,/std-testing/homestead-fl/,4,,,109,no,not checked,
2026-10-05,std testing honolulu hi,phone,std-city,/std-testing/hawaii/,/std-testing/honolulu-hi/,8,7,,136,no,not checked,
2026-10-05,std testing honolulu hi,desktop,std-city,/std-testing/hawaii/,/std-testing/honolulu-hi/,7,,,136,no,not checked,
2026-10-05,std testing hoover al,phone,std-city,/std-testing/hoover-al/,/std-testing/hoover-al/,23,4,,147,no,not checked,
2026-10-05,std testing hoover al,desktop,std-city,/std-testing/hoover-al/,/std-testing/hoover-al/,4,,,147,no,not checked,
2026-10-05,std testing houma la,phone,std-city,/std-testing/houma-la/,/std-testing/houma-la/,1,3,,108,no,not checked,
2026-10-05,std testing houma la,desktop,std-city,/std-testing/houma-la/,/std-testing/houma-la/,1,,,108,no,not checked,
2026-10-05,std testing huntersville,phone,std-city,/std-testing/huntersville-nc/,/std-testing/huntersville-nc/,5,5,,175,no,not checked,
2026-10-05,std testing huntersville,desktop,std-city,/std-testing/huntersville-nc/,/std-testing/huntersville-nc/,5,,,175,no,not checked,
2026-10-05,std testing huntington beach ca,phone,std-city,/std-testing/huntington-beach-ca/,/std-testing/huntington-beach-ca/,6,6,,141,no,not checked,
2026-10-05,std testing huntington beach ca,desktop,std-city,/std-testing/huntington-beach-ca/,/std-testing/irvine-ca/,5,,,141,no,not checked,
2026-10-05,std testing huntington wv,phone,std-city,/std-testing/huntington-wv/,/std-testing/huntington-wv/,5,5,,114,no,not checked,
2026-10-05,std testing huntington wv,desktop,std-city,/std-testing/huntington-wv/,/std-testing/huntington-wv/,5,,,114,no,not checked,
2026-10-05,std testing huntsville al,phone,std-city,/std-testing/vestavia-hills-al/,/std-testing/huntsville-al/,5,5,,231,no,not checked,
2026-10-05,std testing huntsville al,desktop,std-city,/std-testing/vestavia-hills-al/,/std-testing/huntsville-al/,5,,,231,no,not checked,
2026-10-05,std testing hurst tx,phone,std-city,/std-testing/hurst-tx/,/std-testing/hurst-tx/,6,5,,179,no,not checked,
2026-10-05,std testing hurst tx,desktop,std-city,/std-testing/hurst-tx/,/std-testing/hurst-tx/,6,,,179,no,not checked,
2026-10-05,std testing in biloxi ms,phone,std-city,/std-testing/biloxi-ms/,/std-testing/biloxi-ms/,6,4,,204,no,not checked,
2026-10-05,std testing in biloxi ms,desktop,std-city,/std-testing/biloxi-ms/,/std-testing/ocean-springs-ms/,19,,,204,no,not checked,
2026-10-05,std testing in dunwoody,phone,std-city,/std-testing/dunwoody-ga/,/std-testing/acworth-ga/,12,6,,175,no,not checked,other page ranks
2026-10-05,std testing in dunwoody,desktop,std-city,/std-testing/dunwoody-ga/,/std-testing/dunwoody-ga/,6,,,175,no,not checked,
2026-10-05,std testing independence mo,phone,std-city,/std-testing/independence-mo/,/std-testing/independence-mo/,4,4,,140,no,not checked,
2026-10-05,std testing independence mo,desktop,std-city,/std-testing/independence-mo/,/std-testing/independence-mo/,4,,,140,no,not checked,
2026-10-05,std testing indianapolis in,phone,std-city,/std-testing/indianapolis-in/,/std-testing/indianapolis-in/,6,6,,178,no,not checked,
2026-10-05,std testing indianapolis in,desktop,std-city,/std-testing/indianapolis-in/,/std-testing/indianapolis-in/,3,,,178,no,not checked,
2026-10-05,std testing irvine ca,phone,std-city,/std-testing/irvine-ca/,/std-testing/irvine-ca/,5,5,,163,no,not checked,
2026-10-05,std testing irvine ca,desktop,std-city,/std-testing/irvine-ca/,/std-testing/irvine-ca/,4,,,163,no,not checked,
2026-10-05,std testing irving tx,phone,std-city,/std-testing/irving-tx/,/std-testing/irving-tx/,24,4,,120,no,not checked,
2026-10-05,std testing irving tx,desktop,std-city,/std-testing/irving-tx/,/std-testing/irving-tx/,4,,,120,no,not checked,
2026-10-05,std testing issaquah wa,phone,std-city,/blood-testing/issaquah-wa/,/std-testing/issaquah-wa/,6,6,,185,no,not checked,
2026-10-05,std testing issaquah wa,desktop,std-city,/blood-testing/issaquah-wa/,/std-testing/issaquah-wa/,6,,,185,no,not checked,
2026-10-05,std testing ithaca ny,phone,std-city,/std-testing/ithaca-ny/,/std-testing/ithaca-ny/,7,7,,48,no,not checked,
2026-10-05,std testing ithaca ny,desktop,std-city,/std-testing/ithaca-ny/,/std-testing/ithaca-ny/,7,,,48,no,not checked,
2026-10-05,std testing jackson mi,phone,std-city,/std-testing/jackson-mi/,/std-testing/jackson-mi/,5,5,,123,no,not checked,
2026-10-05,std testing jackson mi,desktop,std-city,/std-testing/jackson-mi/,/std-testing/jackson-mi/,5,,,123,no,not checked,
2026-10-05,std testing jackson ms,phone,std-city,/std-testing/jackson-ms/,/std-testing/jackson-ms/,5,5,,213,no,not checked,
2026-10-05,std testing jackson ms,desktop,std-city,/std-testing/jackson-ms/,/std-testing/jackson-ms/,5,,,213,no,not checked,
2026-10-05,std testing jackson tn,phone,std-city,/std-testing/jackson-tn/,/std-testing/jackson-tn/,24,5,,63,no,not checked,
2026-10-05,std testing jackson tn,desktop,std-city,/std-testing/jackson-tn/,/std-testing/jackson-tn/,5,,,63,no,not checked,
2026-10-05,std testing jacksonville fl,phone,std-city,/std-testing/jacksonville-beach-fl/,/std-testing/jacksonville-beach-fl/,7,7,,477,no,not checked,
2026-10-05,std testing jacksonville fl,desktop,std-city,/std-testing/jacksonville-beach-fl/,/std-testing/jacksonville-beach-fl/,7,,,477,no,not checked,
2026-10-05,std testing jacksonville nc,phone,std-city,/std-testing/jacksonville-nc/,/std-testing/jacksonville-nc/,1,1,,152,yes,not checked,
2026-10-05,std testing jacksonville nc,desktop,std-city,/std-testing/jacksonville-nc/,/std-testing/jacksonville-nc/,1,,,152,yes,no,
2026-10-05,std testing janesville wi,phone,std-city,/std-testing/janesville-wi/,/std-testing/janesville-wi/,6,5,,194,no,not checked,
2026-10-05,std testing janesville wi,desktop,std-city,/std-testing/janesville-wi/,/std-testing/janesville-wi/,5,,,194,no,yes,
2026-10-05,std testing jefferson city mo,phone,std-city,/std-testing/jefferson-city-mo/,/std-testing/jefferson-city-mo/,5,5,,54,no,not checked,
2026-10-05,std testing jefferson city mo,desktop,std-city,/std-testing/jefferson-city-mo/,/std-testing/jefferson-city-mo/,23,,,54,no,not checked,
2026-10-05,std testing johns creek ga,phone,std-city,/std-testing/johns-creek-ga/,/std-testing/johns-creek-ga/,6,3,,127,no,not checked,
2026-10-05,std testing johns creek ga,desktop,std-city,/std-testing/johns-creek-ga/,/std-testing/johns-creek-ga/,3,,,127,no,not checked,
2026-10-05,std testing johnson city tn,phone,std-city,/std-testing/johnson-city-tn/,/std-testing/johnson-city-tn/,4,4,,60,no,not checked,
2026-10-05,std testing johnson city tn,desktop,std-city,/std-testing/johnson-city-tn/,/std-testing/johnson-city-tn/,4,,,60,no,not checked,
2026-10-05,std testing joliet il,phone,std-city,/std-testing/joliet-il/,/std-testing/joliet-il/,4,4,,108,no,not checked,
2026-10-05,std testing joliet il,desktop,std-city,/std-testing/joliet-il/,/std-testing/joliet-il/,4,,,108,no,not checked,
2026-10-05,std testing jonesboro ar,phone,std-city,/std-testing/jonesboro-ar/,/std-testing/jonesboro-ar/,4,4,,113,no,not checked,
2026-10-05,std testing jonesboro ar,desktop,std-city,/std-testing/jonesboro-ar/,/std-testing/jonesboro-ar/,4,,,113,no,not checked,
2026-10-05,std testing joplin mo,phone,std-city,/std-testing/joplin-mo/,/std-testing/joplin-mo/,6,6,,117,no,not checked,
2026-10-05,std testing joplin mo,desktop,std-city,/std-testing/joplin-mo/,/std-testing/joplin-mo/,6,,,117,no,not checked,
2026-10-05,std testing kansas city mo,phone,std-city,/std-testing/kansas-city-ks/,/std-testing/kansas-city-ks/,7,7,,115,no,not checked,
2026-10-05,std testing kansas city mo,desktop,std-city,/std-testing/kansas-city-ks/,/std-testing/kansas-city-ks/,25,,,115,no,not checked,
2026-10-05,std testing katy tx,phone,std-city,/std-testing/katy-tx/,/std-testing/katy-tx/,5,5,,77,no,not checked,
2026-10-05,std testing katy tx,desktop,std-city,/std-testing/katy-tx/,/std-testing/katy-tx/,5,,,77,no,not checked,
2026-10-05,std testing keizer,phone,std-city,/std-testing/keizer-or/,/std-testing/keizer-or/,2,2,,121,no,not checked,
2026-10-05,std testing keizer,desktop,std-city,/std-testing/keizer-or/,/std-testing/keizer-or/,1,,,121,no,not checked,
2026-10-05,std testing keller tx,phone,std-city,/std-testing/keller-tx/,/std-testing/keller-tx/,4,4,,84,no,not checked,
2026-10-05,std testing keller tx,desktop,std-city,/std-testing/keller-tx/,/std-testing/keller-tx/,4,,,84,no,not checked,
2026-10-05,std testing kennesaw ga,phone,std-city,/std-testing/kennesaw-ga/,/std-testing/kennesaw-ga/,6,5,,152,no,not checked,
2026-10-05,std testing kennesaw ga,desktop,std-city,/std-testing/kennesaw-ga/,/std-testing/kennesaw-ga/,6,,,152,no,not checked,
2026-10-05,std testing kenosha wi,phone,std-city,/std-testing/kenosha-wi/,/std-testing/kenosha-wi/,8,8,,57,no,not checked,
2026-10-05,std testing kenosha wi,desktop,std-city,/std-testing/kenosha-wi/,/std-testing/kenosha-wi/,8,,,57,no,not checked,
2026-10-05,std testing kent wa,phone,std-city,/std-testing/kent-wa/,/std-testing/kent-wa/,4,4,,197,no,not checked,
2026-10-05,std testing kent wa,desktop,std-city,/std-testing/kent-wa/,/std-testing/kent-wa/,23,,,197,no,not checked,
2026-10-05,std testing kettering,phone,std-city,/std-testing/kettering-oh/,/std-testing/kettering-oh/,4,3,,124,no,not checked,
2026-10-05,std testing kettering,desktop,std-city,/std-testing/kettering-oh/,/std-testing/kettering-oh/,4,,,124,no,no,
2026-10-05,std testing kingwood tx,phone,std-city,/std-testing/kingwood-tx/,/std-testing/kingwood-tx/,6,6,,45,no,not checked,
2026-10-05,std testing kingwood tx,desktop,std-city,/std-testing/kingwood-tx/,/std-testing/kingwood-tx/,25,,,45,no,not checked,
2026-10-05,std testing kirkland wa,phone,std-city,/std-testing/kirkland-wa/,/std-testing/kirkland-wa/,4,4,,209,no,not checked,
2026-10-05,std testing kirkland wa,desktop,std-city,/std-testing/kirkland-wa/,/std-testing/kirkland-wa/,4,,,209,no,not checked,
2026-10-05,std testing kissimmee fl,phone,std-city,/std-testing/kissimmee-fl/,/std-testing/kissimmee-fl/,7,7,,112,no,not checked,
2026-10-05,std testing kissimmee fl,desktop,std-city,/std-testing/kissimmee-fl/,/std-testing/kissimmee-fl/,7,,,112,no,not checked,
2026-10-05,std testing knoxville tn,phone,std-city,/std-testing/knoxville-tn/,/std-testing/knoxville-tn/,6,6,,115,no,not checked,
2026-10-05,std testing knoxville tn,desktop,std-city,/std-testing/knoxville-tn/,/std-testing/knoxville-tn/,6,,,115,no,not checked,
2026-10-05,std testing la crosse wi,phone,std-city,/std-testing/la-crosse-wi/,/std-testing/la-crosse-wi/,5,5,,54,no,not checked,
2026-10-05,std testing la crosse wi,desktop,std-city,/std-testing/la-crosse-wi/,/std-testing/la-crosse-wi/,4,,,54,no,not checked,
2026-10-05,std testing la mesa,phone,std-city,/std-testing/la-mesa-ca/,/std-testing/la-mesa-ca/,3,4,,228,no,not checked,
2026-10-05,std testing la mesa,desktop,std-city,/std-testing/la-mesa-ca/,/std-testing/la-mesa-ca/,4,,,228,no,not checked,
2026-10-05,std testing la quinta,phone,std-city,/blood-testing/la-quinta-ca/,/std-testing/la-quinta-ca/,4,5,,168,no,not checked,
2026-10-05,std testing la quinta,desktop,std-city,/blood-testing/la-quinta-ca/,/std-testing/la-quinta-ca/,5,,,168,no,no,
2026-10-05,std testing la quinta ca,phone,std-city,/std-testing/la-quinta-ca/,/std-testing/la-quinta-ca/,1,4,,118,no,not checked,
2026-10-05,std testing la quinta ca,desktop,std-city,/std-testing/la-quinta-ca/,/std-testing/la-quinta-ca/,5,,,118,no,not checked,
2026-10-05,std testing lacey wa,phone,std-city,/std-testing/lacey-wa/,/std-testing/lacey-wa/,5,5,,158,no,not checked,
2026-10-05,std testing lacey wa,desktop,std-city,/std-testing/lacey-wa/,/std-testing/olympia-wa/,5,,,158,no,not checked,
2026-10-05,std testing lafayette la,phone,std-city,/std-testing/lafayette-la/,/std-testing/lafayette-la/,5,5,,207,no,not checked,
2026-10-05,std testing lafayette la,desktop,std-city,/std-testing/lafayette-la/,/std-testing/lafayette-la/,5,,,207,no,not checked,
2026-10-05,std testing laguna niguel,phone,std-city,/std-testing/laguna-niguel-ca/,/std-testing/laguna-niguel-ca/,5,5,,166,no,not checked,
2026-10-05,std testing laguna niguel,desktop,std-city,/std-testing/laguna-niguel-ca/,/std-testing/laguna-niguel-ca/,23,,,166,no,not checked,
2026-10-05,std testing laguna niguel ca,phone,std-city,/std-testing/laguna-niguel-ca/,/std-testing/laguna-niguel-ca/,4,4,,135,no,not checked,
2026-10-05,std testing laguna niguel ca,desktop,std-city,/std-testing/laguna-niguel-ca/,/std-testing/laguna-niguel-ca/,4,,,135,no,not checked,
2026-10-05,std testing lake charles la,phone,std-city,/std-testing/lake-charles-la/,/,4,5,,66,no,not checked,other page ranks
2026-10-05,std testing lake charles la,desktop,std-city,/std-testing/lake-charles-la/,/std-testing/lake-charles-la/,24,,,66,no,not checked,
2026-10-05,std testing lake forest ca,phone,std-city,/std-testing/lake-forest-ca/,/std-testing/lake-forest-ca/,4,4,,232,no,not checked,
2026-10-05,std testing lake forest ca,desktop,std-city,/std-testing/lake-forest-ca/,/std-testing/lake-forest-ca/,4,,,232,no,not checked,
2026-10-05,std testing lake havasu city,phone,std-city,/std-testing/lake-havasu-city-az/,/std-testing/lake-havasu-city-az/,8,8,,160,no,not checked,
2026-10-05,std testing lake havasu city,desktop,std-city,/std-testing/lake-havasu-city-az/,/std-testing/lake-havasu-city-az/,27,,,160,no,not checked,
2026-10-05,std testing lakeland fl,phone,std-city,/std-testing/lakeland-fl/,/std-testing/lakeland-fl/,6,6,,87,no,not checked,
2026-10-05,std testing lakeland fl,desktop,std-city,/std-testing/lakeland-fl/,/std-testing/lakeland-fl/,6,,,87,no,not checked,
2026-10-05,std testing lakewood co,phone,std-city,/std-testing/lakewood-co/,/std-testing/lakewood-co/,5,5,,123,no,not checked,
2026-10-05,std testing lakewood co,desktop,std-city,/std-testing/lakewood-co/,/std-testing/lakewood-co/,5,,,123,no,not checked,
2026-10-05,std testing lancaster ca,phone,std-city,/std-testing/lancaster-ca/,/std-testing/lancaster-ca/,5,5,,116,no,not checked,
2026-10-05,std testing lancaster ca,desktop,std-city,/std-testing/lancaster-ca/,/std-testing/lancaster-ca/,5,,,116,no,not checked,
2026-10-05,std testing lansing mi,phone,std-city,/std-testing/lansing-mi/,/std-testing/lansing-mi/,6,6,,237,no,not checked,
2026-10-05,std testing lansing mi,desktop,std-city,/std-testing/lansing-mi/,/std-testing/lansing-mi/,6,,,237,no,not checked,
2026-10-05,std testing laredo tx,phone,std-city,/std-testing/laredo-tx/,/std-testing/laredo-tx/,5,5,,109,no,not checked,
2026-10-05,std testing laredo tx,desktop,std-city,/std-testing/laredo-tx/,/std-testing/laredo-tx/,5,,,109,no,not checked,
2026-10-05,std testing largo fl,phone,std-city,/std-testing/largo-fl/,/std-testing/largo-fl/,5,5,,136,no,not checked,
2026-10-05,std testing largo fl,desktop,std-city,/std-testing/largo-fl/,/std-testing/largo-fl/,5,,,136,no,not checked,
2026-10-05,std testing las cruces nm,phone,std-city,/std-testing/las-cruces-nm/,/std-testing/las-cruces-nm/,5,5,,61,no,not checked,
2026-10-05,std testing las cruces nm,desktop,std-city,/std-testing/las-cruces-nm/,/std-testing/las-cruces-nm/,5,,,61,no,not checked,
2026-10-05,std testing lawrence ks,phone,std-city,/std-testing/lawrence-ks/,/std-testing/lawrence-ks/,5,5,,86,no,not checked,
2026-10-05,std testing lawrence ks,desktop,std-city,/std-testing/lawrence-ks/,/std-testing/lawrence-ks/,5,,,86,no,not checked,
2026-10-05,std testing lawrence ma,phone,std-city,/std-testing/lawrence-ma/,/std-testing/lawrence-ma/,3,3,,142,no,not checked,
2026-10-05,std testing lawrence ma,desktop,std-city,/std-testing/lawrence-ma/,/std-testing/lawrence-ma/,4,,,142,yes,not checked,
2026-10-05,std testing lawton ok,phone,std-city,/std-testing/lawton-ok/,/std-testing/lawton-ok/,4,4,,86,no,not checked,
2026-10-05,std testing lawton ok,desktop,std-city,/std-testing/lawton-ok/,/std-testing/lawton-ok/,4,,,86,no,not checked,
2026-10-05,std testing league city tx,phone,std-city,/std-testing/league-city-tx/,/std-testing/league-city-tx/,8,8,,57,no,not checked,
2026-10-05,std testing league city tx,desktop,std-city,/std-testing/league-city-tx/,/std-testing/league-city-tx/,8,,,57,no,not checked,
2026-10-05,std testing lees summit,phone,std-city,/std-testing/lees-summit-mo/,/std-testing/lees-summit-mo/,6,5,,133,no,not checked,
2026-10-05,std testing lees summit,desktop,std-city,/std-testing/lees-summit-mo/,/std-testing/lees-summit-mo/,6,,,133,no,not checked,
2026-10-05,std testing lees summit mo,phone,std-city,/std-testing/lees-summit-mo/,/std-testing/lees-summit-mo/,5,5,,33,no,not checked,
2026-10-05,std testing lees summit mo,desktop,std-city,/std-testing/lees-summit-mo/,/std-testing/lees-summit-mo/,5,,,33,no,not checked,
2026-10-05,std testing leesburg va,phone,std-city,/std-testing/leesburg-va/,/std-testing/leesburg-va/,25,5,,107,no,not checked,
2026-10-05,std testing leesburg va,desktop,std-city,/std-testing/leesburg-va/,/std-testing/leesburg-va/,2,,,107,no,not checked,
2026-10-05,std testing lewisville tx,phone,std-city,/std-testing/lewisville-tx/,/std-testing/lewisville-tx/,5,5,,147,no,not checked,
2026-10-05,std testing lewisville tx,desktop,std-city,/std-testing/lewisville-tx/,/std-testing/flower-mound-tx/,18,,,147,no,not checked,
2026-10-05,std testing lexington ky,phone,std-city,/std-testing/lexington-ky/,/std-testing/lexington-ky/,5,5,,256,no,not checked,
2026-10-05,std testing lexington ky,desktop,std-city,/std-testing/lexington-ky/,/std-testing/lexington-ky/,4,,,256,no,not checked,
2026-10-05,std testing lincoln ne,phone,std-city,/std-testing/lincoln-ne/,/std-testing/lincoln-ne/,7,7,,220,no,not checked,
2026-10-05,std testing lincoln ne,desktop,std-city,/std-testing/lincoln-ne/,/std-testing/lincoln-ne/,7,,,220,no,not checked,
2026-10-05,std testing little elm tx,phone,std-city,/std-testing/little-elm-tx/,/std-testing/little-elm-tx/,4,4,,136,no,not checked,
2026-10-05,std testing little elm tx,desktop,std-city,/std-testing/little-elm-tx/,/std-testing/little-elm-tx/,4,,,136,no,not checked,
2026-10-05,std testing little rock ar,phone,std-city,/std-testing/little-rock-ar/,/std-testing/little-rock-ar/,5,5,,103,no,not checked,
2026-10-05,std testing little rock ar,desktop,std-city,/std-testing/little-rock-ar/,/std-testing/little-rock-ar/,5,,,103,no,not checked,
2026-10-05,std testing littleton,phone,std-city,/std-testing/littleton-co/,/std-testing/littleton-co/,1,4,,235,no,not checked,
2026-10-05,std testing littleton,desktop,std-city,/std-testing/littleton-co/,/std-testing/littleton-co/,4,,,235,no,not checked,
2026-10-05,std testing livermore ca,phone,std-city,/std-testing/livermore-ca/,/std-testing/livermore-ca/,4,4,,91,no,not checked,
2026-10-05,std testing livermore ca,desktop,std-city,/std-testing/livermore-ca/,/std-testing/livermore-ca/,4,,,91,no,not checked,
2026-10-05,std testing livonia mi,phone,std-city,/std-testing/livonia-mi/,/std-testing/livonia-mi/,3,2,,136,no,not checked,
2026-10-05,std testing livonia mi,desktop,std-city,/std-testing/livonia-mi/,/std-testing/eastpointe-mi/,12,,,136,no,not checked,
2026-10-05,std testing long beach ca,phone,std-city,/std-testing/long-beach-ca/,/std-testing/long-beach-ca/,7,7,,104,no,not checked,
2026-10-05,std testing long beach ca,desktop,std-city,/std-testing/long-beach-ca/,/std-testing/long-beach-ca/,8,,,104,no,not checked,
2026-10-05,std testing longmont co,phone,std-city,/std-testing/longmont-co/,/std-testing/longmont-co/,4,4,,64,no,not checked,
2026-10-05,std testing longmont co,desktop,std-city,/std-testing/longmont-co/,/std-testing/longmont-co/,4,,,64,no,not checked,
2026-10-05,std testing longview tx,phone,std-city,/std-testing/longview-tx/,/std-testing/longview-tx/,4,4,,150,no,not checked,
2026-10-05,std testing longview tx,desktop,std-city,/std-testing/longview-tx/,/std-testing/longview-tx/,4,,,150,no,not checked,
2026-10-05,std testing louisville ky,phone,std-city,/std-testing/louisville-ky/,/std-testing/louisville-ky/,7,7,,237,no,not checked,
2026-10-05,std testing louisville ky,desktop,std-city,/std-testing/louisville-ky/,/std-testing/louisville-ky/,7,,,237,no,not checked,
2026-10-05,std testing loveland co,phone,std-city,/std-testing/loveland-co/,/std-testing/fort-collins-co/,18,5,,149,no,not checked,other page ranks
2026-10-05,std testing loveland co,desktop,std-city,/std-testing/loveland-co/,/std-testing/loveland-co/,4,,,149,yes,not checked,
2026-10-05,std testing lowell ma,phone,std-city,/std-testing/lowell-ma/,/std-testing/lowell-ma/,6,5,,114,no,not checked,
2026-10-05,std testing lowell ma,desktop,std-city,/std-testing/lowell-ma/,/std-testing/lowell-ma/,6,,,114,no,not checked,
2026-10-05,std testing lubbock tx,phone,std-city,/std-testing/lubbock-tx/,/std-testing/lubbock-tx/,6,6,,60,no,not checked,
2026-10-05,std testing lubbock tx,desktop,std-city,/std-testing/lubbock-tx/,/std-testing/lubbock-tx/,6,,,60,no,not checked,
2026-10-05,std testing lynn ma,phone,std-city,/std-testing/lynn-ma/,/std-testing/lynn-ma/,6,6,,98,no,not checked,
2026-10-05,std testing lynn ma,desktop,std-city,/std-testing/lynn-ma/,/std-testing/weymouth-ma/,10,,,98,no,not checked,
2026-10-05,std testing lynwood,phone,std-city,/std-testing/lynnwood-wa/,/std-testing/lynnwood-wa/,5,5,,145,no,not checked,
2026-10-05,std testing lynwood,desktop,std-city,/std-testing/lynnwood-wa/,/std-testing/lynnwood-wa/,5,,,145,no,not checked,
2026-10-05,std testing macon ga,phone,std-city,/std-testing/macon-ga/,/std-testing/macon-ga/,4,4,,132,no,not checked,
2026-10-05,std testing macon ga,desktop,std-city,/std-testing/macon-ga/,/std-testing/macon-ga/,4,,,132,no,not checked,
2026-10-05,std testing madison ms,phone,std-city,/std-testing/madison-ms/,/std-testing/madison-ms/,5,5,,203,no,not checked,
2026-10-05,std testing madison ms,desktop,std-city,/std-testing/madison-ms/,/std-testing/madison-ms/,5,,,203,no,not checked,
2026-10-05,std testing madison wi,phone,std-city,/std-testing/madison-wi/,/std-testing/madison-wi/,7,7,,202,no,not checked,
2026-10-05,std testing madison wi,desktop,std-city,/std-testing/madison-wi/,/std-testing/madison-wi/,7,,,202,no,not checked,
2026-10-05,std testing malden ma,phone,std-city,/std-testing/malden-ma/,/std-testing/malden-ma/,4,5,,88,no,not checked,
2026-10-05,std testing malden ma,desktop,std-city,/std-testing/malden-ma/,/std-testing/malden-ma/,2,,,88,no,not checked,
2026-10-05,std testing manassas va,phone,std-city,/std-testing/manassas-va/,/std-testing/manassas-va/,4,4,,137,no,not checked,
2026-10-05,std testing manassas va,desktop,std-city,/std-testing/manassas-va/,/std-testing/manassas-va/,4,,,137,no,not checked,
2026-10-05,std testing manchester nh,phone,std-city,/std-testing/manchester-nh/,/std-testing/manchester-nh/,1,6,,124,yes,not checked,
2026-10-05,std testing manchester nh,desktop,std-city,/std-testing/manchester-nh/,/std-testing/manchester-nh/,6,,,124,no,not checked,
2026-10-05,std testing manhattan ny,phone,std-city,/std-testing/manhattan-ny/,/std-testing/manhattan-ny/,9,8,,144,no,not checked,
2026-10-05,std testing manhattan ny,desktop,std-city,/std-testing/manhattan-ny/,/std-testing/manhattan-ny/,24,,,144,no,not checked,
2026-10-05,std testing mankato mn,phone,std-city,/std-testing/mankato-mn/,/std-testing/mankato-mn/,7,8,,39,no,not checked,
2026-10-05,std testing mankato mn,desktop,std-city,/std-testing/mankato-mn/,/std-testing/mankato-mn/,5,,,39,no,not checked,
2026-10-05,std testing mansfield tx,phone,std-city,/std-testing/mansfield-tx/,/std-testing/mansfield-tx/,1,3,,164,no,not checked,
2026-10-05,std testing mansfield tx,desktop,std-city,/std-testing/mansfield-tx/,/std-testing/mansfield-tx/,22,,,164,no,yes,
2026-10-05,std testing manteca ca,phone,std-city,/std-testing/manteca-ca/,/std-testing/manteca-ca/,5,5,,39,no,not checked,
2026-10-05,std testing manteca ca,desktop,std-city,/std-testing/manteca-ca/,/std-testing/manteca-ca/,5,,,39,no,not checked,
2026-10-05,std testing margate,phone,std-city,/std-testing/margate-fl/,/std-testing/margate-fl/,5,5,,241,no,not checked,
2026-10-05,std testing margate,desktop,std-city,/std-testing/margate-fl/,/std-testing/margate-fl/,2,,,241,no,not checked,
2026-10-05,std testing maricopa,phone,std-city,/std-testing/maricopa-az/,/std-testing/maricopa-az/,5,6,,190,no,not checked,
2026-10-05,std testing maricopa,desktop,std-city,/std-testing/maricopa-az/,/std-testing/glendale-az/,13,,,190,no,not checked,
2026-10-05,std testing maricopa az,phone,std-city,/std-testing/maricopa-az/,/std-testing/maricopa-az/,6,6,,182,no,not checked,
2026-10-05,std testing maricopa az,desktop,std-city,/std-testing/maricopa-az/,/std-testing/maricopa-az/,6,,,182,no,not checked,
2026-10-05,std testing marietta,phone,std-city,/std-testing/marietta-ga/,/std-testing/marietta-ga/,7,7,,176,no,not checked,
2026-10-05,std testing marietta,desktop,std-city,/std-testing/marietta-ga/,/std-testing/marietta-ga/,7,,,176,no,not checked,
2026-10-05,std testing martinsburg wv,phone,std-city,/std-testing/martinsburg-wv/,/std-testing/martinsburg-wv/,6,6,,205,no,not checked,
2026-10-05,std testing martinsburg wv,desktop,std-city,/std-testing/martinsburg-wv/,/std-testing/martinsburg-wv/,7,,,205,no,not checked,
2026-10-05,std testing marysville wa,phone,std-city,/std-testing/marysville-wa/,/std-testing/marysville-wa/,5,5,,71,no,not checked,
2026-10-05,std testing marysville wa,desktop,std-city,/std-testing/marysville-wa/,/std-testing/marysville-wa/,23,,,71,no,not checked,
2026-10-05,std testing mcallen tx,phone,std-city,/std-testing/mcallen-tx/,/std-testing/mcallen-tx/,4,4,,206,no,not checked,
2026-10-05,std testing mcallen tx,desktop,std-city,/std-testing/mcallen-tx/,/std-testing/mission-tx/,16,,,206,no,not checked,
2026-10-05,std testing medford or,phone,std-city,/std-testing/medford-or/,/std-testing/medford-or/,1,5,,92,yes,not checked,
2026-10-05,std testing medford or,desktop,std-city,/std-testing/medford-or/,/std-testing/medford-or/,1,,,92,yes,yes,
2026-10-05,std testing melbourne fl,phone,std-city,/std-testing/melbourne-fl/,/std-testing/melbourne-fl/,4,4,,178,no,not checked,
2026-10-05,std testing melbourne fl,desktop,std-city,/std-testing/melbourne-fl/,/std-testing/melbourne-fl/,4,,,178,no,not checked,
2026-10-05,std testing memphis tn,phone,std-city,/std-testing/memphis-tn/,/std-testing/memphis-tn/,7,7,,170,no,not checked,
2026-10-05,std testing memphis tn,desktop,std-city,/std-testing/memphis-tn/,/std-testing/memphis-tn/,7,,,170,no,not checked,
2026-10-05,std testing menlo park ca,phone,std-city,/std-testing/menlo-park-ca/,/std-testing/menlo-park-ca/,6,4,,107,no,not checked,
2026-10-05,std testing menlo park ca,desktop,std-city,/std-testing/menlo-park-ca/,/std-testing/menlo-park-ca/,6,,,107,no,not checked,
2026-10-05,std testing mentor,phone,std-city,/std-testing/mentor-oh/,/std-testing/mentor-oh/,4,4,,135,no,not checked,
2026-10-05,std testing mentor,desktop,std-city,/std-testing/mentor-oh/,/std-testing/mentor-oh/,2,,,135,no,yes,
2026-10-05,std testing merced ca,phone,std-city,/std-testing/merced-ca/,/std-testing/merced-ca/,24,5,,100,no,not checked,
2026-10-05,std testing merced ca,desktop,std-city,/std-testing/merced-ca/,/std-testing/merced-ca/,2,,,100,no,no,
2026-10-05,std testing meriden,phone,std-city,/std-testing/meriden-ct/,/std-testing/meriden-ct/,25,6,,109,no,not checked,
2026-10-05,std testing meriden,desktop,std-city,/std-testing/meriden-ct/,/std-testing/meriden-ct/,6,,,109,no,not checked,
2026-10-05,std testing mesa az,phone,std-city,/std-testing/mesa-az/,/std-testing/mesa-az/,7,7,,241,no,not checked,
2026-10-05,std testing mesa az,desktop,std-city,/std-testing/mesa-az/,/std-testing/mesa-az/,7,,,241,no,not checked,
2026-10-05,std testing mesquite tx,phone,std-city,/std-testing/mesquite-tx/,/std-testing/mesquite-tx/,4,4,,100,no,not checked,
2026-10-05,std testing mesquite tx,desktop,std-city,/std-testing/mesquite-tx/,/std-testing/mesquite-tx/,4,,,100,no,not checked,
2026-10-05,std testing metairie la,phone,std-city,/std-testing/metairie-la/,/std-testing/metairie-la/,25,5,,177,no,not checked,
2026-10-05,std testing metairie la,desktop,std-city,/std-testing/metairie-la/,/std-testing/metairie-la/,5,,,177,no,not checked,
2026-10-05,std testing methuen ma,phone,std-city,/blood-testing/methuen-ma/,/std-testing/methuen-ma/,4,4,,109,no,not checked,
2026-10-05,std testing methuen ma,desktop,std-city,/blood-testing/methuen-ma/,/std-testing/methuen-ma/,2,,,109,no,yes,
2026-10-05,std testing midland tx,phone,std-city,/std-testing/cloverleaf-tx/,/std-testing/midland-tx/,7,7,,259,no,not checked,
2026-10-05,std testing midland tx,desktop,std-city,/std-testing/cloverleaf-tx/,/std-testing/midland-tx/,7,,,259,no,not checked,
2026-10-05,std testing midwest city,phone,std-city,/std-testing/midwest-city-ok/,/std-testing/midwest-city-ok/,5,5,,180,no,not checked,
2026-10-05,std testing midwest city,desktop,std-city,/std-testing/midwest-city-ok/,/std-testing/midwest-city-ok/,5,,,180,no,not checked,
2026-10-05,std testing milford,phone,std-city,/std-testing/milford-ct/,/std-testing/milford-ct/,4,4,,127,no,not checked,
2026-10-05,std testing milford,desktop,std-city,/std-testing/milford-ct/,/std-testing/milford-ct/,4,,,127,no,not checked,
2026-10-05,std testing milpitas ca,phone,std-city,/std-testing/milpitas-ca/,/std-testing/milpitas-ca/,4,4,,147,no,not checked,
2026-10-05,std testing milpitas ca,desktop,std-city,/std-testing/milpitas-ca/,/std-testing/milpitas-ca/,4,,,147,no,not checked,
2026-10-05,std testing miramar fl,phone,std-city,/std-testing/miramar-fl/,/std-testing/miramar-fl/,5,5,,111,no,not checked,
2026-10-05,std testing miramar fl,desktop,std-city,/std-testing/miramar-fl/,/std-testing/miramar-fl/,6,,,111,no,not checked,
2026-10-05,std testing mishawaka,phone,std-city,/std-testing/mishawaka-in/,/std-testing/mishawaka-in/,5,5,,132,no,not checked,
2026-10-05,std testing mishawaka,desktop,std-city,/std-testing/mishawaka-in/,/std-testing/mishawaka-in/,5,,,132,no,not checked,
2026-10-05,std testing mission tx,phone,std-city,/std-testing/mission-tx/,/std-testing/mission-tx/,4,4,,107,no,not checked,
2026-10-05,std testing mission tx,desktop,std-city,/std-testing/mission-tx/,/std-testing/mission-tx/,4,,,107,no,not checked,
2026-10-05,std testing missoula mt,phone,std-city,/std-testing/missoula-mt/,/std-testing/missoula-mt/,25,5,,91,no,not checked,
2026-10-05,std testing missoula mt,desktop,std-city,/std-testing/missoula-mt/,/std-testing/missoula-mt/,5,,,91,no,not checked,
2026-10-05,std testing missouri city tx,phone,std-city,/std-testing/missouri-city-tx/,/std-testing/missouri-city-tx/,5,5,,134,no,not checked,
2026-10-05,std testing missouri city tx,desktop,std-city,/std-testing/missouri-city-tx/,/std-testing/missouri-city-tx/,5,,,134,no,not checked,
2026-10-05,std testing monroe la,phone,std-city,/std-testing/monroe-la/,/std-testing/monroe-la/,4,4,,136,no,not checked,
2026-10-05,std testing monroe la,desktop,std-city,/std-testing/monroe-la/,/std-testing/monroe-la/,4,,,136,no,not checked,
2026-10-05,std testing moore,phone,std-city,/std-testing/moore-ok/,/std-testing/moore-ok/,5,5,,117,no,not checked,
2026-10-05,std testing moore,desktop,std-city,/std-testing/moore-ok/,/std-testing/moore-ok/,5,,,117,no,not checked,
2026-10-05,std testing moreno valley ca,phone,std-city,/std-testing/moreno-valley-ca/,/std-testing/moreno-valley-ca/,6,6,,147,no,not checked,
2026-10-05,std testing moreno valley ca,desktop,std-city,/std-testing/moreno-valley-ca/,/std-testing/rancho-cucamonga-ca/,26,,,147,no,not checked,
2026-10-05,std testing mount vernon ny,phone,std-city,/std-testing/mount-vernon-ny/,/std-testing/mount-vernon-ny/,7,7,,96,no,not checked,
2026-10-05,std testing mount vernon ny,desktop,std-city,/std-testing/mount-vernon-ny/,/std-testing/mount-vernon-ny/,6,,,96,no,not checked,
2026-10-05,std testing mountain view ca,phone,std-city,/std-testing/mountain-view-ca/,/std-testing/mountain-view-ca/,2,4,,65,no,not checked,
2026-10-05,std testing mountain view ca,desktop,std-city,/std-testing/mountain-view-ca/,/std-testing/mountain-view-ca/,4,,,65,no,not checked,
2026-10-05,std testing murfreesboro tn,phone,std-city,/std-testing/murfreesboro-tn/,/std-testing/murfreesboro-tn/,7,5,,192,no,not checked,
2026-10-05,std testing murfreesboro tn,desktop,std-city,/std-testing/murfreesboro-tn/,/std-testing/murfreesboro-tn/,5,,,192,no,not checked,
2026-10-05,std testing murray utah,phone,std-city,/std-testing/murray-ut/,/std-testing/murray-ut/,5,5,,271,no,not checked,
2026-10-05,std testing murray utah,desktop,std-city,/std-testing/murray-ut/,/std-testing/murray-ut/,3,,,271,no,not checked,
2026-10-05,std testing murrieta ca,phone,std-city,/std-testing/murrieta-ca/,/std-testing/murrieta-ca/,5,5,,134,no,not checked,
2026-10-05,std testing murrieta ca,desktop,std-city,/std-testing/murrieta-ca/,/std-testing/murrieta-ca/,5,,,134,no,not checked,
2026-10-05,std testing muskegon mi,phone,std-city,/std-testing/muskegon-mi/,/std-testing/muskegon-mi/,5,5,,104,no,not checked,
2026-10-05,std testing muskegon mi,desktop,std-city,/std-testing/muskegon-mi/,/std-testing/muskegon-mi/,5,,,104,no,not checked,
2026-10-05,std testing muskogee,phone,std-city,/std-testing/muskogee-ok/,/std-testing/muskogee-ok/,6,6,,72,no,not checked,
2026-10-05,std testing muskogee,desktop,std-city,/std-testing/muskogee-ok/,/std-testing/muskogee-ok/,23,,,72,no,not checked,
2026-10-05,std testing myrtle beach sc,phone,std-city,/std-testing/myrtle-beach-sc/,/std-testing/myrtle-beach-sc/,4,6,,102,no,not checked,
2026-10-05,std testing myrtle beach sc,desktop,std-city,/std-testing/myrtle-beach-sc/,/std-testing/north-myrtle-beach-sc/,21,,,102,no,not checked,
2026-10-05,std testing napa ca,phone,std-city,/std-testing/napa-ca/,/std-testing/napa-ca/,5,6,,110,no,not checked,
2026-10-05,std testing napa ca,desktop,std-city,/std-testing/napa-ca/,/std-testing/napa-ca/,3,,,110,no,yes,
2026-10-05,std testing naperville il,phone,std-city,/std-testing/naperville-il/,/std-testing/naperville-il/,5,4,,143,no,not checked,
2026-10-05,std testing naperville il,desktop,std-city,/std-testing/naperville-il/,/std-testing/naperville-il/,5,,,143,no,not checked,
2026-10-05,std testing nashua nh,phone,std-city,/std-testing/nashua-nh/,/std-testing/nashua-nh/,6,6,,178,no,not checked,
2026-10-05,std testing nashua nh,desktop,std-city,/std-testing/nashua-nh/,/std-testing/nashua-nh/,6,,,178,no,not checked,
2026-10-05,std testing national city,phone,std-city,/std-testing/national-city-ca/,/std-testing/national-city-ca/,5,5,,182,no,not checked,
2026-10-05,std testing national city,desktop,std-city,/std-testing/national-city-ca/,/std-testing/national-city-ca/,5,,,182,no,not checked,
2026-10-05,std testing new bedford ma,phone,std-city,/std-testing/new-bedford-ma/,/std-testing/new-bedford-ma/,5,5,,126,no,not checked,
2026-10-05,std testing new bedford ma,desktop,std-city,/std-testing/new-bedford-ma/,/std-testing/new-bedford-ma/,5,,,126,no,not checked,
2026-10-05,std testing new braunfels tx,phone,std-city,/std-testing/new-braunfels-tx/,/std-testing/new-braunfels-tx/,4,4,,47,yes,not checked,
2026-10-05,std testing new braunfels tx,desktop,std-city,/std-testing/new-braunfels-tx/,/std-testing/new-braunfels-tx/,4,,,47,yes,not checked,
2026-10-05,std testing new orleans la,phone,std-city,/std-testing/new-orleans-la/,/std-testing/new-orleans-la/,5,5,,173,no,not checked,
2026-10-05,std testing new orleans la,desktop,std-city,/std-testing/new-orleans-la/,/std-testing/new-orleans-la/,1,,,173,yes,yes,
2026-10-05,std testing new rochelle ny,phone,std-city,/std-testing/new-rochelle-ny/,/std-testing/new-rochelle-ny/,23,4,,115,no,not checked,
2026-10-05,std testing new rochelle ny,desktop,std-city,/std-testing/new-rochelle-ny/,/std-testing/new-rochelle-ny/,2,,,115,no,not checked,
2026-10-05,std testing newark nj,phone,std-city,/std-testing/newark-nj/,/std-testing/newark-nj/,5,5,,186,no,not checked,
2026-10-05,std testing newark nj,desktop,std-city,/std-testing/newark-nj/,/std-testing/newark-nj/,5,,,186,no,not checked,
2026-10-05,std testing newburgh ny,phone,std-city,/std-testing/newburgh-ny/,/std-testing/newburgh-ny/,5,5,,137,no,not checked,
2026-10-05,std testing newburgh ny,desktop,std-city,/std-testing/newburgh-ny/,/std-testing/newburgh-ny/,3,,,137,no,not checked,
2026-10-05,std testing newport beach ca,phone,std-city,/std-testing/newport-beach-ca/,/std-testing/newport-beach-ca/,6,6,,132,no,not checked,
2026-10-05,std testing newport beach ca,desktop,std-city,/std-testing/newport-beach-ca/,/std-testing/newport-beach-ca/,6,,,132,no,not checked,
2026-10-05,std testing newport news va,phone,std-city,/std-testing/newport-news-va/,/std-testing/newport-news-va/,4,4,,106,no,not checked,
2026-10-05,std testing newport news va,desktop,std-city,/std-testing/newport-news-va/,/std-testing/newport-news-va/,23,,,106,no,not checked,
2026-10-05,std testing noblesville,phone,std-city,/std-testing/noblesville-in/,/std-testing/noblesville-in/,5,5,,224,no,not checked,
2026-10-05,std testing noblesville,desktop,std-city,/std-testing/noblesville-in/,/std-testing/noblesville-in/,5,,,224,no,not checked,
2026-10-05,std testing norfolk va,phone,std-city,/std-testing/norfolk-va/,/std-testing/norfolk-va/,6,6,,143,no,not checked,
2026-10-05,std testing norfolk va,desktop,std-city,/std-testing/norfolk-va/,/std-testing/norfolk-va/,6,,,143,no,not checked,
2026-10-05,std testing norman ok,phone,std-city,/std-testing/norman-ok/,/std-testing/norman-ok/,4,4,,172,no,not checked,
2026-10-05,std testing norman ok,desktop,std-city,/std-testing/norman-ok/,/std-testing/norman-ok/,4,,,172,no,not checked,
2026-10-05,std testing north charleston sc,phone,std-city,/std-testing/charleston-sc/,/std-testing/charleston-sc/,5,7,,98,no,not checked,
2026-10-05,std testing north charleston sc,desktop,std-city,/std-testing/charleston-sc/,/std-testing/charleston-sc/,5,,,98,no,not checked,
2026-10-05,std testing north little rock,phone,std-city,/std-testing/little-rock-ar/,/std-testing/little-rock-ar/,5,5,,168,no,not checked,
2026-10-05,std testing north little rock,desktop,std-city,/std-testing/little-rock-ar/,/std-testing/little-rock-ar/,5,,,168,no,not checked,
2026-10-05,std testing north little rock ar,phone,std-city,/std-testing/little-rock-ar/,/std-testing/little-rock-ar/,5,5,,87,no,not checked,
2026-10-05,std testing north little rock ar,desktop,std-city,/std-testing/little-rock-ar/,/std-testing/little-rock-ar/,6,,,87,no,not checked,
2026-10-05,std testing north miami,phone,std-city,/std-testing/miami-beach-fl/,/std-testing/miami-beach-fl/,4,4,,288,no,not checked,
2026-10-05,std testing north miami,desktop,std-city,/std-testing/miami-beach-fl/,/std-testing/miami-beach-fl/,5,,,288,no,not checked,
2026-10-05,std testing north miami beach,phone,std-city,/std-testing/miami-beach-fl/,/std-testing/miami-beach-fl/,4,4,,244,no,not checked,
2026-10-05,std testing north miami beach,desktop,std-city,/std-testing/miami-beach-fl/,/std-testing/miami-beach-fl/,1,,,244,no,not checked,
2026-10-05,std testing norwalk ct,phone,std-city,/std-testing/norwalk-ct/,/std-testing/norwalk-ct/,5,5,,118,no,not checked,
2026-10-05,std testing norwalk ct,desktop,std-city,/std-testing/norwalk-ct/,/std-testing/norwalk-ct/,5,,,118,no,not checked,
2026-10-05,std testing novi,phone,std-city,/std-testing/novi-mi/,/std-testing/novi-mi/,5,5,,161,no,not checked,
2026-10-05,std testing novi,desktop,std-city,/std-testing/novi-mi/,/std-testing/novi-mi/,5,,,161,no,not checked,
2026-10-05,std testing novi mi,phone,std-city,/std-testing/novi-mi/,/std-testing/novi-mi/,2,5,,119,no,not checked,
2026-10-05,std testing novi mi,desktop,std-city,/std-testing/novi-mi/,/std-testing/novi-mi/,5,,,119,no,not checked,
2026-10-05,std testing oak lawn,phone,std-city,/std-testing/oak-lawn-il/,/std-testing/oak-lawn-il/,7,8,,178,no,not checked,
2026-10-05,std testing oak lawn,desktop,std-city,/std-testing/oak-lawn-il/,/std-testing/oak-lawn-il/,4,,,178,yes,not checked,
2026-10-05,std testing oak lawn il,phone,std-city,/std-testing/oak-lawn-il/,/std-testing/oak-lawn-il/,6,8,,108,no,not checked,
2026-10-05,std testing oak lawn il,desktop,std-city,/std-testing/oak-lawn-il/,/std-testing/oak-lawn-il/,8,,,108,no,yes,
2026-10-05,std testing oak park,phone,std-city,/std-testing/oak-park-il/,/std-testing/oak-park-il/,5,5,,192,no,not checked,
2026-10-05,std testing oak park,desktop,std-city,/std-testing/oak-park-il/,/std-testing/oak-park-il/,4,,,192,no,not checked,
2026-10-05,std testing oak park il,phone,std-city,/std-testing/oak-park-il/,/std-testing/oak-park-il/,4,4,,143,no,not checked,
2026-10-05,std testing oak park il,desktop,std-city,/std-testing/oak-park-il/,/std-testing/oak-park-il/,5,,,143,no,not checked,
2026-10-05,std testing oakland ca,phone,std-city,/std-testing/oakland-ca/,/std-testing/oakland-ca/,5,5,,97,no,not checked,
2026-10-05,std testing oakland ca,desktop,std-city,/std-testing/oakland-ca/,/std-testing/oakland-ca/,5,,,97,no,not checked,
2026-10-05,std testing oakland park,phone,std-city,/std-testing/oakland-park-fl/,/std-testing/oakland-park-fl/,6,7,,214,no,not checked,
2026-10-05,std testing oakland park,desktop,std-city,/std-testing/oakland-park-fl/,/std-testing/oakland-park-fl/,6,,,214,no,not checked,
2026-10-05,std testing ocala fl,phone,std-city,/std-testing/ocala-fl/,/std-testing/ocala-fl/,6,6,,72,no,not checked,
2026-10-05,std testing ocala fl,desktop,std-city,/std-testing/ocala-fl/,/std-testing/ocala-fl/,6,,,72,no,not checked,
2026-10-05,std testing oceanside ca,phone,std-city,/std-testing/oceanside-ca/,/std-testing/oceanside-ca/,5,5,,83,no,not checked,
2026-10-05,std testing oceanside ca,desktop,std-city,/std-testing/oceanside-ca/,/std-testing/oceanside-ca/,5,,,83,no,not checked,
2026-10-05,std testing ocoee,phone,std-city,/std-testing/alafaya-fl/,/std-testing/ocoee-fl/,6,4,,176,no,not checked,
2026-10-05,std testing ocoee,desktop,std-city,/std-testing/alafaya-fl/,/std-testing/ocoee-fl/,2,,,176,no,not checked,
2026-10-05,std testing odessa tx,phone,std-city,/std-testing/odessa-tx/,/std-testing/odessa-tx/,5,5,,243,no,not checked,
2026-10-05,std testing odessa tx,desktop,std-city,/std-testing/odessa-tx/,/std-testing/odessa-tx/,5,,,243,no,not checked,
2026-10-05,std testing oklahoma city ok,phone,std-city,/std-testing/oklahoma-city-ok/,/std-testing/oklahoma-city-ok/,7,7,,99,no,not checked,
2026-10-05,std testing oklahoma city ok,desktop,std-city,/std-testing/oklahoma-city-ok/,/std-testing/oklahoma-city-ok/,7,,,99,no,not checked,
2026-10-05,std testing olathe ks,phone,std-city,/std-testing/olathe-ks/,/std-testing/olathe-ks/,5,5,,160,no,not checked,
2026-10-05,std testing olathe ks,desktop,std-city,/std-testing/olathe-ks/,/std-testing/olathe-ks/,24,,,160,no,not checked,
2026-10-05,std testing olney md,phone,std-city,/std-testing/olney-md/,/std-testing/olney-md/,6,6,,150,no,not checked,
2026-10-05,std testing olney md,desktop,std-city,/std-testing/olney-md/,/std-testing/olney-md/,3,,,150,no,not checked,
2026-10-05,std testing ontario ca,phone,std-city,/std-testing/ontario-ca/,/std-testing/ontario-ca/,4,4,,78,no,not checked,
2026-10-05,std testing ontario ca,desktop,std-city,/std-testing/ontario-ca/,/std-testing/ontario-ca/,4,,,78,no,not checked,
2026-10-05,std testing orangeburg sc,phone,std-city,/std-testing/orangeburg-sc/,/std-testing/orangeburg-sc/,4,4,,132,no,not checked,
2026-10-05,std testing orangeburg sc,desktop,std-city,/std-testing/orangeburg-sc/,/std-testing/orangeburg-sc/,5,,,132,no,not checked,
2026-10-05,std testing orland park il,phone,std-city,/std-testing/orland-park-il/,/std-testing/orland-park-il/,6,4,,137,no,not checked,
2026-10-05,std testing orland park il,desktop,std-city,/std-testing/orland-park-il/,/std-testing/orland-park-il/,2,,,137,no,not checked,
2026-10-05,std testing orlando fl,phone,std-city,/std-testing/orlando-fl/,/std-testing/orlando-fl/,4,4,,123,no,not checked,
2026-10-05,std testing orlando fl,desktop,std-city,/std-testing/orlando-fl/,/std-testing/orlando-fl/,4,,,123,no,not checked,
2026-10-05,std testing overland park ks,phone,std-city,/std-testing/overland-park-ks/,/std-testing/overland-park-ks/,6,6,,126,no,not checked,
2026-10-05,std testing overland park ks,desktop,std-city,/std-testing/overland-park-ks/,/std-testing/overland-park-ks/,6,,,126,no,not checked,
2026-10-05,std testing owensboro ky,phone,std-city,/std-testing/owensboro-ky/,/std-testing/owensboro-ky/,4,4,,148,no,not checked,
2026-10-05,std testing owensboro ky,desktop,std-city,/std-testing/owensboro-ky/,/std-testing/owensboro-ky/,4,,,148,no,not checked,
2026-10-05,std testing oxnard ca,phone,std-city,/std-testing/oxnard-ca/,/std-testing/oxnard-ca/,2,2,,191,yes,yes,
2026-10-05,std testing oxnard ca,desktop,std-city,/std-testing/oxnard-ca/,/std-testing/oxnard-ca/,2,,,191,no,yes,
2026-10-05,std testing palatine,phone,std-city,/std-testing/palatine-il/,/std-testing/palatine-il/,4,4,,169,no,not checked,
2026-10-05,std testing palatine,desktop,std-city,/std-testing/palatine-il/,/std-testing/palatine-il/,4,,,169,no,not checked,
2026-10-05,std testing palatine il,phone,std-city,/std-testing/palatine-il/,/std-testing/palatine-il/,4,4,,160,no,not checked,
2026-10-05,std testing palatine il,desktop,std-city,/std-testing/palatine-il/,/std-testing/palatine-il/,4,,,160,no,not checked,
2026-10-05,std testing palm bay fl,phone,std-city,/std-testing/palm-bay-fl/,/std-testing/palm-bay-fl/,6,6,,217,no,not checked,
2026-10-05,std testing palm bay fl,desktop,std-city,/std-testing/palm-bay-fl/,/std-testing/palm-bay-fl/,5,,,217,no,not checked,
2026-10-05,std testing palm beach gardens,phone,std-city,/std-testing/west-palm-beach-fl/,/std-testing/west-palm-beach-fl/,26,6,,223,no,not checked,
2026-10-05,std testing palm beach gardens,desktop,std-city,/std-testing/west-palm-beach-fl/,/std-testing/west-palm-beach-fl/,6,,,223,no,not checked,
2026-10-05,std testing palm beach gardens fl,phone,std-city,/std-testing/west-palm-beach-fl/,/std-testing/west-palm-beach-fl/,6,6,,158,no,not checked,
2026-10-05,std testing palm beach gardens fl,desktop,std-city,/std-testing/west-palm-beach-fl/,/std-testing/west-palm-beach-fl/,6,,,158,no,not checked,
2026-10-05,std testing palm coast fl,phone,std-city,/std-testing/palm-coast-fl/,/std-testing/palm-coast-fl/,5,5,,114,no,not checked,
2026-10-05,std testing palm coast fl,desktop,std-city,/std-testing/palm-coast-fl/,/std-testing/palm-coast-fl/,4,,,114,no,not checked,
2026-10-05,std testing palm springs,phone,std-city,/std-testing/palm-springs-ca/,/std-testing/palm-springs-ca/,25,6,,188,no,not checked,
2026-10-05,std testing palm springs,desktop,std-city,/std-testing/palm-springs-ca/,/std-testing/palm-springs-ca/,6,,,188,no,not checked,
2026-10-05,std testing palmdale ca,phone,std-city,/std-testing/palmdale-ca/,/std-testing/antelope-ca/,61,5,,79,no,not checked,other page ranks
2026-10-05,std testing palmdale ca,desktop,std-city,/std-testing/palmdale-ca/,/std-testing/palmdale-ca/,2,,,79,no,not checked,
2026-10-05,std testing palo alto,phone,std-city,/std-testing/palo-alto-ca/,/std-testing/palo-alto-ca/,6,7,,279,no,not checked,
2026-10-05,std testing palo alto,desktop,std-city,/std-testing/palo-alto-ca/,/std-testing/palo-alto-ca/,7,,,279,no,not checked,
2026-10-05,std testing palo alto ca,phone,std-city,/std-testing/palo-alto-ca/,/std-testing/palo-alto-ca/,4,6,,205,no,not checked,
2026-10-05,std testing palo alto ca,desktop,std-city,/std-testing/palo-alto-ca/,/std-testing/palo-alto-ca/,6,,,205,no,not checked,
2026-10-05,std testing panama city fl,phone,std-city,/std-testing/panama-city-beach-fl/,/std-testing/panama-city-beach-fl/,5,5,,95,no,not checked,
2026-10-05,std testing panama city fl,desktop,std-city,/std-testing/panama-city-beach-fl/,/std-testing/panama-city-beach-fl/,5,,,95,no,not checked,
2026-10-05,std testing park ridge,phone,std-city,/std-testing/park-ridge-il/,/std-testing/park-ridge-il/,4,4,,126,no,not checked,
2026-10-05,std testing park ridge,desktop,std-city,/std-testing/park-ridge-il/,/std-testing/park-ridge-il/,4,,,126,no,not checked,
2026-10-05,std testing parker co,phone,std-city,/std-testing/parker-co/,/std-testing/parker-co/,4,4,,78,no,not checked,
2026-10-05,std testing parker co,desktop,std-city,/std-testing/parker-co/,/std-testing/parker-co/,4,,,78,yes,not checked,
2026-10-05,std testing parma oh,phone,std-city,/std-testing/parma-oh/,/std-testing/parma-oh/,5,5,,165,no,not checked,
2026-10-05,std testing parma oh,desktop,std-city,/std-testing/parma-oh/,/std-testing/parma-oh/,5,,,165,no,not checked,
2026-10-05,std testing pasadena ca,phone,std-city,/std-testing/pasadena-ca/,/std-testing/pasadena-tx/,15,10,,214,no,not checked,other page ranks
2026-10-05,std testing pasadena ca,desktop,std-city,/std-testing/pasadena-ca/,/std-testing/pasadena-ca/,9,,,214,no,not checked,
2026-10-05,std testing pasadena tx,phone,std-city,/std-testing/pasadena-tx/,/std-testing/pasadena-tx/,1,4,,141,no,not checked,
2026-10-05,std testing pasadena tx,desktop,std-city,/std-testing/pasadena-tx/,/std-testing/pasadena-tx/,4,,,141,no,not checked,
2026-10-05,std testing pasco wa,phone,std-city,/std-testing/pasco-wa/,/std-testing/pasco-wa/,4,6,,164,no,not checked,
2026-10-05,std testing pasco wa,desktop,std-city,/std-testing/pasco-wa/,/std-testing/pasco-wa/,3,,,164,no,yes,
2026-10-05,std testing paso robles ca,phone,std-city,/std-testing/paso-robles-ca/,/std-testing/paso-robles-ca/,5,2,,126,no,not checked,
2026-10-05,std testing paso robles ca,desktop,std-city,/std-testing/paso-robles-ca/,/std-testing/paso-robles-ca/,2,,,126,no,yes,
2026-10-05,std testing paterson nj,phone,std-city,/std-testing/paterson-nj/,/std-testing/paterson-nj/,5,5,,53,no,not checked,
2026-10-05,std testing paterson nj,desktop,std-city,/std-testing/paterson-nj/,/std-testing/paterson-nj/,23,,,53,no,not checked,
2026-10-05,std testing pawtucket ri,phone,std-city,/std-testing/pawtucket-ri/,/std-testing/pawtucket-ri/,5,5,,164,no,not checked,
2026-10-05,std testing pawtucket ri,desktop,std-city,/std-testing/pawtucket-ri/,/std-testing/pawtucket-ri/,5,,,164,no,no,
2026-10-05,std testing peabody ma,phone,std-city,/std-testing/peabody-ma/,/std-testing/peabody-ma/,5,5,,117,no,not checked,
2026-10-05,std testing peabody ma,desktop,std-city,/std-testing/peabody-ma/,/std-testing/peabody-ma/,5,,,117,no,not checked,
2026-10-05,std testing peachtree corners,phone,std-city,/std-testing/peachtree-corners-ga/,/std-testing/peachtree-corners-ga/,4,4,,111,no,not checked,
2026-10-05,std testing peachtree corners,desktop,std-city,/std-testing/peachtree-corners-ga/,/std-testing/peachtree-corners-ga/,4,,,111,no,not checked,
2026-10-05,std testing pearland tx,phone,std-city,/std-testing/pearland-tx/,/std-testing/pearland-tx/,5,5,,110,no,not checked,
2026-10-05,std testing pearland tx,desktop,std-city,/std-testing/pearland-tx/,/std-testing/pearland-tx/,5,,,110,no,not checked,
2026-10-05,std testing pembroke pines fl,phone,std-city,/std-testing/cooper-city-fl/,/std-testing/pembroke-pines-fl/,1,1,,177,yes,not checked,
2026-10-05,std testing pembroke pines fl,desktop,std-city,/std-testing/cooper-city-fl/,/std-testing/pembroke-pines-fl/,1,,,177,yes,yes,
2026-10-05,std testing pensacola fl,phone,std-city,/std-testing/pensacola-fl/,/std-testing/pensacola-fl/,9,9,,82,no,not checked,
2026-10-05,std testing pensacola fl,desktop,std-city,/std-testing/pensacola-fl/,/std-testing/pensacola-fl/,9,,,82,no,not checked,
2026-10-05,std testing peoria az,phone,std-city,/std-testing/peoria-az/,/std-testing/peoria-az/,4,3,,129,no,not checked,
2026-10-05,std testing peoria az,desktop,std-city,/std-testing/peoria-az/,/std-testing/peoria-az/,5,,,129,no,no,
2026-10-05,std testing perris ca,phone,std-city,/std-testing/perris-ca/,/std-testing/perris-ca/,4,4,,49,no,not checked,
2026-10-05,std testing perris ca,desktop,std-city,/std-testing/perris-ca/,/std-testing/perris-ca/,4,,,49,no,not checked,
2026-10-05,std testing pflugerville,phone,std-city,/std-testing/pflugerville-tx/,/std-testing/pflugerville-tx/,5,5,,159,no,not checked,
2026-10-05,std testing pflugerville,desktop,std-city,/std-testing/pflugerville-tx/,/std-testing/pflugerville-tx/,5,,,159,no,not checked,
2026-10-05,std testing pico rivera ca,phone,std-city,/std-testing/pico-rivera-ca/,/std-testing/pico-rivera-ca/,2,4,,98,no,not checked,
2026-10-05,std testing pico rivera ca,desktop,std-city,/std-testing/pico-rivera-ca/,/std-testing/pico-rivera-ca/,3,,,98,no,not checked,
2026-10-05,std testing pittsburg ca,phone,std-city,/std-testing/pittsburg-ca/,/std-testing/pittsburg-ca/,5,5,,173,no,not checked,
2026-10-05,std testing pittsburg ca,desktop,std-city,/std-testing/pittsburg-ca/,/std-testing/castro-valley-ca/,11,,,173,no,not checked,
2026-10-05,std testing pittsburgh pa,phone,std-city,/std-testing/pittsburgh-pa/,/std-testing/pittsburgh-pa/,7,7,,35,no,not checked,
2026-10-05,std testing pittsburgh pa,desktop,std-city,/std-testing/pittsburgh-pa/,/std-testing/pittsburgh-pa/,7,,,35,no,not checked,
2026-10-05,std testing placentia ca,phone,std-city,/std-testing/placentia-ca/,/std-testing/placentia-ca/,4,2,,216,no,not checked,
2026-10-05,std testing placentia ca,desktop,std-city,/std-testing/placentia-ca/,/std-testing/placentia-ca/,1,,,216,no,yes,
2026-10-05,std testing plainfield,phone,std-city,/std-testing/plainfield-in/,/std-testing/plainfield-in/,4,4,,229,no,not checked,
2026-10-05,std testing plainfield,desktop,std-city,/std-testing/plainfield-in/,/std-testing/plainfield-in/,4,,,229,no,not checked,
2026-10-05,std testing plant city fl,phone,std-city,/std-testing/plant-city-fl/,/std-testing/plant-city-fl/,27,7,,133,no,not checked,
2026-10-05,std testing plant city fl,desktop,std-city,/std-testing/plant-city-fl/,/std-testing/plant-city-fl/,7,,,133,no,not checked,
2026-10-05,std testing plantation fl,phone,std-city,/std-testing/plantation-fl/,/std-testing/plantation-fl/,3,4,,134,no,not checked,
2026-10-05,std testing plantation fl,desktop,std-city,/std-testing/plantation-fl/,/std-testing/plantation-fl/,2,,,134,no,not checked,
2026-10-05,std testing pleasanton ca,phone,std-city,/std-testing/san-ramon-ca/,/std-testing/pleasanton-ca/,4,2,,103,no,not checked,
2026-10-05,std testing pleasanton ca,desktop,std-city,/std-testing/san-ramon-ca/,/std-testing/pleasanton-ca/,1,,,103,no,no,
2026-10-05,std testing pomona ca,phone,std-city,/std-testing/pomona-ca/,/std-testing/pomona-ca/,3,5,,98,no,not checked,
2026-10-05,std testing pomona ca,desktop,std-city,/std-testing/pomona-ca/,/std-testing/pomona-ca/,5,,,98,no,not checked,
2026-10-05,std testing pompano beach fl,phone,std-city,/std-testing/pompano-beach-fl/,/std-testing/pompano-beach-fl/,4,4,,184,no,not checked,
2026-10-05,std testing pompano beach fl,desktop,std-city,/std-testing/pompano-beach-fl/,/std-testing/pompano-beach-fl/,4,,,184,no,not checked,
2026-10-05,std testing pooler ga,phone,std-city,/std-testing/pooler-ga/,/std-testing/pooler-ga/,2,2,,161,no,not checked,
2026-10-05,std testing pooler ga,desktop,std-city,/std-testing/pooler-ga/,/std-testing/pooler-ga/,1,,,161,no,no,
2026-10-05,std testing port arthur tx,phone,std-city,/std-testing/port-arthur-tx/,/std-testing/port-arthur-tx/,4,4,,109,no,not checked,
2026-10-05,std testing port arthur tx,desktop,std-city,/std-testing/port-arthur-tx/,/std-testing/port-arthur-tx/,4,,,109,no,not checked,
2026-10-05,std testing port charlotte fl,phone,std-city,/std-testing/port-charlotte-fl/,/std-testing/port-charlotte-fl/,8,8,,138,no,not checked,
2026-10-05,std testing port charlotte fl,desktop,std-city,/std-testing/port-charlotte-fl/,/std-testing/port-charlotte-fl/,8,,,138,no,not checked,
2026-10-05,std testing port orange,phone,std-city,/std-testing/port-orange-fl/,/std-testing/port-orange-fl/,4,5,,153,no,not checked,
2026-10-05,std testing port orange,desktop,std-city,/std-testing/port-orange-fl/,/std-testing/port-orange-fl/,5,,,153,no,not checked,
2026-10-05,std testing portsmouth nh,phone,std-city,/std-testing/portsmouth-nh/,/std-testing/portsmouth-nh/,4,4,,110,no,not checked,
2026-10-05,std testing portsmouth nh,desktop,std-city,/std-testing/portsmouth-nh/,/std-testing/portsmouth-nh/,4,,,110,no,not checked,
2026-10-05,std testing portsmouth va,phone,std-city,/std-testing/portsmouth-va/,/std-testing/portsmouth-va/,5,5,,76,no,not checked,
2026-10-05,std testing portsmouth va,desktop,std-city,/std-testing/portsmouth-va/,/std-testing/portsmouth-va/,2,,,76,no,not checked,
2026-10-05,std testing pottsville pa,phone,std-city,/std-testing/pottsville-pa/,/std-testing/pottsville-pa/,3,3,,99,no,not checked,
2026-10-05,std testing pottsville pa,desktop,std-city,/std-testing/pottsville-pa/,/std-testing/pottsville-pa/,3,,,99,no,not checked,
2026-10-05,std testing poughkeepsie ny,phone,std-city,/std-testing/poughkeepsie-ny/,/std-testing/poughkeepsie-ny/,6,6,,55,no,not checked,
2026-10-05,std testing poughkeepsie ny,desktop,std-city,/std-testing/poughkeepsie-ny/,/std-testing/poughkeepsie-ny/,3,,,55,no,not checked,
2026-10-05,std testing prairieville la,phone,std-city,/std-testing/prairieville-la/,/std-testing/baton-rouge-la/,19,4,,203,no,not checked,other page ranks
2026-10-05,std testing prairieville la,desktop,std-city,/std-testing/prairieville-la/,/std-testing/prairieville-la/,4,,,203,no,not checked,
2026-10-05,std testing prescott az,phone,std-city,/std-testing/prescott-az/,/std-testing/prescott-az/,4,4,,76,no,not checked,
2026-10-05,std testing prescott az,desktop,std-city,/std-testing/prescott-az/,/std-testing/prescott-valley-az/,21,,,76,no,not checked,
2026-10-05,std testing price,phone,std-pages,/std-test-pricing/,/std-testing/atlanta-ga/,4,2,,217,no,not checked,other page ranks
2026-10-05,std testing price,desktop,std-pages,/std-test-pricing/,/std-testing/atlanta-ga/,4,,,217,no,not checked,
2026-10-05,std testing princeton nj,phone,std-city,/std-testing/princeton-nj/,/std-testing/princeton-nj/,11,11,,115,no,not checked,
2026-10-05,std testing princeton nj,desktop,std-city,/std-testing/princeton-nj/,/std-testing/princeton-nj/,11,,,115,no,not checked,
2026-10-05,std testing process,phone,std-pages,/std-testing/,/std-testing/,9,10,,54,no,not checked,
2026-10-05,std testing process,desktop,std-pages,/std-testing/,/std-testing/,8,,,54,no,not checked,
2026-10-05,std testing providence ri,phone,std-city,/std-testing/rhode-island/,/std-testing/rhode-island/,4,4,,183,no,not checked,
2026-10-05,std testing providence ri,desktop,std-city,/std-testing/rhode-island/,/std-testing/rhode-island/,5,,,183,no,not checked,
2026-10-05,std testing pueblo co,phone,std-city,/std-testing/pueblo-co/,/std-testing/pueblo-co/,5,4,,104,no,not checked,
2026-10-05,std testing pueblo co,desktop,std-city,/std-testing/pueblo-co/,/std-testing/pueblo-co/,4,,,104,no,not checked,
2026-10-05,std testing puyallup,phone,std-city,/std-testing/washington/,/std-testing/puyallup-wa/,5,5,,136,no,not checked,
2026-10-05,std testing puyallup,desktop,std-city,/std-testing/washington/,/std-testing/puyallup-wa/,1,,,136,yes,no,
2026-10-05,std testing puyallup wa,phone,std-city,/std-testing/puyallup-wa/,/std-testing/puyallup-wa/,1,5,,132,yes,not checked,
2026-10-05,std testing puyallup wa,desktop,std-city,/std-testing/puyallup-wa/,/std-testing/puyallup-wa/,1,,,132,yes,not checked,
2026-10-05,std testing queens ny,phone,std-city,/std-testing/queens-ny/,/std-testing/queens-ny/,7,7,,122,no,not checked,
2026-10-05,std testing queens ny,desktop,std-city,/std-testing/queens-ny/,/std-testing/queens-ny/,7,,,122,no,not checked,
2026-10-05,std testing quincy ma,phone,std-city,/std-testing/quincy-ma/,/std-testing/quincy-ma/,4,4,,102,no,not checked,
2026-10-05,std testing quincy ma,desktop,std-city,/std-testing/quincy-ma/,/std-testing/quincy-ma/,4,,,102,no,not checked,
2026-10-05,std testing racine wi,phone,std-city,/std-testing/racine-wi/,/std-testing/racine-wi/,5,5,,112,no,not checked,
2026-10-05,std testing racine wi,desktop,std-city,/std-testing/racine-wi/,/std-testing/racine-wi/,6,,,112,no,not checked,
2026-10-05,std testing raleigh nc,phone,std-city,/std-testing/raleigh-nc/,/std-testing/raleigh-nc/,8,8,,349,no,not checked,
2026-10-05,std testing raleigh nc,desktop,std-city,/std-testing/raleigh-nc/,/std-testing/raleigh-nc/,8,,,349,no,not checked,
2026-10-05,std testing rancho cucamonga ca,phone,std-city,/std-testing/rancho-cucamonga-ca/,/std-testing/rancho-cucamonga-ca/,2,1,,126,no,not checked,
2026-10-05,std testing rancho cucamonga ca,desktop,std-city,/std-testing/rancho-cucamonga-ca/,/std-testing/rancho-cucamonga-ca/,1,,,126,no,not checked,
2026-10-05,std testing rapid city sd,phone,std-city,/std-testing/rapid-city-sd/,/std-testing/rapid-city-sd/,4,4,,120,no,not checked,
2026-10-05,std testing rapid city sd,desktop,std-city,/std-testing/rapid-city-sd/,/std-testing/rapid-city-sd/,3,,,120,no,not checked,
2026-10-05,std testing redding ca,phone,std-city,/std-testing/redding-ca/,/std-testing/redding-ca/,4,4,,70,yes,yes,
2026-10-05,std testing redding ca,desktop,std-city,/std-testing/redding-ca/,/std-testing/redding-ca/,4,,,70,yes,yes,
2026-10-05,std testing redmond wa,phone,std-city,/std-testing/redmond-wa/,/std-testing/redmond-wa/,7,5,,146,no,not checked,
2026-10-05,std testing redmond wa,desktop,std-city,/std-testing/redmond-wa/,/std-testing/redmond-wa/,3,,,146,no,yes,
2026-10-05,std testing redwood city ca,phone,std-city,/std-testing/redwood-city-ca/,/std-testing/walnut-creek-ca/,10,3,,99,no,not checked,other page ranks
2026-10-05,std testing redwood city ca,desktop,std-city,/std-testing/redwood-city-ca/,/std-testing/redwood-city-ca/,2,,,99,no,yes,
2026-10-05,std testing reno nv,phone,std-city,/std-testing/reno-nv/,/std-testing/reno-nv/,5,5,,143,no,not checked,
2026-10-05,std testing reno nv,desktop,std-city,/std-testing/reno-nv/,/std-testing/reno-nv/,5,,,143,no,not checked,
2026-10-05,std testing renton wa,phone,std-city,/std-testing/renton-wa/,/std-testing/renton-wa/,4,4,,103,no,not checked,
2026-10-05,std testing renton wa,desktop,std-city,/std-testing/renton-wa/,/std-testing/renton-wa/,23,,,103,no,not checked,
2026-10-05,std testing richardson tx,phone,std-city,/std-testing/richardson-tx/,/std-testing/richardson-tx/,4,4,,95,no,not checked,
2026-10-05,std testing richardson tx,desktop,std-city,/std-testing/richardson-tx/,/std-testing/richardson-tx/,4,,,95,no,not checked,
2026-10-05,std testing richmond va,phone,std-city,/std-testing/richmond-va/,/std-testing/richmond-va/,8,8,,151,no,not checked,
2026-10-05,std testing richmond va,desktop,std-city,/std-testing/richmond-va/,/std-testing/richmond-va/,9,,,151,no,not checked,
2026-10-05,std testing rio rancho nm,phone,std-city,/std-testing/rio-rancho-nm/,/std-testing/rio-rancho-nm/,5,4,,45,no,not checked,
2026-10-05,std testing rio rancho nm,desktop,std-city,/std-testing/rio-rancho-nm/,/std-testing/rio-rancho-nm/,5,,,45,no,not checked,
2026-10-05,std testing riverdale ga,phone,std-city,/std-testing/riverdale-ga/,/std-testing/riverdale-ga/,6,4,,159,no,not checked,
2026-10-05,std testing riverdale ga,desktop,std-city,/std-testing/riverdale-ga/,/std-testing/riverdale-ga/,5,,,159,no,no,
2026-10-05,std testing riverside ca,phone,std-city,/std-testing/riverside-ca/,/std-testing/riverside-ca/,6,6,,124,no,not checked,
2026-10-05,std testing riverside ca,desktop,std-city,/std-testing/riverside-ca/,/std-testing/riverside-ca/,6,,,124,no,not checked,
2026-10-05,std testing riverview fl,phone,std-city,/std-testing/riverview-fl/,/std-testing/riverview-fl/,4,4,,156,no,not checked,
2026-10-05,std testing riverview fl,desktop,std-city,/std-testing/riverview-fl/,/std-testing/riverview-fl/,4,,,156,no,not checked,
2026-10-05,std testing rochester ny,phone,std-city,/std-testing/rochester-ny/,/std-testing/rochester-ny/,8,8,,337,no,not checked,
2026-10-05,std testing rochester ny,desktop,std-city,/std-testing/rochester-ny/,/std-testing/rochester-ny/,8,,,337,no,not checked,
2026-10-05,std testing rock hill sc,phone,std-city,/std-testing/rock-hill-sc/,/std-testing/rock-hill-sc/,4,4,,107,yes,not checked,
2026-10-05,std testing rock hill sc,desktop,std-city,/std-testing/rock-hill-sc/,/std-testing/rock-hill-sc/,1,,,107,yes,not checked,
2026-10-05,std testing rocklin,phone,std-city,/std-testing/rocklin-ca/,/std-testing/rocklin-ca/,4,4,,168,no,not checked,
2026-10-05,std testing rocklin,desktop,std-city,/std-testing/rocklin-ca/,/std-testing/rocklin-ca/,4,,,168,no,not checked,
2026-10-05,std testing rockville,phone,std-city,/std-testing/rockville-md/,/std-testing/rockville-md/,8,8,,159,no,not checked,
2026-10-05,std testing rockville,desktop,std-city,/std-testing/rockville-md/,/std-testing/rockville-md/,8,,,159,no,not checked,
2026-10-05,std testing rockwall tx,phone,std-city,/std-testing/rockwall-tx/,/std-testing/rockwall-tx/,4,4,,86,no,not checked,
2026-10-05,std testing rockwall tx,desktop,std-city,/std-testing/rockwall-tx/,/std-testing/rockwall-tx/,4,,,86,no,not checked,
2026-10-05,std testing rome ga,phone,std-city,/std-testing/rome-ga/,/std-testing/rome-ga/,4,4,,119,no,not checked,
2026-10-05,std testing rome ga,desktop,std-city,/std-testing/rome-ga/,/std-testing/rome-ga/,4,,,119,no,not checked,
2026-10-05,std testing roseville ca,phone,std-city,/std-testing/roseville-ca/,/std-testing/roseville-ca/,6,6,,104,no,not checked,
2026-10-05,std testing roseville ca,desktop,std-city,/std-testing/roseville-ca/,/std-testing/roseville-ca/,6,,,104,no,not checked,
2026-10-05,std testing roswell ga,phone,std-city,/std-testing/roswell-ga/,/std-testing/roswell-ga/,6,7,,97,no,not checked,
2026-10-05,std testing roswell ga,desktop,std-city,/std-testing/roswell-ga/,/std-testing/roswell-ga/,3,,,97,no,yes,
2026-10-05,std testing round rock tx,phone,std-city,/std-testing/round-rock-tx/,/std-testing/round-rock-tx/,4,4,,150,no,not checked,
2026-10-05,std testing round rock tx,desktop,std-city,/std-testing/round-rock-tx/,/std-testing/round-rock-tx/,4,,,150,no,not checked,
2026-10-05,std testing rowlett,phone,std-city,/std-testing/rowlett-tx/,/std-testing/rowlett-tx/,4,5,,185,no,not checked,
2026-10-05,std testing rowlett,desktop,std-city,/std-testing/rowlett-tx/,/std-testing/rowlett-tx/,4,,,185,no,not checked,
2026-10-05,std testing royal oak,phone,std-city,/std-testing/royal-oak-mi/,/std-testing/royal-oak-mi/,6,4,,154,no,not checked,
2026-10-05,std testing royal oak,desktop,std-city,/std-testing/royal-oak-mi/,/std-testing/royal-oak-mi/,4,,,154,no,not checked,
2026-10-05,std testing ruston la,phone,std-city,/std-testing/ruston-la/,/std-testing/ruston-la/,5,5,,216,no,not checked,
2026-10-05,std testing ruston la,desktop,std-city,/std-testing/ruston-la/,/std-testing/ruston-la/,4,,,216,no,not checked,
2026-10-05,std testing saginaw mi,phone,std-city,/std-testing/saginaw-mi/,/std-testing/saginaw-mi/,6,6,,194,no,not checked,
2026-10-05,std testing saginaw mi,desktop,std-city,/std-testing/saginaw-mi/,/std-testing/saginaw-mi/,6,,,194,no,not checked,
2026-10-05,std testing salem or,phone,std-city,/std-testing/salem-or/,/std-testing/salem-or/,4,6,,103,no,not checked,
2026-10-05,std testing salem or,desktop,std-city,/std-testing/salem-or/,/std-testing/salem-or/,6,,,103,no,not checked,
2026-10-05,std testing salt lake city ut,phone,std-city,/std-testing/utah/,/std-testing/utah/,5,7,,218,no,not checked,
2026-10-05,std testing salt lake city ut,desktop,std-city,/std-testing/utah/,/std-testing/utah/,7,,,218,no,not checked,
2026-10-05,std testing san angelo tx,phone,std-city,/std-testing/san-angelo-tx/,/std-testing/san-angelo-tx/,6,6,,43,no,not checked,
2026-10-05,std testing san angelo tx,desktop,std-city,/std-testing/san-angelo-tx/,/std-testing/san-angelo-tx/,6,,,43,no,not checked,
2026-10-05,std testing san bernardino ca,phone,std-city,/std-testing/san-bernardino-ca/,/std-testing/san-bernardino-ca/,6,6,,204,no,not checked,
2026-10-05,std testing san bernardino ca,desktop,std-city,/std-testing/san-bernardino-ca/,/std-testing/san-bernardino-ca/,6,,,204,no,not checked,
2026-10-05,std testing san clemente ca,phone,std-city,/std-testing/san-clemente-ca/,/std-testing/san-clemente-ca/,1,4,,101,no,not checked,
2026-10-05,std testing san clemente ca,desktop,std-city,/std-testing/san-clemente-ca/,/std-testing/san-clemente-ca/,4,,,101,no,not checked,
2026-10-05,std testing san francisco ca,phone,std-city,/std-testing/san-francisco-ca/,/std-testing/san-francisco-ca/,7,7,,149,no,not checked,
2026-10-05,std testing san francisco ca,desktop,std-city,/std-testing/san-francisco-ca/,/std-testing/south-san-francisco-ca/,1,,,149,yes,no,
2026-10-05,std testing san gabriel,phone,std-city,/std-testing/san-gabriel-ca/,/std-testing/san-gabriel-ca/,4,2,,187,no,not checked,
2026-10-05,std testing san gabriel,desktop,std-city,/std-testing/san-gabriel-ca/,/std-testing/san-gabriel-ca/,4,,,187,no,not checked,
2026-10-05,std testing san marcos tx,phone,std-city,/std-testing/san-marcos-tx/,/std-testing/san-marcos-tx/,4,4,,170,no,not checked,
2026-10-05,std testing san marcos tx,desktop,std-city,/std-testing/san-marcos-tx/,/std-testing/san-marcos-tx/,4,,,170,no,not checked,
2026-10-05,std testing san rafael,phone,std-city,/std-testing/san-rafael-ca/,/std-testing/san-rafael-ca/,7,7,,95,no,not checked,
2026-10-05,std testing san rafael,desktop,std-city,/std-testing/san-rafael-ca/,/std-testing/san-rafael-ca/,4,,,95,no,not checked,
2026-10-05,std testing san rafael ca,phone,std-city,/std-testing/san-rafael-ca/,/std-testing/san-rafael-ca/,6,7,,78,no,not checked,
2026-10-05,std testing san rafael ca,desktop,std-city,/std-testing/san-rafael-ca/,/std-testing/san-rafael-ca/,1,,,78,yes,no,
2026-10-05,std testing san ramon ca,phone,std-city,/std-testing/san-ramon-ca/,/std-testing/san-ramon-ca/,4,4,,115,no,not checked,
2026-10-05,std testing san ramon ca,desktop,std-city,/std-testing/san-ramon-ca/,/std-testing/san-ramon-ca/,4,,,115,no,not checked,
2026-10-05,std testing sandy springs ga,phone,std-city,/std-testing/sandy-springs-ga/,/std-testing/sandy-springs-ga/,4,4,,102,no,not checked,
2026-10-05,std testing sandy springs ga,desktop,std-city,/std-testing/sandy-springs-ga/,/std-testing/sandy-springs-ga/,4,,,102,no,not checked,
2026-10-05,std testing santa ana ca,phone,std-city,/std-testing/santa-ana-ca/,/std-testing/santa-ana-ca/,5,5,,125,no,not checked,
2026-10-05,std testing santa ana ca,desktop,std-city,/std-testing/santa-ana-ca/,/std-testing/santa-ana-ca/,5,,,125,no,not checked,
2026-10-05,std testing santa barbara ca,phone,std-city,/std-testing/santa-barbara-ca/,/std-testing/orcutt-ca/,1,1,,174,yes,yes,other page ranks
2026-10-05,std testing santa barbara ca,desktop,std-city,/std-testing/santa-barbara-ca/,/std-testing/orcutt-ca/,1,,,174,yes,yes,
2026-10-05,std testing santa clara ca,phone,std-city,/std-testing/santa-clara-ca/,/std-testing/santa-clara-ca/,7,7,,280,no,not checked,
2026-10-05,std testing santa clara ca,desktop,std-city,/std-testing/santa-clara-ca/,/std-testing/santa-clara-ca/,7,,,280,no,not checked,
2026-10-05,std testing santa fe nm,phone,std-city,/std-testing/santa-fe-nm/,/std-testing/santa-fe-nm/,6,11,,123,no,not checked,
2026-10-05,std testing santa fe nm,desktop,std-city,/std-testing/santa-fe-nm/,/std-testing/santa-fe-nm/,6,,,123,no,not checked,
2026-10-05,std testing santa maria ca,phone,std-city,/std-testing/santa-maria-ca/,/std-testing/santa-maria-ca/,5,5,,86,no,not checked,
2026-10-05,std testing santa maria ca,desktop,std-city,/std-testing/santa-maria-ca/,/std-testing/santa-maria-ca/,2,,,86,no,not checked,
2026-10-05,std testing santa monica ca,phone,std-city,/std-testing/santa-monica-ca/,/std-testing/santa-monica-ca/,25,5,,58,no,not checked,
2026-10-05,std testing santa monica ca,desktop,std-city,/std-testing/santa-monica-ca/,/std-testing/santa-monica-ca/,5,,,58,no,not checked,
2026-10-05,std testing sarasota fl,phone,std-city,/std-testing/sarasota-fl/,/std-testing/sarasota-fl/,8,8,,117,no,not checked,
2026-10-05,std testing sarasota fl,desktop,std-city,/std-testing/sarasota-fl/,/std-testing/sarasota-fl/,8,,,117,no,not checked,
2026-10-05,std testing saratoga springs ny,phone,std-city,/std-testing/saratoga-springs-ny/,/std-testing/saratoga-springs-ny/,5,5,,186,no,not checked,
2026-10-05,std testing saratoga springs ny,desktop,std-city,/std-testing/saratoga-springs-ny/,/std-testing/saratoga-springs-ny/,3,,,186,no,not checked,
2026-10-05,std testing schaumburg,phone,std-city,/std-testing/schaumburg-il/,/std-testing/schaumburg-il/,4,4,,169,no,not checked,
2026-10-05,std testing schaumburg,desktop,std-city,/std-testing/schaumburg-il/,/std-testing/schaumburg-il/,4,,,169,no,not checked,
2026-10-05,std testing schenectady,phone,std-city,/std-testing/schenectady-ny/,/std-testing/schenectady-ny/,6,6,,212,no,not checked,
2026-10-05,std testing schenectady,desktop,std-city,/std-testing/schenectady-ny/,/std-testing/schenectady-ny/,7,,,212,no,not checked,
2026-10-05,std testing schertz tx,phone,std-city,/std-testing/schertz-tx/,/std-testing/schertz-tx/,4,5,,132,no,not checked,
2026-10-05,std testing schertz tx,desktop,std-city,/std-testing/schertz-tx/,/std-testing/schertz-tx/,2,,,132,no,not checked,
2026-10-05,std testing scranton pa,phone,std-city,/std-testing/scranton-pa/,/std-testing/scranton-pa/,4,4,,119,no,not checked,
2026-10-05,std testing scranton pa,desktop,std-city,/std-testing/scranton-pa/,/std-testing/scranton-pa/,4,,,119,no,not checked,
2026-10-05,std testing sedalia mo,phone,std-city,/std-testing/sedalia-mo/,/std-testing/sedalia-mo/,4,4,,75,no,not checked,
2026-10-05,std testing sedalia mo,desktop,std-city,/std-testing/sedalia-mo/,/std-testing/sedalia-mo/,2,,,75,no,no,
2026-10-05,std testing shawnee ks,phone,std-city,/std-testing/shawnee-ks/,/std-testing/shawnee-ks/,5,5,,209,no,not checked,
2026-10-05,std testing shawnee ks,desktop,std-city,/std-testing/shawnee-ks/,/std-testing/shawnee-ks/,5,,,209,no,not checked,
2026-10-05,std testing shelton,phone,std-city,/std-testing/shelton-ct/,/std-testing/shelton-ct/,5,5,,140,no,not checked,
2026-10-05,std testing shelton,desktop,std-city,/std-testing/shelton-ct/,/std-testing/shelton-ct/,5,,,140,no,not checked,
2026-10-05,std testing sherman tx,phone,std-city,/std-testing/sherman-tx/,/std-testing/sherman-tx/,7,7,,128,no,not checked,
2026-10-05,std testing sherman tx,desktop,std-city,/std-testing/sherman-tx/,/std-testing/sherman-tx/,7,,,128,no,not checked,
2026-10-05,std testing shoreline,phone,std-city,/std-testing/shoreline-wa/,/std-testing/shoreline-wa/,5,5,,166,no,not checked,
2026-10-05,std testing shoreline,desktop,std-city,/std-testing/shoreline-wa/,/std-testing/seatac-wa/,4,,,166,no,not checked,
2026-10-05,std testing shoreline wa,phone,std-city,/std-testing/shoreline-wa/,/std-testing/shoreline-wa/,5,4,,182,no,not checked,
2026-10-05,std testing shoreline wa,desktop,std-city,/std-testing/shoreline-wa/,/std-testing/shoreline-wa/,1,,,182,no,not checked,
2026-10-05,std testing shreveport la,phone,std-city,/std-testing/shreveport-la/,/std-testing/louisiana/,19,4,,209,no,not checked,other page ranks
2026-10-05,std testing shreveport la,desktop,std-city,/std-testing/shreveport-la/,/std-testing/shreveport-la/,4,,,209,no,not checked,
2026-10-05,std testing sierra vista,phone,std-city,/std-testing/sierra-vista-az/,/std-testing/sierra-vista-az/,2,5,,108,no,not checked,
2026-10-05,std testing sierra vista,desktop,std-city,/std-testing/sierra-vista-az/,/std-testing/sierra-vista-az/,5,,,108,no,not checked,
2026-10-05,std testing silver spring md,phone,std-city,/std-testing/silver-spring-md/,/std-testing/silver-spring-md/,6,6,,89,no,not checked,
2026-10-05,std testing silver spring md,desktop,std-city,/std-testing/silver-spring-md/,/std-testing/silver-spring-md/,6,,,89,no,not checked,
2026-10-05,std testing sioux city ia,phone,std-city,/std-testing/sioux-city-ia/,/std-testing/sioux-city-ia/,5,5,,35,no,not checked,
2026-10-05,std testing sioux city ia,desktop,std-city,/std-testing/sioux-city-ia/,/std-testing/sioux-city-ia/,24,,,35,no,not checked,
2026-10-05,std testing sioux falls sd,phone,std-city,/std-testing/sioux-falls-sd/,/std-testing/sioux-falls-sd/,7,7,,140,no,not checked,
2026-10-05,std testing sioux falls sd,desktop,std-city,/std-testing/sioux-falls-sd/,/std-testing/sioux-falls-sd/,1,,,140,yes,not checked,
2026-10-05,std testing skokie,phone,std-city,/std-testing/skokie-il/,/std-testing/skokie-il/,5,5,,166,no,not checked,
2026-10-05,std testing skokie,desktop,std-city,/std-testing/skokie-il/,/std-testing/skokie-il/,2,,,166,no,not checked,
2026-10-05,std testing skokie il,phone,std-city,/std-testing/skokie-il/,/std-testing/skokie-il/,4,3,,129,no,not checked,
2026-10-05,std testing skokie il,desktop,std-city,/std-testing/skokie-il/,/std-testing/skokie-il/,2,,,129,no,yes,
2026-10-05,std testing slidell la,phone,std-city,/std-testing/slidell-la/,/std-testing/slidell-la/,4,4,,106,no,not checked,
2026-10-05,std testing slidell la,desktop,std-city,/std-testing/slidell-la/,/std-testing/slidell-la/,4,,,106,no,not checked,
2026-10-05,std testing somerville ma,phone,std-city,/std-testing/somerville-ma/,/std-testing/somerville-ma/,4,4,,131,no,not checked,
2026-10-05,std testing somerville ma,desktop,std-city,/std-testing/somerville-ma/,/std-testing/somerville-ma/,2,,,131,no,not checked,
2026-10-05,std testing southlake tx,phone,std-city,/std-testing/southlake-tx/,/std-testing/southlake-tx/,5,5,,131,no,not checked,
2026-10-05,std testing southlake tx,desktop,std-city,/std-testing/southlake-tx/,/std-testing/southlake-tx/,5,,,131,no,not checked,
2026-10-05,std testing sparks nv,phone,std-city,/std-testing/sparks-nv/,/std-testing/sparks-nv/,2,2,,131,no,not checked,
2026-10-05,std testing sparks nv,desktop,std-city,/std-testing/sparks-nv/,/std-testing/sparks-nv/,1,,,131,no,no,
2026-10-05,std testing spartanburg sc,phone,std-city,/std-testing/spartanburg-sc/,/std-testing/spartanburg-sc/,5,5,,102,no,not checked,
2026-10-05,std testing spartanburg sc,desktop,std-city,/std-testing/spartanburg-sc/,/std-testing/spartanburg-sc/,5,,,102,no,not checked,
2026-10-05,std testing springfield il,phone,std-city,/std-testing/springfield-il/,/std-testing/springfield-il/,6,6,,137,no,not checked,
2026-10-05,std testing springfield il,desktop,std-city,/std-testing/springfield-il/,/std-testing/springfield-il/,25,,,137,no,not checked,
2026-10-05,std testing st augustine fl,phone,std-city,/std-testing/st-augustine-fl/,/std-testing/st-augustine-fl/,5,4,,45,no,not checked,
2026-10-05,std testing st augustine fl,desktop,std-city,/std-testing/st-augustine-fl/,/std-testing/st-augustine-fl/,5,,,45,no,not checked,
2026-10-05,std testing st charles mo,phone,std-city,/std-testing/ofallon-mo/,/std-testing/ofallon-mo/,7,7,,159,no,not checked,
2026-10-05,std testing st charles mo,desktop,std-city,/std-testing/ofallon-mo/,/std-testing/ofallon-mo/,5,,,159,no,not checked,
2026-10-05,std testing st cloud mn,phone,std-city,/std-testing/st-cloud-mn/,/std-testing/st-cloud-mn/,5,5,,74,no,not checked,
2026-10-05,std testing st cloud mn,desktop,std-city,/std-testing/st-cloud-mn/,/std-testing/st-cloud-mn/,5,,,74,no,not checked,
2026-10-05,std testing st george ut,phone,std-city,/std-testing/st-george-ut/,/std-testing/st-george-ut/,2,4,,60,no,not checked,
2026-10-05,std testing st george ut,desktop,std-city,/std-testing/st-george-ut/,/std-testing/st-george-ut/,1,,,60,no,not checked,
2026-10-05,std testing st joseph mo,phone,std-city,/std-testing/st-joseph-mo/,/std-testing/st-joseph-mo/,4,24,,51,no,not checked,
2026-10-05,std testing st joseph mo,desktop,std-city,/std-testing/st-joseph-mo/,/std-testing/st-joseph-mo/,4,,,51,no,not checked,
2026-10-05,std testing st peters mo,phone,std-city,/std-testing/st-peters-mo/,/std-testing/st-peters-mo/,6,6,,185,no,not checked,
2026-10-05,std testing st peters mo,desktop,std-city,/std-testing/st-peters-mo/,/std-testing/st-peters-mo/,6,,,185,no,not checked,
2026-10-05,std testing stamford ct,phone,std-city,/std-testing/stamford-ct/,/std-testing/stamford-ct/,6,6,,118,no,not checked,
2026-10-05,std testing stamford ct,desktop,std-city,/std-testing/stamford-ct/,/std-testing/connecticut/,1,,,118,yes,not checked,
2026-10-05,std testing staten island ny,phone,std-city,/std-testing/staten-island-ny/,/std-testing/staten-island-ny/,4,4,,118,no,not checked,
2026-10-05,std testing staten island ny,desktop,std-city,/std-testing/staten-island-ny/,/std-testing/staten-island-ny/,4,,,118,no,not checked,
2026-10-05,std testing statesboro ga,phone,std-city,/std-testing/statesboro-ga/,/std-testing/statesboro-ga/,5,5,,54,no,not checked,
2026-10-05,std testing statesboro ga,desktop,std-city,/std-testing/statesboro-ga/,/std-testing/statesboro-ga/,5,,,54,no,not checked,
2026-10-05,std testing stillwater ok,phone,std-city,/std-testing/stillwater-ok/,/std-testing/stillwater-ok/,4,4,,128,no,not checked,
2026-10-05,std testing stillwater ok,desktop,std-city,/std-testing/stillwater-ok/,/std-testing/stillwater-ok/,4,,,128,no,not checked,
2026-10-05,std testing stockbridge ga,phone,std-city,/std-testing/stockbridge-ga/,/std-testing/stockbridge-ga/,25,5,,142,no,not checked,
2026-10-05,std testing stockbridge ga,desktop,std-city,/std-testing/stockbridge-ga/,/std-testing/stockbridge-ga/,5,,,142,no,not checked,
2026-10-05,std testing stockton ca,phone,std-city,/std-testing/stockton-ca/,/std-testing/stockton-ca/,6,6,,42,no,not checked,
2026-10-05,std testing stockton ca,desktop,std-city,/std-testing/stockton-ca/,/std-testing/stockton-ca/,6,,,42,no,not checked,
2026-10-05,std testing suffolk va,phone,std-city,/std-testing/suffolk-va/,/std-testing/suffolk-va/,5,5,,94,no,not checked,
2026-10-05,std testing suffolk va,desktop,std-city,/std-testing/suffolk-va/,/std-testing/suffolk-va/,5,,,94,no,not checked,
2026-10-05,std testing sugar land tx,phone,std-city,/std-testing/sugar-land-tx/,/std-testing/sugar-land-tx/,9,9,,87,no,not checked,
2026-10-05,std testing sugar land tx,desktop,std-city,/std-testing/sugar-land-tx/,/std-testing/sugar-land-tx/,8,,,87,no,not checked,
2026-10-05,std testing summerville sc,phone,std-city,/std-testing/summerville-sc/,/std-testing/summerville-sc/,5,5,,212,no,not checked,
2026-10-05,std testing summerville sc,desktop,std-city,/std-testing/summerville-sc/,/std-testing/summerville-sc/,5,,,212,no,not checked,
2026-10-05,std testing surprise az,phone,std-city,/std-testing/surprise-az/,/std-testing/surprise-az/,5,5,,150,no,not checked,
2026-10-05,std testing surprise az,desktop,std-city,/std-testing/surprise-az/,/std-testing/surprise-az/,3,,,150,no,not checked,
2026-10-05,std testing syracuse ny,phone,std-city,/std-testing/syracuse-ny/,/std-testing/syracuse-ny/,7,7,,169,no,not checked,
2026-10-05,std testing syracuse ny,desktop,std-city,/std-testing/syracuse-ny/,/std-testing/syracuse-ny/,7,,,169,no,not checked,
2026-10-05,std testing tacoma wa,phone,std-city,/std-testing/tacoma-wa/,/std-testing/tacoma-wa/,8,8,,205,no,not checked,
2026-10-05,std testing tacoma wa,desktop,std-city,/std-testing/tacoma-wa/,/std-testing/tacoma-wa/,8,,,205,no,not checked,
2026-10-05,std testing tallahassee fl,phone,std-city,/std-testing/tallahassee-fl/,/std-testing/tallahassee-fl/,5,5,,64,no,not checked,
2026-10-05,std testing tallahassee fl,desktop,std-city,/std-testing/tallahassee-fl/,/std-testing/tallahassee-fl/,5,,,64,no,not checked,
2026-10-05,std testing tamarac,phone,std-city,/std-testing/tamarac-fl/,/std-testing/tamarac-fl/,4,4,,169,no,not checked,
2026-10-05,std testing tamarac,desktop,std-city,/std-testing/tamarac-fl/,/std-testing/tamarac-fl/,4,,,169,no,not checked,
2026-10-05,std testing tampa fl,phone,std-city,/std-testing/tampa-fl/,/std-testing/tampa-fl/,7,7,,117,no,not checked,
2026-10-05,std testing tampa fl,desktop,std-city,/std-testing/tampa-fl/,/std-testing/tampa-fl/,8,,,117,no,not checked,
2026-10-05,std testing taylor mi,phone,std-city,/std-testing/taylor-mi/,/std-testing/taylor-mi/,4,4,,145,no,not checked,
2026-10-05,std testing taylor mi,desktop,std-city,/std-testing/taylor-mi/,/std-testing/taylor-mi/,4,,,145,no,not checked,
2026-10-05,std testing temecula ca,phone,std-city,/std-testing/temecula-ca/,/std-testing/temecula-ca/,4,4,,107,no,not checked,
2026-10-05,std testing temecula ca,desktop,std-city,/std-testing/temecula-ca/,/std-testing/temecula-ca/,4,,,107,no,not checked,
2026-10-05,std testing tempe az,phone,std-city,/std-testing/tempe-az/,/std-testing/tempe-az/,5,6,,118,no,not checked,
2026-10-05,std testing tempe az,desktop,std-city,/std-testing/tempe-az/,/std-testing/tempe-az/,5,,,118,no,not checked,
2026-10-05,std testing temple tx,phone,std-city,/std-testing/temple-tx/,/std-testing/temple-tx/,24,4,,72,no,not checked,
2026-10-05,std testing temple tx,desktop,std-city,/std-testing/temple-tx/,/std-testing/killeen-tx/,5,,,72,no,not checked,
2026-10-05,std testing texarkana tx,phone,std-city,/std-testing/texarkana-ar/,/std-testing/texarkana-tx/,4,4,,148,no,not checked,
2026-10-05,std testing texarkana tx,desktop,std-city,/std-testing/texarkana-ar/,/std-testing/texarkana-tx/,1,,,148,no,yes,
2026-10-05,std testing texas city tx,phone,std-city,/std-testing/texas-city-tx/,/std-testing/texas-city-tx/,5,5,,192,no,not checked,
2026-10-05,std testing texas city tx,desktop,std-city,/std-testing/texas-city-tx/,/std-testing/texas-city-tx/,5,,,192,no,not checked,
2026-10-05,std testing the villages fl,phone,std-city,/std-testing/the-villages-fl/,/std-testing/oak-ridge-fl/,11,5,,131,no,not checked,other page ranks
2026-10-05,std testing the villages fl,desktop,std-city,/std-testing/the-villages-fl/,/std-testing/the-villages-fl/,4,,,131,no,not checked,
2026-10-05,std testing thornton co,phone,std-city,/std-testing/thornton-co/,/std-testing/thornton-co/,5,5,,112,no,not checked,
2026-10-05,std testing thornton co,desktop,std-city,/std-testing/thornton-co/,/std-testing/thornton-co/,4,,,112,no,not checked,
2026-10-05,std testing thousand oaks ca,phone,std-city,/std-testing/thousand-oaks-ca/,/std-testing/thousand-oaks-ca/,4,4,,74,no,not checked,
2026-10-05,std testing thousand oaks ca,desktop,std-city,/std-testing/thousand-oaks-ca/,/std-testing/thousand-oaks-ca/,4,,,74,no,not checked,
2026-10-05,std testing tigard,phone,std-city,/std-testing/tigard-or/,/std-testing/tigard-or/,4,4,,120,no,not checked,
2026-10-05,std testing tigard,desktop,std-city,/std-testing/tigard-or/,/std-testing/mcminnville-or/,7,,,120,no,not checked,
2026-10-05,std testing tigard or,phone,std-city,/std-testing/tigard-or/,/std-testing/tigard-or/,1,4,,111,no,not checked,
2026-10-05,std testing tigard or,desktop,std-city,/std-testing/tigard-or/,/std-testing/tigard-or/,1,,,111,no,not checked,
2026-10-05,std testing tinley park,phone,std-city,/std-testing/tinley-park-il/,/std-testing/new-lenox-il/,5,7,,105,no,not checked,other page ranks
2026-10-05,std testing tinley park,desktop,std-city,/std-testing/tinley-park-il/,/std-testing/tinley-park-il/,7,,,105,no,not checked,
2026-10-05,std testing titusville,phone,std-city,/std-testing/titusville-fl/,/std-testing/titusville-fl/,5,5,,197,no,not checked,
2026-10-05,std testing titusville,desktop,std-city,/std-testing/titusville-fl/,/std-testing/titusville-fl/,5,,,197,no,not checked,
2026-10-05,std testing tomball tx,phone,std-city,/std-testing/tomball-tx/,/std-testing/tomball-tx/,4,3,,38,no,not checked,
2026-10-05,std testing tomball tx,desktop,std-city,/std-testing/tomball-tx/,/std-testing/tomball-tx/,4,,,38,no,not checked,
2026-10-05,std testing topeka ks,phone,std-city,/std-testing/topeka-ks/,/std-testing/topeka-ks/,6,6,,123,no,not checked,
2026-10-05,std testing topeka ks,desktop,std-city,/std-testing/topeka-ks/,/std-testing/derby-ks/,11,,,123,no,not checked,
2026-10-05,std testing torrance ca,phone,std-city,/std-testing/torrance-ca/,/std-testing/torrance-ca/,5,7,,85,no,not checked,
2026-10-05,std testing torrance ca,desktop,std-city,/std-testing/torrance-ca/,/std-testing/torrance-ca/,5,,,85,no,not checked,
2026-10-05,std testing tracy ca,phone,std-city,/std-testing/tracy-ca/,/std-testing/tracy-ca/,5,5,,59,no,not checked,
2026-10-05,std testing tracy ca,desktop,std-city,/std-testing/tracy-ca/,/std-testing/tracy-ca/,2,,,59,no,not checked,
2026-10-05,std testing trenton nj,phone,std-city,/std-testing/trenton-nj/,/std-testing/trenton-nj/,4,5,,108,no,not checked,
2026-10-05,std testing trenton nj,desktop,std-city,/std-testing/trenton-nj/,/std-testing/trenton-nj/,5,,,108,no,no,
2026-10-05,std testing tucson az,phone,std-city,/std-testing/tucson-az/,/std-testing/tucson-az/,5,5,,161,no,not checked,
2026-10-05,std testing tucson az,desktop,std-city,/std-testing/tucson-az/,/std-testing/tucson-az/,5,,,161,no,not checked,
2026-10-05,std testing tulsa ok,phone,std-city,/std-testing/tulsa-ok/,/std-testing/tulsa-ok/,1,1,,99,yes,not checked,
2026-10-05,std testing tulsa ok,desktop,std-city,/std-testing/tulsa-ok/,/std-testing/tulsa-ok/,8,,,99,no,not checked,
2026-10-05,std testing turlock ca,phone,std-city,/std-testing/turlock-ca/,/std-testing/turlock-ca/,4,4,,115,no,not checked,
2026-10-05,std testing turlock ca,desktop,std-city,/std-testing/turlock-ca/,/std-testing/turlock-ca/,4,,,115,no,not checked,
2026-10-05,std testing tuscaloosa al,phone,std-city,/std-testing/tuscaloosa-al/,/std-testing/tuscaloosa-al/,4,4,,107,no,not checked,
2026-10-05,std testing tuscaloosa al,desktop,std-city,/std-testing/tuscaloosa-al/,/std-testing/tuscaloosa-al/,4,,,107,no,not checked,
2026-10-05,std testing tustin ca,phone,std-city,/std-testing/tustin-ca/,/std-testing/tustin-ca/,5,5,,188,no,not checked,
2026-10-05,std testing tustin ca,desktop,std-city,/std-testing/tustin-ca/,/std-testing/tustin-ca/,5,,,188,no,not checked,
2026-10-05,std testing tyler tx,phone,std-city,/std-testing/tyler-tx/,/std-testing/tyler-tx/,4,4,,174,no,not checked,
2026-10-05,std testing tyler tx,desktop,std-city,/std-testing/tyler-tx/,/std-testing/tyler-tx/,4,,,174,no,not checked,
2026-10-05,std testing union city ca,phone,std-city,/std-testing/union-city-ca/,/std-testing/union-city-ca/,4,4,,164,no,not checked,
2026-10-05,std testing union city ca,desktop,std-city,/std-testing/union-city-ca/,/std-testing/union-city-ca/,1,,,164,no,not checked,
2026-10-05,std testing upland ca,phone,std-city,/std-testing/upland-ca/,/std-testing/upland-ca/,6,5,,193,no,not checked,
2026-10-05,std testing upland ca,desktop,std-city,/std-testing/upland-ca/,/std-testing/upland-ca/,5,,,193,no,not checked,
2026-10-05,std testing urbandale,phone,std-city,/std-testing/urbandale-ia/,/std-testing/urbandale-ia/,2,2,,182,no,not checked,
2026-10-05,std testing urbandale,desktop,std-city,/std-testing/urbandale-ia/,/std-testing/urbandale-ia/,23,,,182,no,not checked,
2026-10-05,std testing utica ny,phone,std-city,/std-testing/utica-ny/,/std-testing/utica-ny/,2,4,,40,no,not checked,
2026-10-05,std testing utica ny,desktop,std-city,/std-testing/utica-ny/,/std-testing/utica-ny/,1,,,40,no,not checked,
2026-10-05,std testing vacaville ca,phone,std-city,/std-testing/vacaville-ca/,/std-testing/vacaville-ca/,6,6,,77,no,not checked,
2026-10-05,std testing vacaville ca,desktop,std-city,/std-testing/vacaville-ca/,/std-testing/vacaville-ca/,6,,,77,no,not checked,
2026-10-05,std testing vancouver wa,phone,std-city,/std-testing/vancouver-wa/,/std-testing/vancouver-wa/,6,6,,191,no,not checked,
2026-10-05,std testing vancouver wa,desktop,std-city,/std-testing/vancouver-wa/,/std-testing/vancouver-wa/,6,,,191,no,not checked,
2026-10-05,std testing ventura ca,phone,std-city,/std-testing/ventura-ca/,/std-testing/ventura-ca/,5,5,,204,no,not checked,
2026-10-05,std testing ventura ca,desktop,std-city,/std-testing/ventura-ca/,/std-testing/oxnard-ca/,18,,,204,no,no,
2026-10-05,std testing victorville ca,phone,std-city,/std-testing/victorville-ca/,/std-testing/victorville-ca/,5,5,,78,no,not checked,
2026-10-05,std testing victorville ca,desktop,std-city,/std-testing/victorville-ca/,/std-testing/victorville-ca/,6,,,78,no,not checked,
2026-10-05,std testing vineland nj,phone,std-city,/std-testing/vineland-nj/,/std-testing/vineland-nj/,5,5,,104,no,not checked,
2026-10-05,std testing vineland nj,desktop,std-city,/std-testing/vineland-nj/,/std-testing/vineland-nj/,5,,,104,no,not checked,
2026-10-05,std testing virginia beach va,phone,std-city,/std-testing/virginia-beach-va/,/std-testing/virginia-beach-va/,7,7,,65,no,not checked,
2026-10-05,std testing virginia beach va,desktop,std-city,/std-testing/virginia-beach-va/,/std-testing/virginia-beach-va/,7,,,65,no,not checked,
2026-10-05,std testing vista ca,phone,std-city,/std-testing/vista-ca/,/std-testing/vista-ca/,4,4,,91,no,not checked,
2026-10-05,std testing vista ca,desktop,std-city,/std-testing/vista-ca/,/std-testing/vista-ca/,4,,,91,no,not checked,
2026-10-05,std testing waco tx,phone,std-city,/std-testing/waco-tx/,/std-testing/waco-tx/,26,7,,53,no,not checked,
2026-10-05,std testing waco tx,desktop,std-city,/std-testing/waco-tx/,/std-testing/waco-tx/,7,,,53,no,not checked,
2026-10-05,std testing waldorf md,phone,std-city,/std-testing/waldorf-md/,/std-testing/waldorf-md/,6,6,,86,no,not checked,
2026-10-05,std testing waldorf md,desktop,std-city,/std-testing/waldorf-md/,/std-testing/waldorf-md/,6,,,86,no,not checked,
2026-10-05,std testing walnut creek ca,phone,std-city,/std-testing/walnut-creek-ca/,/std-testing/walnut-creek-ca/,6,6,,229,no,not checked,
2026-10-05,std testing walnut creek ca,desktop,std-city,/std-testing/walnut-creek-ca/,/blood-testing/walnut-creek-ca/,1,,,229,yes,not checked,
2026-10-05,std testing waltham,phone,std-city,/std-testing/boston-ma/,/std-testing/waltham-ma/,5,5,,149,no,not checked,
2026-10-05,std testing waltham,desktop,std-city,/std-testing/boston-ma/,/std-testing/waltham-ma/,5,,,149,no,no,
2026-10-05,std testing warner robins ga,phone,std-city,/std-testing/warner-robins-ga/,/std-testing/warner-robins-ga/,5,5,,118,no,not checked,
2026-10-05,std testing warner robins ga,desktop,std-city,/std-testing/warner-robins-ga/,/std-testing/warner-robins-ga/,5,,,118,no,not checked,
2026-10-05,std testing warren mi,phone,std-city,/std-testing/warren-mi/,/std-testing/warren-mi/,5,5,,145,no,not checked,
2026-10-05,std testing warren mi,desktop,std-city,/std-testing/warren-mi/,/std-testing/oak-park-mi/,4,,,145,no,not checked,
2026-10-05,std testing warwick ri,phone,std-city,/std-testing/warwick-ri/,/std-testing/warwick-ri/,4,4,,156,no,not checked,
2026-10-05,std testing warwick ri,desktop,std-city,/std-testing/warwick-ri/,/std-testing/warwick-ri/,1,,,156,yes,yes,
2026-10-05,std testing washington dc,phone,std-city,/std-testing/washington-dc/,/std-testing/washington-dc/,8,8,,237,no,not checked,
2026-10-05,std testing washington dc,desktop,std-city,/std-testing/washington-dc/,/std-testing/washington-dc/,8,,,237,no,not checked,
2026-10-05,std testing waterbury ct,phone,std-city,/std-testing/waterbury-ct/,/std-testing/waterbury-ct/,5,5,,121,no,not checked,
2026-10-05,std testing waterbury ct,desktop,std-city,/std-testing/waterbury-ct/,/std-testing/waterbury-ct/,5,,,121,no,not checked,
2026-10-05,std testing waterloo ia,phone,std-city,/std-testing/waterloo-ia/,/std-testing/waterloo-ia/,5,5,,76,no,not checked,
2026-10-05,std testing waterloo ia,desktop,std-city,/std-testing/waterloo-ia/,/std-testing/waterloo-ia/,5,,,76,no,not checked,
2026-10-05,std testing waukegan il,phone,std-city,/std-testing/waukegan-il/,/std-testing/waukegan-il/,4,2,,127,no,not checked,
2026-10-05,std testing waukegan il,desktop,std-city,/std-testing/waukegan-il/,/std-testing/waukegan-il/,2,,,127,no,not checked,
2026-10-05,std testing waukesha,phone,std-city,/std-testing/waukesha-wi/,/std-testing/waukesha-wi/,7,8,,173,no,not checked,
2026-10-05,std testing waukesha,desktop,std-city,/std-testing/waukesha-wi/,/std-testing/waukesha-wi/,8,,,173,no,not checked,
2026-10-05,std testing waukesha wi,phone,std-city,/std-testing/waukesha-wi/,/std-testing/waukesha-wi/,28,8,,130,no,not checked,
2026-10-05,std testing waukesha wi,desktop,std-city,/std-testing/waukesha-wi/,/std-testing/waukesha-wi/,8,,,130,no,not checked,
2026-10-05,std testing wauwatosa,phone,std-city,/std-testing/wauwatosa-wi/,/std-testing/wauwatosa-wi/,4,6,,244,no,not checked,
2026-10-05,std testing wauwatosa,desktop,std-city,/std-testing/wauwatosa-wi/,/std-testing/wauwatosa-wi/,6,,,244,no,not checked,
2026-10-05,std testing wellington,phone,std-city,/std-testing/wellington-fl/,/std-testing/wellington-fl/,6,6,,161,no,not checked,
2026-10-05,std testing wellington,desktop,std-city,/std-testing/wellington-fl/,/std-testing/palm-city-fl/,5,,,161,no,not checked,
2026-10-05,std testing weslaco,phone,std-city,/std-testing/weslaco-tx/,/std-testing/weslaco-tx/,4,4,,107,no,not checked,
2026-10-05,std testing weslaco,desktop,std-city,/std-testing/weslaco-tx/,/std-testing/weslaco-tx/,4,,,107,no,not checked,
2026-10-05,std testing west haven,phone,std-city,/std-testing/west-haven-ct/,/std-testing/west-haven-ct/,5,5,,158,no,not checked,
2026-10-05,std testing west haven,desktop,std-city,/std-testing/west-haven-ct/,/std-testing/west-haven-ct/,5,,,158,no,not checked,
2026-10-05,std testing west hollywood ca,phone,std-city,/std-testing/west-hollywood-ca/,/std-testing/west-hollywood-ca/,25,6,,111,no,not checked,
2026-10-05,std testing west hollywood ca,desktop,std-city,/std-testing/west-hollywood-ca/,/std-testing/west-hollywood-ca/,6,,,111,no,not checked,
2026-10-05,std testing west palm beach fl,phone,std-city,/std-testing/west-palm-beach-fl/,/std-testing/west-palm-beach-fl/,6,7,,169,no,not checked,
2026-10-05,std testing west palm beach fl,desktop,std-city,/std-testing/west-palm-beach-fl/,/std-testing/west-palm-beach-fl/,7,,,169,no,not checked,
2026-10-05,std testing west sacramento,phone,std-city,/std-testing/sacramento-ca/,/std-testing/fair-oaks-ca/,4,5,,164,no,not checked,other page ranks
2026-10-05,std testing west sacramento,desktop,std-city,/std-testing/sacramento-ca/,/std-testing/sacramento-ca/,5,,,164,no,not checked,
2026-10-05,std testing westfield,phone,std-city,/std-testing/westfield-in/,/std-testing/westfield-in/,6,7,,252,no,not checked,
2026-10-05,std testing westfield,desktop,std-city,/std-testing/westfield-in/,/std-testing/westfield-in/,3,,,252,no,no,
2026-10-05,std testing westland mi,phone,std-city,/std-testing/westland-mi/,/std-testing/michigan/,21,4,,114,no,not checked,other page ranks
2026-10-05,std testing westland mi,desktop,std-city,/std-testing/westland-mi/,/std-testing/westland-mi/,3,,,114,no,not checked,
2026-10-05,std testing weston,phone,std-city,/std-testing/weston-fl/,/std-testing/weston-fl/,4,4,,184,no,not checked,
2026-10-05,std testing weston,desktop,std-city,/std-testing/weston-fl/,/std-testing/weston-fl/,4,,,184,no,not checked,
2026-10-05,std testing weston fl,phone,std-city,/std-testing/weston-fl/,/std-testing/weston-fl/,4,4,,124,no,not checked,
2026-10-05,std testing weston fl,desktop,std-city,/std-testing/weston-fl/,/std-testing/weston-fl/,4,,,124,no,not checked,
2026-10-05,std testing wheeling wv,phone,std-city,/std-testing/wheeling-wv/,/std-testing/wheeling-wv/,6,5,,61,no,not checked,
2026-10-05,std testing wheeling wv,desktop,std-city,/std-testing/wheeling-wv/,/std-testing/wheeling-wv/,6,,,61,no,not checked,
2026-10-05,std testing white plains,phone,std-city,/std-testing/white-plains-ny/,/std-testing/white-plains-ny/,6,6,,135,no,not checked,
2026-10-05,std testing white plains,desktop,std-city,/std-testing/white-plains-ny/,/std-testing/white-plains-ny/,5,,,135,no,not checked,
2026-10-05,std testing whittier ca,phone,std-city,/std-testing/whittier-ca/,/std-testing/whittier-ca/,4,4,,132,no,not checked,
2026-10-05,std testing whittier ca,desktop,std-city,/std-testing/whittier-ca/,/std-testing/whittier-ca/,4,,,132,no,not checked,
2026-10-05,std testing wichita falls tx,phone,std-city,/std-testing/wichita-falls-tx/,/std-testing/wichita-falls-tx/,5,5,,34,no,not checked,
2026-10-05,std testing wichita falls tx,desktop,std-city,/std-testing/wichita-falls-tx/,/std-testing/wichita-falls-tx/,5,,,34,no,not checked,
2026-10-05,std testing williamsburg va,phone,std-city,/std-testing/williamsburg-va/,/std-testing/williamsburg-va/,4,4,,115,no,not checked,
2026-10-05,std testing williamsburg va,desktop,std-city,/std-testing/williamsburg-va/,/std-testing/williamsburg-va/,4,,,115,no,not checked,
2026-10-05,std testing wilmington nc,phone,std-city,/std-testing/wilmington-nc/,/std-testing/wilmington-nc/,8,8,,208,no,not checked,
2026-10-05,std testing wilmington nc,desktop,std-city,/std-testing/wilmington-nc/,/std-testing/wilmington-nc/,4,,,208,yes,not checked,
2026-10-05,std testing wilson,phone,std-city,/std-testing/wilson-nc/,/std-testing/wilson-nc/,7,7,,95,no,not checked,
2026-10-05,std testing wilson,desktop,std-city,/std-testing/wilson-nc/,/std-testing/wilson-nc/,7,,,95,no,not checked,
2026-10-05,std testing winchester va,phone,std-city,/std-testing/winchester-va/,/std-testing/winchester-va/,5,5,,99,no,not checked,
2026-10-05,std testing winchester va,desktop,std-city,/std-testing/winchester-va/,/std-testing/winchester-va/,5,,,99,no,not checked,
2026-10-05,std testing winston salem nc,phone,std-city,/std-testing/winston-salem-nc/,/std-testing/winston-salem-nc/,10,9,,162,no,not checked,
2026-10-05,std testing winston salem nc,desktop,std-city,/std-testing/winston-salem-nc/,/std-testing/winston-salem-nc/,8,,,162,no,not checked,
2026-10-05,std testing woodland ca,phone,std-city,/std-testing/woodland-ca/,/std-testing/woodland-ca/,5,5,,103,no,not checked,
2026-10-05,std testing woodland ca,desktop,std-city,/std-testing/woodland-ca/,/std-testing/woodland-ca/,3,,,103,no,not checked,
2026-10-05,std testing woodlands tx,phone,std-city,/std-testing/woodlands-tx/,/std-testing/woodlands-tx/,4,4,,129,no,not checked,
2026-10-05,std testing woodlands tx,desktop,std-city,/std-testing/woodlands-tx/,/std-testing/woodlands-tx/,4,,,129,no,not checked,
2026-10-05,std testing woodstock ga,phone,std-city,/std-testing/woodstock-ga/,/std-testing/woodstock-ga/,4,4,,77,no,not checked,
2026-10-05,std testing woodstock ga,desktop,std-city,/std-testing/woodstock-ga/,/std-testing/woodstock-ga/,4,,,77,no,not checked,
2026-10-05,std testing worcester ma,phone,std-city,/std-testing/worcester-ma/,/std-testing/worcester-ma/,4,4,,90,no,not checked,
2026-10-05,std testing worcester ma,desktop,std-city,/std-testing/worcester-ma/,/std-testing/worcester-ma/,4,,,90,no,not checked,
2026-10-05,std testing yakima wa,phone,std-city,/std-testing/yakima-wa/,/std-testing/yakima-wa/,8,7,,118,no,not checked,
2026-10-05,std testing yakima wa,desktop,std-city,/std-testing/yakima-wa/,/std-testing/yakima-wa/,7,,,118,no,not checked,
2026-10-05,std testing yuma az,phone,std-city,/std-testing/yuma-az/,/std-testing/yuma-az/,5,4,,127,no,not checked,
2026-10-05,std testing yuma az,desktop,std-city,/std-testing/yuma-az/,/std-testing/yuma-az/,23,,,127,no,not checked,
2026-10-05,std treatments,phone,treatments,/treatments/std/,/treatments/std/,16,17,,1438,no,not checked,
2026-10-05,std treatments,desktop,treatments,/treatments/std/,/treatments/std/,11,,,1438,no,not checked,
2026-10-05,std urine test,phone,std-pages,/std-testing/standard-std-panel/,/std-testing/standard-std-panel/,9,9,,252,no,not checked,
2026-10-05,std urine test,desktop,std-pages,/std-testing/standard-std-panel/,/std-testing/standard-std-panel/,9,,,252,no,not checked,
2026-10-05,sti panel,phone,std-pages,/std-testing/standard-std-panel/,/std-testing/standard-std-panel/,27,15,,1066,no,not checked,refresh
2026-10-05,sti panel,desktop,std-pages,/std-testing/standard-std-panel/,/std-testing/standard-std-panel/,20,,,1066,no,not checked,
2026-10-05,sti panel test,phone,std-pages,/std-testing/standard-std-panel/,/std-testing/evans-ga/,39,27,,430,no,not checked,other page ranks
2026-10-05,sti panel test,desktop,std-pages,/std-testing/standard-std-panel/,/std-testing/spanaway-wa/,7,,,430,no,not checked,
2026-10-05,sti test,phone,std-pages,/std-testing/,/std-testing/libertyville-il/,32,17,,5680,no,not checked,
2026-10-05,sti test,desktop,std-pages,/std-testing/,/std-testing/miami-fl/,21,,,5680,no,not checked,
2026-10-05,sti testing,phone,std-pages,/std-testing/,/std-testing/california/,14,18,,24416,no,not checked,
2026-10-05,sti testing,desktop,std-pages,/std-testing/,/std-testing/north-carolina/,15,,,24416,no,not checked,
2026-10-05,strawberry allergy test,phone,not-ranking-yet,/tests/strawberry-allergy-test/,/tests/strawberry-allergy-test/,1,1,,10,yes,yes,
2026-10-05,strawberry allergy test,desktop,not-ranking-yet,/tests/strawberry-allergy-test/,/tests/strawberry-allergy-test/,1,,,10,yes,yes,
2026-10-05,syphilis blood test,phone,next-in-line,/tests/syphilis-test/,/tests/syphilis-test/,1,1,,1498,yes,no,
2026-10-05,syphilis blood test,desktop,next-in-line,/tests/syphilis-test/,/tests/syphilis-test/,1,,,1498,yes,no,
2026-10-05,syphilis test,phone,next-in-line,/tests/syphilis-test/,/tests/syphilis-test/,1,1,,2331,yes,yes,buy button
2026-10-05,syphilis test,desktop,next-in-line,/tests/syphilis-test/,/tests/syphilis-test/,1,,,2331,yes,yes,
2026-10-05,t pallidum antibodies,phone,selling-test-page,/tests/treponema-pallidum-syphilis-test/,/tests/treponema-pallidum-syphilis-test/,1,1,,1668,yes,yes,
2026-10-05,t pallidum antibodies,desktop,selling-test-page,/tests/treponema-pallidum-syphilis-test/,/tests/treponema-pallidum-syphilis-test/,1,,,1668,yes,yes,
2026-10-05,t3,phone,selling-test-page,/tests/t3-test/,,,101,,1002,no,not checked,
2026-10-05,t3,desktop,selling-test-page,/tests/t3-test/,,,,,1002,no,not checked,
2026-10-05,t3 blood test,phone,kept,/tests/t3-test/,/tests/t3-test/,11,1,,289,no,no,
2026-10-05,t3 blood test,desktop,kept,/tests/t3-test/,/tests/t3-test/,1,,,289,yes,yes,
2026-10-05,t3 test,phone,kept,/tests/t3-test/,/tests/t3-test/,1,11,,478,yes,yes,
2026-10-05,t3 test,desktop,kept,/tests/t3-test/,/tests/t3-test/,10,,,478,no,yes,
2026-10-05,t3 total blood test,phone,selling-test-page,/tests/t3-test/,/tests/t3-test/,1,1,,424,yes,yes,
2026-10-05,t3 total blood test,desktop,selling-test-page,/tests/t3-test/,/tests/t3-test/,1,,,424,yes,yes,
2026-10-05,t4,phone,selling-test-page,/tests/t4-test/,/tests/t4-test/,4,101,,5907,yes,no,
2026-10-05,t4,desktop,selling-test-page,/tests/t4-test/,/tests/t4-test/,1,,,5907,yes,yes,
2026-10-05,t4 blood test,phone,selling-test-page,/tests/t4-test/,/tests/t4-test/,1,1,,3445,yes,yes,
2026-10-05,t4 blood test,desktop,selling-test-page,/tests/t4-test/,/tests/t4-test/,1,,,3445,yes,yes,
2026-10-05,t4 free,phone,selling-test-page,/tests/free-t4-test/,/tests/t4-test/,12,12,,523,no,not checked,other page ranks
2026-10-05,t4 free,desktop,selling-test-page,/tests/free-t4-test/,/tests/t4-test/,12,,,523,no,not checked,
2026-10-05,t4 free blood test,phone,selling-test-page,/tests/free-t4-test/,/tests/t4-test/,19,1,,6955,no,no,other page ranks
2026-10-05,t4 free blood test,desktop,selling-test-page,/tests/free-t4-test/,/tests/t4-test/,9,,,6955,no,not checked,
2026-10-05,t4 test,phone,kept,/tests/t4-test/,/tests/t4-test/,1,6,,702,yes,not checked,
2026-10-05,t4 test,desktop,kept,/tests/t4-test/,/tests/t4-test/,1,,,702,yes,no,
2026-10-05,tb blood test,phone,selling-test-page,/tests/tuberculosis-blood-test/,/tests/igra-tb-test/,15,15,,250,no,not checked,other page ranks
2026-10-05,tb blood test,desktop,selling-test-page,/tests/tuberculosis-blood-test/,/tests/igra-tb-test/,11,,,250,no,not checked,
2026-10-05,tb skin test,phone,next-in-line,/tests/tb-skin-test/,/tests/tb-skin-test/,4,5,,8517,no,not checked,
2026-10-05,tb skin test,desktop,next-in-line,/tests/tb-skin-test/,/tests/tb-skin-test/,3,,,8517,no,not checked,
2026-10-05,tb test,phone,next-in-line,/tests/tb-skin-test/,/tests/tb-skin-test/,17,6,,13692,no,not checked,
2026-10-05,tb test,desktop,next-in-line,/tests/tb-skin-test/,/tb-testing/,5,,,13692,no,not checked,
2026-10-05,test for chlamydia gonorrhea,phone,std-pages,/std-testing/chlamydia-gonorrhea-test/,/std-testing/chlamydia-gonorrhea-test/,1,1,,1151,yes,not checked,
2026-10-05,test for chlamydia gonorrhea,desktop,std-pages,/std-testing/chlamydia-gonorrhea-test/,/tests/gonorrhea-test/,37,,,1151,no,not checked,
2026-10-05,test for prediabetes,phone,category,/prediabetes-testing/,/prediabetes-testing/,8,8,,48,no,not checked,
2026-10-05,test for prediabetes,desktop,category,/prediabetes-testing/,/prediabetes-testing/,8,,,48,no,not checked,
2026-10-05,test for sexually transmitted diseases,phone,std-pages,/std-testing/,/std-testing/,1,1,,74,yes,not checked,
2026-10-05,test for sexually transmitted diseases,desktop,std-pages,/std-testing/,/std-testing/,4,,,74,no,not checked,
2026-10-05,tester na thc,phone,next-in-line,/tests/marijuana-thc-testing/,/tests/marijuana-thc-testing/,3,4,,3476,no,not checked,
2026-10-05,tester na thc,desktop,next-in-line,/tests/marijuana-thc-testing/,/tests/marijuana-thc-testing/,2,,,3476,no,not checked,
2026-10-05,testing com tests,phone,brand,/tests/,/,1,1,,122,no,not checked,
2026-10-05,testing com tests,desktop,brand,/tests/,/,1,,,122,no,not checked,
2026-10-05,testing for anemia,phone,category,/anemia-testing/,/tests/anemia-testing-comprehensive/,1,5,,87,yes,yes,other page ranks
2026-10-05,testing for anemia,desktop,category,/anemia-testing/,/tests/anemia-testing-comprehensive/,1,,,87,yes,yes,
2026-10-05,testing for herpes,phone,selling-test-page,/std-testing/herpes-1-2-test/,/std-testing/herpes-1-2-test/,17,18,,587,no,not checked,
2026-10-05,testing for herpes,desktop,selling-test-page,/std-testing/herpes-1-2-test/,/std-testing/herpes-1-2-test/,1,,,587,yes,not checked,
2026-10-05,testing for mycoplasma genitalium,phone,std-pages,/tests/mycoplasma/,/tests/mycoplasma/,5,5,,3737,no,yes,
2026-10-05,testing for mycoplasma genitalium,desktop,std-pages,/tests/mycoplasma/,/tests/mycoplasma/,5,,,3737,no,yes,
2026-10-05,testing for sexually transmitted diseases,phone,std-pages,/std-testing/,/std-testing/,4,6,,96,no,not checked,
2026-10-05,testing for sexually transmitted diseases,desktop,std-pages,/std-testing/,/std-testing/,4,,,96,no,not checked,
2026-10-05,testing for tuberculosis blood test,phone,selling-test-page,/tests/tuberculosis-blood-test/,/tests/tb-skin-test/,14,14,,1434,no,not checked,refresh; other page ranks
2026-10-05,testing for tuberculosis blood test,desktop,selling-test-page,/tests/tuberculosis-blood-test/,/tests/tb-skin-test/,17,,,1434,no,not checked,
2026-10-05,testing.com,phone,brand,/,/,1,1,,164,no,not checked,
2026-10-05,testing.com,desktop,brand,/,/,1,,,164,no,not checked,
2026-10-05,testing.com login,phone,brand,/,/,1,1,,52,no,not checked,
2026-10-05,testing.com login,desktop,brand,/,/,1,,,52,no,not checked,
2026-10-05,testosterone blood test,phone,next-in-line,/tests/testosterone/,/tests/trt-test/,14,17,,239,no,not checked,other page ranks
2026-10-05,testosterone blood test,desktop,next-in-line,/tests/testosterone/,/tests/testosterone/,4,,,239,no,not checked,
2026-10-05,testosterone blood testing,phone,next-in-line,/tests/testosterone/,/tests/testosterone/,27,32,,57,no,not checked,
2026-10-05,testosterone blood testing,desktop,next-in-line,/tests/testosterone/,/tests/testosterone/,23,,,57,no,not checked,
2026-10-05,testosterone free and total test,phone,kept,/tests/testosterone-test-free-and-total-test/,/tests/testosterone-test-free-and-total-test/,1,1,,59,yes,not checked,
2026-10-05,testosterone free and total test,desktop,kept,/tests/testosterone-test-free-and-total-test/,/tests/testosterone-test-free-and-total-test/,1,,,59,yes,not checked,
2026-10-05,testosterone panel,phone,selling-test-page,/tests/testosterone-test-free-and-total-test/,/tests/standard-male-hormone-test/,1,1,,356,yes,yes,other page ranks
2026-10-05,testosterone panel,desktop,selling-test-page,/tests/testosterone-test-free-and-total-test/,/tests/testosterone/,3,,,356,no,yes,
2026-10-05,testosterone test,phone,selling-test-page,/tests/total-testosterone-test/,/tests/total-testosterone-test/,1,1,,5853,yes,yes,
2026-10-05,testosterone test,desktop,selling-test-page,/tests/total-testosterone-test/,/tests/total-testosterone-test/,1,,,5853,yes,yes,
2026-10-05,testosterone testing,phone,selling-test-page,/tests/total-testosterone-test/,/tests/total-testosterone-test/,1,1,,265,yes,yes,
2026-10-05,testosterone testing,desktop,selling-test-page,/tests/total-testosterone-test/,/tests/total-testosterone-test/,1,,,265,yes,not checked,
2026-10-05,tests for std and sti,phone,std-pages,/std-testing/,/std-testing/maryland/,11,11,,1470,no,not checked,refresh; other page ranks
2026-10-05,tests for std and sti,desktop,std-pages,/std-testing/,/std-testing/maryland/,11,,,1470,no,not checked,
2026-10-05,tg blood test,phone,selling-test-page,/tests/thyroglobulin/,/tests/triglycerides/,11,11,,289,no,not checked,other page ranks
2026-10-05,tg blood test,desktop,selling-test-page,/tests/thyroglobulin/,/tests/triglycerides/,11,,,289,no,not checked,
2026-10-05,thc test,phone,next-in-line,/tests/marijuana-thc-testing/,/tests/marijuana-thc-testing/,1,1,,3328,yes,not checked,buy button
2026-10-05,thc test,desktop,next-in-line,/tests/marijuana-thc-testing/,/tests/marijuana-thc-testing/,1,,,3328,yes,yes,
2026-10-05,thyroglobulin,phone,selling-test-page,/tests/thyroglobulin/,/tests/thyroglobulin/,48,48,,32,no,not checked,
2026-10-05,thyroglobulin,desktop,selling-test-page,/tests/thyroglobulin/,/tests/thyroglobulin/,47,,,32,no,not checked,
2026-10-05,thyroglobulin test,phone,selling-test-page,/tests/thyroglobulin/,/tests/thyroglobulin/,1,1,,153,yes,yes,
2026-10-05,thyroglobulin test,desktop,selling-test-page,/tests/thyroglobulin/,/tests/thyroglobulin/,1,,,153,yes,yes,
2026-10-05,thyroid antibody test,phone,kept,/tests/thyroglobulin/,/tests/thyroid-antibodies/,25,1,,174,no,yes,other page ranks
2026-10-05,thyroid antibody test,desktop,kept,/tests/thyroglobulin/,/tests/thyroid-antibodies/,1,,,174,yes,yes,
2026-10-05,thyroid blood test,phone,category,/thyroid-function-testing/,/tests/thyroid-function-testing/,1,1,,2160,yes,yes,other page ranks
2026-10-05,thyroid blood test,desktop,category,/thyroid-function-testing/,/tests/thyroid-function-testing/,1,,,2160,yes,yes,
2026-10-05,thyroid function test cost us 2025,phone,selling-test-page,/tests/thyroid-function-testing/,/tests/thyroid-function-testing/,17,17,,1982,no,not checked,
2026-10-05,thyroid function test cost us 2025,desktop,selling-test-page,/tests/thyroid-function-testing/,/tests/thyroid-function-testing/,15,,,1982,no,not checked,
2026-10-05,thyroid panel,phone,selling-test-page,/tests/thyroid-panel/,/tests/comprehensive-thyroid-panel/,1,1,,3461,yes,yes,other page ranks
2026-10-05,thyroid panel,desktop,selling-test-page,/tests/thyroid-panel/,/tests/comprehensive-thyroid-panel/,1,,,3461,yes,yes,
2026-10-05,thyroid panel test,phone,selling-test-page,/tests/thyroid-panel/,/tests/comprehensive-thyroid-panel/,5,1,,1207,no,yes,other page ranks
2026-10-05,thyroid panel test,desktop,selling-test-page,/tests/thyroid-panel/,/tests/comprehensive-thyroid-panel/,6,,,1207,no,no,
2026-10-05,thyroid panel with tsh,phone,selling-test-page,/tests/thyroid-function-testing/,/tests/thyroid-panel-with-tsh/,1,1,,796,yes,yes,other page ranks
2026-10-05,thyroid panel with tsh,desktop,selling-test-page,/tests/thyroid-function-testing/,/tests/thyroid-function-testing/,1,,,796,yes,yes,
2026-10-05,thyroid panel with tsh test,phone,next-in-line,/tests/thyroid-panel-with-tsh/,/tests/thyroid-function-testing/,1,1,,68,yes,yes,other page ranks
2026-10-05,thyroid panel with tsh test,desktop,next-in-line,/tests/thyroid-panel-with-tsh/,/tests/thyroid-function-testing/,1,,,68,yes,yes,
2026-10-05,thyroid peroxidase antibodies,phone,selling-test-page,/tests/thyroid-antibodies/,/tests/thyroid-antibodies/,37,42,,67,no,not checked,
2026-10-05,thyroid peroxidase antibodies,desktop,selling-test-page,/tests/thyroid-antibodies/,/tests/thyroid-antibodies/,47,,,67,no,not checked,
2026-10-05,thyroid stimulating hormone test,phone,kept,/tests/thyroid-stimulating-hormone-tsh/,/tests/thyroid-function-testing/,22,21,,80,no,not checked,other page ranks
2026-10-05,thyroid stimulating hormone test,desktop,kept,/tests/thyroid-stimulating-hormone-tsh/,/tests/thyroid-function-testing/,35,,,80,no,not checked,
2026-10-05,thyroid test,phone,category,/thyroid-function-testing/,/thyroid-testing-example-results/,26,18,,1012,no,not checked,other page ranks
2026-10-05,thyroid test,desktop,category,/thyroid-function-testing/,/tests/thyroid-function-testing/,48,,,1012,no,not checked,
2026-10-05,thyroid test at home,desktop,leaving,/tests/at-home-thyroid-testing/,/tests/at-home-thyroid-testing/,1,,,3550,yes,not checked,
2026-10-05,thyroiditis,phone,selling-test-page,/tests/thyroid-antibodies/,,,101,,0,no,not checked,
2026-10-05,thyroiditis,desktop,selling-test-page,/tests/thyroid-antibodies/,,,,,0,no,not checked,
2026-10-05,tibc test,phone,kept,/tests/transferrin-and-iron-binding-capacity-tibc-uibc/,/tests/transferrin-and-iron-binding-capacity-tibc-uibc/,33,101,,18,no,not checked,
2026-10-05,tibc test,desktop,kept,/tests/transferrin-and-iron-binding-capacity-tibc-uibc/,/tests/transferrin-and-iron-binding-capacity-tibc-uibc/,47,,,18,no,not checked,
2026-10-05,tirzepatide compound,phone,treatments,/treatments/compounded-tirzepatide/,/treatments/compounded-tirzepatide/,1,1,,15138,yes,yes,
2026-10-05,tirzepatide compound,desktop,treatments,/treatments/compounded-tirzepatide/,/treatments/compounded-tirzepatide/,1,,,15138,yes,yes,
2026-10-05,tirzepatide cost,phone,treatments,/treatments/compounded-tirzepatide-cost/,,,101,,76,no,not checked,
2026-10-05,tirzepatide cost,desktop,treatments,/treatments/compounded-tirzepatide-cost/,,,,,76,no,not checked,
2026-10-05,tirzepatide price,phone,treatments,/treatments/compounded-tirzepatide-cost/,,,101,,1030,no,not checked,
2026-10-05,tirzepatide price,desktop,treatments,/treatments/compounded-tirzepatide-cost/,,,,,1030,no,not checked,
2026-10-05,tirzepatide side effects,phone,treatments,/treatments/compounded-tirzepatide-side-effects/,/treatments/compounded-tirzepatide-side-effects/,30,23,,819,no,not checked,
2026-10-05,tirzepatide side effects,desktop,treatments,/treatments/compounded-tirzepatide-side-effects/,/treatments/compounded-tirzepatide-side-effects/,24,,,819,no,not checked,
2026-10-05,tirzepatide side effects after first dose,phone,treatments,/treatments/compounded-tirzepatide-side-effects/,,,101,,495,no,not checked,
2026-10-05,tirzepatide side effects after first dose,desktop,treatments,/treatments/compounded-tirzepatide-side-effects/,,,,,495,no,not checked,
2026-10-05,titer test,phone,next-in-line,/tests/antibody-titer-test/,/tests/antibody-titer-test/,1,1,,6742,yes,not checked,buy button
2026-10-05,titer test,desktop,next-in-line,/tests/antibody-titer-test/,/tests/antibody-titer-test/,1,,,6742,yes,not checked,
2026-10-05,titers test,phone,next-in-line,/tests/antibody-titer-test/,/tests/antibody-titer-test/,1,1,,6032,yes,not checked,buy button
2026-10-05,titers test,desktop,next-in-line,/tests/antibody-titer-test/,/tests/antibody-titer-test/,1,,,6032,yes,not checked,
2026-10-05,total ige,phone,selling-test-page,/tests/total-ige/,/tests/total-ige/,1,1,,370,yes,yes,
2026-10-05,total ige,desktop,selling-test-page,/tests/total-ige/,/tests/total-ige/,1,,,370,yes,yes,
2026-10-05,total ige test,phone,kept,/tests/total-ige/,/tests/total-ige/,1,1,,106,yes,yes,
2026-10-05,total ige test,desktop,kept,/tests/total-ige/,/tests/total-ige/,1,,,106,yes,yes,
2026-10-05,total protein,phone,next-in-line,/tests/total-protein-albumin-globulin-ag-ratio/,/tests/total-protein-albumin-globulin-ag-ratio/,1,1,,4170,yes,not checked,buy button
2026-10-05,total protein,desktop,next-in-line,/tests/total-protein-albumin-globulin-ag-ratio/,/tests/total-protein-albumin-globulin-ag-ratio/,1,,,4170,yes,not checked,
2026-10-05,total protein blood test,phone,next-in-line,/tests/total-protein-albumin-globulin-ag-ratio/,/tests/total-protein-albumin-globulin-ag-ratio/,1,7,,6778,yes,no,
2026-10-05,total protein blood test,desktop,next-in-line,/tests/total-protein-albumin-globulin-ag-ratio/,/tests/total-protein-albumin-globulin-ag-ratio/,1,,,6778,yes,no,
2026-10-05,total testosterone test,phone,selling-test-page,/tests/total-testosterone-test/,/tests/total-testosterone-test/,1,1,,184,yes,yes,
2026-10-05,total testosterone test,desktop,selling-test-page,/tests/total-testosterone-test/,/tests/total-testosterone-test/,1,,,184,yes,yes,
2026-10-05,tpo antibodies,phone,selling-test-page,/tests/thyroid-antibodies/,/tests/thyroid-antibodies/,53,37,,66,no,not checked,
2026-10-05,tpo antibodies,desktop,selling-test-page,/tests/thyroid-antibodies/,,,,,66,no,not checked,
2026-10-05,transferrin,phone,selling-test-page,/tests/transferrin-and-iron-binding-capacity-tibc-uibc/,,,101,,2,no,not checked,
2026-10-05,transferrin,desktop,selling-test-page,/tests/transferrin-and-iron-binding-capacity-tibc-uibc/,,,,,2,no,not checked,
2026-10-05,treponema pallidum antibody,phone,selling-test-page,/tests/treponema-pallidum-syphilis-test/,/tests/treponema-pallidum-syphilis-test/,1,1,,1873,yes,yes,
2026-10-05,treponema pallidum antibody,desktop,selling-test-page,/tests/treponema-pallidum-syphilis-test/,/tests/treponema-pallidum-syphilis-test/,1,,,1873,yes,yes,
2026-10-05,treponema pallidum antibody screen,phone,selling-test-page,/tests/treponema-pallidum-syphilis-test/,/tests/treponema-pallidum-syphilis-test/,1,2,,1178,yes,yes,
2026-10-05,treponema pallidum antibody screen,desktop,selling-test-page,/tests/treponema-pallidum-syphilis-test/,/tests/treponema-pallidum-syphilis-test/,1,,,1178,yes,yes,
2026-10-05,trich test,phone,std-pages,/tests/trichomoniasis-testing/,/tests/at-home-trichomoniasis-test/,15,19,,82,no,not checked,other page ranks
2026-10-05,trich test,desktop,std-pages,/tests/trichomoniasis-testing/,/tests/at-home-trichomoniasis-test/,15,,,82,no,not checked,
2026-10-05,trich testing,phone,std-pages,/tests/trichomoniasis-testing/,/tests/at-home-trichomoniasis-test/,11,10,,40,no,not checked,other page ranks
2026-10-05,trich testing,desktop,std-pages,/tests/trichomoniasis-testing/,/tests/at-home-trichomoniasis-test/,20,,,40,no,not checked,
2026-10-05,trichomonas in urine,phone,std-pages,/tests/trichomoniasis-testing/,/tests/trichomoniasis-testing/,35,35,,850,no,not checked,
2026-10-05,trichomonas in urine,desktop,std-pages,/tests/trichomoniasis-testing/,/tests/trichomoniasis-testing/,56,,,850,no,not checked,
2026-10-05,trichomonas medication,phone,treatments,/treatments/trichomoniasis/,/treatments/trichomoniasis/,1,101,,14,yes,not checked,
2026-10-05,trichomonas medication,desktop,treatments,/treatments/trichomoniasis/,,,,,14,no,not checked,
2026-10-05,trichomonas naat,phone,std-pages,/tests/trichomoniasis-testing/,/tests/trichomoniasis-testing/,1,1,,62,yes,yes,
2026-10-05,trichomonas naat,desktop,std-pages,/tests/trichomoniasis-testing/,/tests/trichomoniasis-testing/,1,,,62,yes,yes,
2026-10-05,trichomonas test,phone,std-pages,/tests/trichomoniasis-testing/,/tests/at-home-trichomoniasis-test/,12,12,,113,no,not checked,other page ranks
2026-10-05,trichomonas test,desktop,std-pages,/tests/trichomoniasis-testing/,/tests/at-home-trichomoniasis-test/,12,,,113,no,not checked,
2026-10-05,trichomonas testing,phone,std-pages,/tests/trichomoniasis-testing/,/tests/trichomoniasis-testing/,39,31,,62,no,not checked,
2026-10-05,trichomonas testing,desktop,std-pages,/tests/trichomoniasis-testing/,/tests/at-home-trichomoniasis-test/,24,,,62,no,not checked,
2026-10-05,trichomonas vaginalis rna,phone,std-pages,/tests/trichomoniasis-testing/,,,101,,1,no,not checked,
2026-10-05,trichomonas vaginalis rna,desktop,std-pages,/tests/trichomoniasis-testing/,,,,,1,no,not checked,
2026-10-05,trichomoniasis,phone,std-pages,/tests/trichomoniasis-testing/,,,101,,11,no,not checked,
2026-10-05,trichomoniasis,desktop,std-pages,/tests/trichomoniasis-testing/,,,,,11,no,not checked,
2026-10-05,trichomoniasis medication,phone,treatments,/treatments/trichomoniasis/,/treatments/trichomoniasis/,1,31,,40,yes,not checked,
2026-10-05,trichomoniasis medication,desktop,treatments,/treatments/trichomoniasis/,/treatments/trichomoniasis/,48,,,40,no,not checked,
2026-10-05,trichomoniasis test,phone,std-pages,/tests/trichomoniasis-testing/,/tests/at-home-trichomoniasis-test/,13,13,,1650,no,not checked,refresh; other page ranks
2026-10-05,trichomoniasis test,desktop,std-pages,/tests/trichomoniasis-testing/,/tests/at-home-trichomoniasis-test/,15,,,1650,no,not checked,
2026-10-05,trichomoniasis testing,phone,std-pages,/tests/trichomoniasis-testing/,/tests/at-home-trichomoniasis-test/,11,11,,215,no,not checked,other page ranks
2026-10-05,trichomoniasis testing,desktop,std-pages,/tests/trichomoniasis-testing/,/tests/at-home-trichomoniasis-test/,20,,,215,no,not checked,
2026-10-05,trig blood test,phone,next-in-line,/tests/triglycerides/,/tests/triglycerides/,11,11,,482,no,not checked,
2026-10-05,trig blood test,desktop,next-in-line,/tests/triglycerides/,/tests/triglycerides/,21,,,482,no,not checked,
2026-10-05,triglycerides blood test,phone,next-in-line,/tests/triglycerides/,/tests/triglycerides/,13,6,,3834,no,not checked,
2026-10-05,triglycerides blood test,desktop,next-in-line,/tests/triglycerides/,/tests/triglycerides/,12,,,3834,no,not checked,
2026-10-05,troponin,phone,next-in-line,/tests/troponin/,/tests/troponin/,1,1,,56878,yes,not checked,buy button
2026-10-05,troponin,desktop,next-in-line,/tests/troponin/,/tests/troponin/,1,,,56878,yes,yes,
2026-10-05,troponin test,phone,next-in-line,/tests/troponin/,/tests/troponin/,1,1,,7872,yes,yes,buy button
2026-10-05,troponin test,desktop,next-in-line,/tests/troponin/,/tests/troponin/,1,,,7872,yes,yes,
2026-10-05,trt,phone,next-in-line,/tests/trt-test/,,,101,,785,no,not checked,
2026-10-05,trt,desktop,next-in-line,/tests/trt-test/,,,,,785,no,not checked,
2026-10-05,trt test,phone,next-in-line,/tests/trt-test/,/tests/trt-test/,1,1,,326,yes,yes,
2026-10-05,trt test,desktop,next-in-line,/tests/trt-test/,/tests/trt-test/,1,,,326,yes,yes,
2026-10-05,tryptase,phone,selling-test-page,/tests/tryptase/,/tests/tryptase/,1,1,,7411,yes,yes,
2026-10-05,tryptase,desktop,selling-test-page,/tests/tryptase/,/tests/tryptase/,1,,,7411,yes,yes,
2026-10-05,tryptase blood test,phone,selling-test-page,/tests/tryptase/,/tests/tryptase/,1,1,,2347,yes,yes,
2026-10-05,tryptase blood test,desktop,selling-test-page,/tests/tryptase/,/tests/tryptase/,1,,,2347,yes,yes,
2026-10-05,tryptase test,phone,selling-test-page,/tests/tryptase/,/tests/tryptase/,1,1,,2331,yes,yes,
2026-10-05,tryptase test,desktop,selling-test-page,/tests/tryptase/,/tests/tryptase/,1,,,2331,yes,yes,
2026-10-05,tsh,phone,selling-test-page,/tests/thyroid-stimulating-hormone-tsh/,,,101,,239,no,not checked,
2026-10-05,tsh,desktop,selling-test-page,/tests/thyroid-stimulating-hormone-tsh/,,,,,239,no,not checked,
2026-10-05,tsh + free t4,phone,selling-test-page,/tests/tsh-and-free-t4-test/,/thyroid-testing-example-results/,1,1,,446,yes,not checked,other page ranks
2026-10-05,tsh + free t4,desktop,selling-test-page,/tests/tsh-and-free-t4-test/,/tests/tsh-and-free-t4-test/,1,,,446,yes,not checked,
2026-10-05,tsh and free t4 test,phone,kept,/tests/tsh-and-free-t4-test/,/tests/tsh-and-free-t4-test/,1,1,,146,yes,yes,
2026-10-05,tsh and free t4 test,desktop,kept,/tests/tsh-and-free-t4-test/,/tests/tsh-and-free-t4-test/,1,,,146,yes,yes,
2026-10-05,tsh blood test,phone,selling-test-page,/tests/thyroid-function-testing/,/tests/thyroid-function-testing/,10,12,,3264,no,not checked,refresh
2026-10-05,tsh blood test,desktop,selling-test-page,/tests/thyroid-function-testing/,/thyroid-testing-example-results/,10,,,3264,no,not checked,
2026-10-05,tsh free t4,phone,selling-test-page,/tests/tsh-and-free-t4-test/,/tests/tsh-and-free-t4-test/,1,1,,702,yes,not checked,
2026-10-05,tsh free t4,desktop,selling-test-page,/tests/tsh-and-free-t4-test/,/thyroid-testing-example-results/,15,,,702,no,not checked,
2026-10-05,tsh test,phone,selling-test-page,/tests/thyroid-stimulating-hormone-tsh/,/tests/thyroid-function-testing/,28,42,,230,no,not checked,other page ranks
2026-10-05,tsh test,desktop,selling-test-page,/tests/thyroid-stimulating-hormone-tsh/,/tests/thyroid-function-testing/,61,,,230,no,not checked,
2026-10-05,tsh+free t4,phone,selling-test-page,/tests/tsh-and-free-t4-test/,/tests/tsh-and-free-t4-test/,1,1,,863,yes,not checked,
2026-10-05,tsh+free t4,desktop,selling-test-page,/tests/tsh-and-free-t4-test/,/thyroid-testing-example-results/,15,,,863,no,not checked,
2026-10-05,tuberculosis blood testing,phone,selling-test-page,/tests/tuberculosis-blood-test/,/tests/tb-skin-test/,70,25,,793,no,not checked,other page ranks
2026-10-05,tuberculosis blood testing,desktop,selling-test-page,/tests/tuberculosis-blood-test/,/tests/igra-tb-test/,21,,,793,no,not checked,
2026-10-05,tuberculosis diagnostics,phone,category,/tb-testing/,/tb-testing/,36,35,,6,no,not checked,
2026-10-05,tuberculosis diagnostics,desktop,category,/tb-testing/,/tests/tb-skin-test/,66,,,6,no,not checked,
2026-10-05,tumor testing,phone,category,/cancer-testing/,/tests/genetic-tests-targeted-cancer-therapy/,32,26,,25,no,not checked,other page ranks
2026-10-05,tumor testing,desktop,category,/cancer-testing/,,,,,25,no,not checked,
2026-10-05,types of std tests,phone,std-pages,/std-testing/,/std-testing/standard-std-panel/,1,1,,56,yes,no,other page ranks
2026-10-05,types of std tests,desktop,std-pages,/std-testing/,/std-testing/standard-std-panel/,1,,,56,yes,no,
2026-10-05,ua blood test,phone,selling-test-page,/tests/urinalysis/,/tests/urinalysis/,1,1,,102,yes,not checked,
2026-10-05,ua blood test,desktop,selling-test-page,/tests/urinalysis/,/tests/urinalysis/,1,,,102,yes,not checked,
2026-10-05,ua test,phone,selling-test-page,/tests/urinalysis/,/tests/urinalysis/,14,10,,636,no,yes,
2026-10-05,ua test,desktop,selling-test-page,/tests/urinalysis/,/tests/urinalysis/,1,,,636,yes,yes,
2026-10-05,uacr test price,phone,selling-test-page,/tests/urine-albumin-and-albumin-creatinine-ratio/,/tests/urine-albumin-and-albumin-creatinine-ratio/,24,19,,332,no,not checked,
2026-10-05,uacr test price,desktop,selling-test-page,/tests/urine-albumin-and-albumin-creatinine-ratio/,/tests/urine-albumin-and-albumin-creatinine-ratio/,28,,,332,no,not checked,
2026-10-05,uibc,phone,selling-test-page,/tests/transferrin-and-iron-binding-capacity-tibc-uibc/,/tests/transferrin-and-iron-binding-capacity-tibc-uibc/,38,34,,4,no,not checked,
2026-10-05,uibc,desktop,selling-test-page,/tests/transferrin-and-iron-binding-capacity-tibc-uibc/,/tests/transferrin-and-iron-binding-capacity-tibc-uibc/,29,,,4,no,not checked,
2026-10-05,uibc blood test,phone,selling-test-page,/tests/transferrin-and-iron-binding-capacity-tibc-uibc/,/tests/transferrin-and-iron-binding-capacity-tibc-uibc/,12,13,,147,no,not checked,
2026-10-05,uibc blood test,desktop,selling-test-page,/tests/transferrin-and-iron-binding-capacity-tibc-uibc/,/tests/transferrin-and-iron-binding-capacity-tibc-uibc/,13,,,147,no,not checked,
2026-10-05,ureaplasma,phone,next-in-line,/std-testing/mycoplasma-ureaplasma-test/,/std-testing/mycoplasma-ureaplasma-test/,36,34,,956,no,not checked,
2026-10-05,ureaplasma,desktop,next-in-line,/std-testing/mycoplasma-ureaplasma-test/,/std-testing/mycoplasma-ureaplasma-test/,37,,,956,no,not checked,
2026-10-05,ureaplasma antibiotics,phone,treatments,/treatments/ureaplasma/,,,101,,0,no,not checked,
2026-10-05,ureaplasma antibiotics,desktop,treatments,/treatments/ureaplasma/,,,,,0,no,not checked,
2026-10-05,ureaplasma test,phone,next-in-line,/std-testing/mycoplasma-ureaplasma-test/,/std-testing/mycoplasma-ureaplasma-test/,1,1,,1437,yes,yes,
2026-10-05,ureaplasma test,desktop,next-in-line,/std-testing/mycoplasma-ureaplasma-test/,/std-testing/mycoplasma-ureaplasma-test/,1,,,1437,yes,yes,
2026-10-05,ureaplasma treatment,phone,treatments,/treatments/ureaplasma/,,,78,,0,no,not checked,
2026-10-05,ureaplasma treatment,desktop,treatments,/treatments/ureaplasma/,,,,,0,no,not checked,
2026-10-05,uric acid blood test,phone,selling-test-page,/tests/uric-acid/,/tests/uric-acid/,16,25,,423,no,not checked,
2026-10-05,uric acid blood test,desktop,selling-test-page,/tests/uric-acid/,/tests/uric-acid/,17,,,423,no,not checked,
2026-10-05,uric acid lab test,phone,selling-test-page,/tests/uric-acid/,/tests/uric-acid/,1,1,,181,yes,yes,
2026-10-05,uric acid lab test,desktop,selling-test-page,/tests/uric-acid/,/tests/uric-acid/,1,,,181,yes,yes,
2026-10-05,uric acid test,phone,selling-test-page,/tests/uric-acid/,/tests/uric-acid/,1,1,,408,yes,no,
2026-10-05,uric acid test,desktop,selling-test-page,/tests/uric-acid/,/tests/uric-acid/,1,,,408,yes,no,
2026-10-05,urinalysis,phone,selling-test-page,/tests/urinalysis/,/tests/urinalysis/,27,20,,412,no,not checked,
2026-10-05,urinalysis,desktop,selling-test-page,/tests/urinalysis/,/tests/urinalysis/,26,,,412,no,not checked,
2026-10-05,urinalysis test,phone,kept,/tests/urinalysis/,/tests/urinalysis/,30,28,,107,no,not checked,
2026-10-05,urinalysis test,desktop,kept,/tests/urinalysis/,/tests/urinalysis/,28,,,107,no,not checked,
2026-10-05,urine culture,phone,next-in-line,/tests/urine-culture/,/tests/urine-culture/,18,11,,3707,no,no,refresh
2026-10-05,urine culture,desktop,next-in-line,/tests/urine-culture/,/tests/urine-culture/,1,,,3707,yes,no,
2026-10-05,urine culture test,phone,next-in-line,/tests/urine-culture/,/tests/urine-culture/,1,1,,1757,yes,not checked,
2026-10-05,urine culture test,desktop,next-in-line,/tests/urine-culture/,/tests/urine-culture/,1,,,1757,yes,yes,
2026-10-05,urine drug test,phone,next-in-line,/tests/urine-drug-test/,/tests/10-panel-drug-testing/,1,1,,2962,yes,no,buy button; other page ranks
2026-10-05,urine drug test,desktop,next-in-line,/tests/urine-drug-test/,/tests/10-panel-drug-testing/,1,,,2962,yes,no,
2026-10-05,urine mercury levels,phone,kept,/tests/mercury/,/tests/mercury/,32,29,,37,no,not checked,
2026-10-05,urine mercury levels,desktop,kept,/tests/mercury/,/tests/mercury/,13,,,37,no,not checked,
2026-10-05,urine naat test,desktop,leaving,/std-testing/chlamydia-gonorrhea-test/,/std-testing/chlamydia-gonorrhea-test/,1,,,76,yes,yes,
2026-10-05,urine protein creatinine ratio,phone,selling-test-page,/tests/urine-protein-and-urine-protein-creatinine-ratio/,/tests/urine-protein-and-urine-protein-creatinine-ratio/,1,1,,1146,yes,yes,
2026-10-05,urine protein creatinine ratio,desktop,selling-test-page,/tests/urine-protein-and-urine-protein-creatinine-ratio/,/tests/urine-protein-and-urine-protein-creatinine-ratio/,1,,,1146,yes,yes,
2026-10-05,urine protein creatinine ratio test,phone,kept,/tests/urine-protein-and-urine-protein-creatinine-ratio/,/tests/urine-protein-and-urine-protein-creatinine-ratio/,1,1,,45,yes,yes,
2026-10-05,urine protein creatinine ratio test,desktop,kept,/tests/urine-protein-and-urine-protein-creatinine-ratio/,/tests/urine-protein-and-urine-protein-creatinine-ratio/,1,,,45,yes,yes,
2026-10-05,uti test,phone,category,/uti-testing/,/tests/uti-testing/,1,1,,6499,yes,yes,other page ranks
2026-10-05,uti test,desktop,category,/uti-testing/,/tests/uti-testing/,1,,,6499,yes,yes,
2026-10-05,uti testing,phone,category,/uti-testing/,/tests/urine-culture/,1,1,,1064,yes,yes,other page ranks
2026-10-05,uti testing,desktop,category,/uti-testing/,/tests/urine-culture/,1,,,1064,yes,yes,
2026-10-05,varicella titer,phone,next-in-line,/tests/varicella-titer-test/,/tests/varicella-titer-test/,1,1,,1605,yes,yes,
2026-10-05,varicella titer,desktop,next-in-line,/tests/varicella-titer-test/,/tests/varicella-titer-test/,1,,,1605,yes,yes,
2026-10-05,varicella titer test,phone,next-in-line,/tests/varicella-titer-test/,/tests/chickenpox-and-shingles-tests/,1,1,,729,yes,yes,other page ranks
2026-10-05,varicella titer test,desktop,next-in-line,/tests/varicella-titer-test/,/tests/chickenpox-and-shingles-tests/,1,,,729,yes,yes,
2026-10-05,varicella zoster igg,phone,next-in-line,/tests/chickenpox-and-shingles-tests/,/tests/varicella-titer-test/,1,1,,2060,yes,yes,buy button; other page ranks
2026-10-05,varicella zoster igg,desktop,next-in-line,/tests/chickenpox-and-shingles-tests/,/tests/chickenpox-and-shingles-tests/,1,,,2060,yes,yes,
2026-10-05,venereal disease screening,phone,std-pages,/std-testing/,/std-testing/,9,8,,143,no,not checked,
2026-10-05,venereal disease screening,desktop,std-pages,/std-testing/,/std-testing/,7,,,143,no,not checked,
2026-10-05,vitamin a blood test,phone,selling-test-page,/tests/vitamin-a/,/tests/vitamin-a/,1,1,,149,yes,yes,
2026-10-05,vitamin a blood test,desktop,selling-test-page,/tests/vitamin-a/,/tests/vitamin-a/,1,,,149,yes,yes,
2026-10-05,vitamin a retinol,phone,selling-test-page,/tests/vitamin-a/,,,101,,39,no,not checked,
2026-10-05,vitamin a retinol,desktop,selling-test-page,/tests/vitamin-a/,,,,,39,no,not checked,
2026-10-05,vitamin a test,desktop,leaving,/tests/vitamin-a/,/tests/vitamin-a/,1,,,78,yes,yes,
2026-10-05,vitamin b,phone,next-in-line,/tests/b-vitamins/,/tests/b-vitamins/,16,101,,259,no,not checked,
2026-10-05,vitamin b,desktop,next-in-line,/tests/b-vitamins/,/tests/b-vitamins/,16,,,259,no,not checked,
2026-10-05,vitamin b12 blood test,phone,selling-test-page,/tests/vitamin-b12/,/tests/vitamin-b12/,1,1,,894,yes,yes,
2026-10-05,vitamin b12 blood test,desktop,selling-test-page,/tests/vitamin-b12/,/tests/vitamin-b12/,1,,,894,yes,yes,
2026-10-05,vitamin b12 test,phone,selling-test-page,/tests/vitamin-b12/,/tests/vitamin-b12/,1,1,,334,yes,yes,
2026-10-05,vitamin b12 test,desktop,selling-test-page,/tests/vitamin-b12/,/tests/vitamin-b12/,1,,,334,yes,yes,
2026-10-05,vitamin d 25 hydroxy,phone,selling-test-page,/tests/vitamin-d-25-hydroxy-test/,/tests/vitamin-d-25-hydroxy-test/,1,1,,11716,yes,yes,
2026-10-05,vitamin d 25 hydroxy,desktop,selling-test-page,/tests/vitamin-d-25-hydroxy-test/,/tests/vitamin-d-25-hydroxy-test/,1,,,11716,yes,yes,
2026-10-05,vitamin d 25 hydroxy test,phone,kept,/tests/vitamin-d-25-hydroxy-test/,/tests/vitamin-d-25-hydroxy-test/,1,1,,1191,yes,yes,
2026-10-05,vitamin d 25 hydroxy test,desktop,kept,/tests/vitamin-d-25-hydroxy-test/,/tests/vitamin-d-25-hydroxy-test/,1,,,1191,yes,yes,
2026-10-05,vitamin d blood test,phone,selling-test-page,/tests/vitamin-d-25-hydroxy-test/,/tests/vitamin-d-25-hydroxy-test/,1,1,,3630,yes,yes,
2026-10-05,vitamin d blood test,desktop,selling-test-page,/tests/vitamin-d-25-hydroxy-test/,/tests/vitamin-d-25-hydroxy-test/,1,,,3630,yes,yes,
2026-10-05,vitamin d blood test name,phone,selling-test-page,/tests/vitamin-d-tests/,/tests/vitamin-d-25-hydroxy-test/,1,1,,240,yes,yes,other page ranks
2026-10-05,vitamin d blood test name,desktop,selling-test-page,/tests/vitamin-d-tests/,/tests/vitamin-d-25-hydroxy-test/,1,,,240,yes,yes,
2026-10-05,vitamin d screening,phone,selling-test-page,/tests/vitamin-d-tests/,/tests/vitamin-d-25-hydroxy-test/,1,1,,73,yes,yes,other page ranks
2026-10-05,vitamin d screening,desktop,selling-test-page,/tests/vitamin-d-tests/,/tests/vitamin-d-25-hydroxy-test/,1,,,73,yes,yes,
2026-10-05,vitamin d test,phone,kept,/tests/vitamin-d-25-hydroxy-test/,/tests/vitamin-d-25-hydroxy-test/,1,1,,1616,yes,no,
2026-10-05,vitamin d test,desktop,kept,/tests/vitamin-d-25-hydroxy-test/,/tests/vitamin-d-25-hydroxy-test/,1,,,1616,yes,yes,
2026-10-05,vitamin d25 hydroxy,desktop,leaving,/tests/vitamin-d-25-hydroxy-test/,/tests/vitamin-d-25-hydroxy-test/,1,,,945,yes,yes,
2026-10-05,vitamin deficiency test,phone,category,/vitamins-and-nutritional-testing/,/tests/vitamins-and-nutritional-testing/,1,1,,833,yes,not checked,other page ranks
2026-10-05,vitamin deficiency test,desktop,category,/vitamins-and-nutritional-testing/,/tests/vitamins-and-nutritional-testing/,1,,,833,yes,no,
2026-10-05,vitamin k blood test,phone,selling-test-page,/tests/vitamin-k/,/tests/vitamin-k/,1,1,,85,yes,yes,
2026-10-05,vitamin k blood test,desktop,selling-test-page,/tests/vitamin-k/,/tests/vitamin-k/,1,,,85,yes,yes,
2026-10-05,vitamin k test,phone,selling-test-page,/tests/vitamin-k/,/tests/vitamin-k/,1,1,,71,yes,yes,
2026-10-05,vitamin k test,desktop,selling-test-page,/tests/vitamin-k/,/tests/vitamin-k/,1,,,71,yes,yes,
2026-10-05,vitamin k1 test,phone,selling-test-page,/tests/vitamin-k/,/tests/vitamin-k/,7,7,,28,no,not checked,
2026-10-05,vitamin k1 test,desktop,selling-test-page,/tests/vitamin-k/,/tests/vitamin-k/,1,,,28,yes,yes,
2026-10-05,vitamin panel blood test,phone,next-in-line,/tests/comprehensive-vitamin-panel/,/tests/comprehensive-vitamin-panel/,1,1,,349,yes,yes,
2026-10-05,vitamin panel blood test,desktop,next-in-line,/tests/comprehensive-vitamin-panel/,/tests/comprehensive-vitamin-panel/,1,,,349,yes,yes,
2026-10-05,vitamin test,phone,category,/vitamins-and-nutritional-testing/,/tests/comprehensive-vitamin-panel/,1,1,,350,yes,not checked,other page ranks
2026-10-05,vitamin test,desktop,category,/vitamins-and-nutritional-testing/,/tests/vitamins-and-nutritional-testing/,1,,,350,yes,not checked,
2026-10-05,vldl,phone,next-in-line,/tests/vldl-cholesterol/,/tests/vldl-cholesterol/,1,10,,1394,yes,not checked,refresh
2026-10-05,vldl,desktop,next-in-line,/tests/vldl-cholesterol/,/tests/vldl-cholesterol/,11,,,1394,no,not checked,
2026-10-05,vldl cholesterol,phone,next-in-line,/tests/vldl-cholesterol/,/tests/vldl-cholesterol/,1,1,,2577,yes,not checked,buy button
2026-10-05,vldl cholesterol,desktop,next-in-line,/tests/vldl-cholesterol/,/tests/vldl-cholesterol/,11,,,2577,no,not checked,
2026-10-05,von willebrand factor,phone,next-in-line,/tests/von-willebrand-factor/,/tests/von-willebrand-factor/,10,10,,1556,no,no,refresh
2026-10-05,von willebrand factor,desktop,next-in-line,/tests/von-willebrand-factor/,/tests/von-willebrand-factor/,30,,,1556,no,yes,
2026-10-05,vwf,phone,next-in-line,/tests/von-willebrand-factor/,/tests/von-willebrand-factor/,10,1,,397,no,no,
2026-10-05,vwf,desktop,next-in-line,/tests/von-willebrand-factor/,/tests/von-willebrand-factor/,12,,,397,no,no,
2026-10-05,vzv igg,phone,next-in-line,/tests/chickenpox-and-shingles-tests/,/tests/chickenpox-and-shingles-tests/,1,1,,859,yes,yes,
2026-10-05,vzv igg,desktop,next-in-line,/tests/chickenpox-and-shingles-tests/,/tests/chickenpox-and-shingles-tests/,1,,,859,yes,yes,
2026-10-05,wbc blood test,phone,next-in-line,/tests/white-blood-cell-count-wbc/,/tests/white-blood-cell-count-wbc/,22,18,,8842,no,not checked,
2026-10-05,wbc blood test,desktop,next-in-line,/tests/white-blood-cell-count-wbc/,/tests/white-blood-cell-count-wbc/,30,,,8842,no,not checked,
2026-10-05,wellness test,phone,category,/health-and-wellness-testing/,/tests/health-and-wellness-testing/,5,5,,173,no,not checked,other page ranks
2026-10-05,wellness test,desktop,category,/health-and-wellness-testing/,/tests/health-and-wellness-testing/,1,,,173,yes,not checked,
2026-10-05,what is sermorelin,phone,treatments,/treatments/sermorelin-benefits/,/treatments/sermorelin-benefits/,1,1,,4865,yes,not checked,
2026-10-05,what is sermorelin,desktop,treatments,/treatments/sermorelin-benefits/,/treatments/sermorelin-benefits/,1,,,4865,yes,not checked,
2026-10-05,whey allergy test,phone,not-ranking-yet,/tests/whey-allergy-test/,/tests/whey-allergy-test/,1,1,,8,yes,yes,
2026-10-05,whey allergy test,desktop,not-ranking-yet,/tests/whey-allergy-test/,/tests/whey-allergy-test/,1,,,8,yes,yes,
2026-10-05,women's hormone blood panel,phone,not-ranking-yet,/tests/comprehensive-female-hormone-panel/,/tests/female-hormone-panel/,1,1,,26,yes,yes,other page ranks
2026-10-05,women's hormone blood panel,desktop,not-ranking-yet,/tests/comprehensive-female-hormone-panel/,/tests/female-hormone-panel/,1,,,26,yes,yes,
2026-10-05,women's hormone lab panel,phone,not-ranking-yet,/tests/expanded-female-hormone-panel/,/tests/female-hormone-panel/,1,1,,31,yes,yes,other page ranks
2026-10-05,women's hormone lab panel,desktop,not-ranking-yet,/tests/expanded-female-hormone-panel/,/tests/female-hormone-panel/,1,,,31,yes,yes,
2026-10-05,women's hormone panel,phone,not-ranking-yet,/tests/comprehensive-female-hormone-panel/,/tests/female-hormone-panel/,1,1,,55,yes,yes,other page ranks
2026-10-05,women's hormone panel,desktop,not-ranking-yet,/tests/comprehensive-female-hormone-panel/,/tests/female-hormone-panel/,1,,,55,yes,yes,
2026-10-05,women's hormone panel blood test,phone,not-ranking-yet,/tests/expanded-female-hormone-panel/,/tests/female-hormone-panel/,1,1,,33,yes,yes,other page ranks
2026-10-05,women's hormone panel blood test,desktop,not-ranking-yet,/tests/expanded-female-hormone-panel/,/tests/female-hormone-panel/,1,,,33,yes,yes,
2026-10-05,women's hormone test panel,phone,not-ranking-yet,/tests/comprehensive-female-hormone-panel/,/tests/female-hormone-panel/,1,1,,28,yes,yes,other page ranks
2026-10-05,women's hormone test panel,desktop,not-ranking-yet,/tests/comprehensive-female-hormone-panel/,/tests/female-hormone-panel/,1,,,28,yes,not checked,
2026-10-05,yeast allergy blood test,phone,not-ranking-yet,/tests/yeast-allergy-test/,/tests/yeast-allergy-test/,10,8,,8,no,not checked,
2026-10-05,yeast allergy blood test,desktop,not-ranking-yet,/tests/yeast-allergy-test/,/tests/yeast-allergy-test/,9,,,8,no,not checked,
2026-10-05,yeast allergy test,phone,not-ranking-yet,/tests/yeast-allergy-test/,/tests/yeast-allergy-test/,1,1,,35,yes,yes,
2026-10-05,yeast allergy test,desktop,not-ranking-yet,/tests/yeast-allergy-test/,/tests/yeast-allergy-test/,12,,,35,no,yes,
2026-10-05,yeast infection medication,phone,treatments,/treatments/yeast-infection/,,,101,,0,no,not checked,
2026-10-05,yeast infection medication,desktop,treatments,/treatments/yeast-infection/,,,,,0,no,not checked,
2026-10-05,yeast infection test,phone,next-in-line,/tests/yeast-infection-test/,/tests/yeast-infection-test/,9,10,,3797,no,not checked,refresh
2026-10-05,yeast infection test,desktop,next-in-line,/tests/yeast-infection-test/,/tests/yeast-infection-test/,7,,,3797,no,not checked,
2026-10-05,yeast infection treatment,phone,treatments,/treatments/yeast-infection/,,,101,,31,no,not checked,
2026-10-05,yeast infection treatment,desktop,treatments,/treatments/yeast-infection/,,,,,31,no,not checked,
2026-10-05,zinc blood test,phone,selling-test-page,/tests/zinc-blood-test/,/tests/zinc-blood-test/,1,1,,540,yes,yes,
2026-10-05,zinc blood test,desktop,selling-test-page,/tests/zinc-blood-test/,/tests/zinc-blood-test/,1,,,540,yes,yes,
2026-10-05,zinc lab test,phone,selling-test-page,/tests/zinc-blood-test/,/tests/zinc-blood-test/,1,1,,83,yes,yes,
2026-10-05,zinc lab test,desktop,selling-test-page,/tests/zinc-blood-test/,/tests/zinc-blood-test/,1,,,83,yes,yes,
2026-10-05,zinc test,phone,selling-test-page,/tests/zinc-blood-test/,/tests/zinc-blood-test/,11,1,,176,no,yes,
2026-10-05,zinc test,desktop,selling-test-page,/tests/zinc-blood-test/,/tests/zinc-blood-test/,11,,,176,no,yes,
