week_of,keyword,device,group,planned_page,ranking_page,position_latest,median_7d,median_prior_7d,gsc_impressions_28d,ai_overview_on_page,testing_com_in_ai_overview,signals
2026-09-28,10 panel drug screen,phone,next-in-line,/tests/10-panel-drug-testing/,/tests/10-panel-drug-testing/,1,1.0,,1627,yes,yes,
2026-09-28,10 panel drug screen,desktop,next-in-line,/tests/10-panel-drug-testing/,,,,,1627,yes,yes,
2026-09-28,10 panel drug test,phone,next-in-line,/tests/10-panel-drug-testing/,/tests/10-panel-drug-testing/,1,1.0,,8641,yes,yes,buy button
2026-09-28,10 panel drug test,desktop,next-in-line,/tests/10-panel-drug-testing/,/tests/10-panel-drug-testing/,1,,,8641,yes,yes,
2026-09-28,13 panel std test,phone,std-pages,/std-testing/full-std-panel/,/std-testing/full-std-panel/,2,2.0,,143,yes,yes,
2026-09-28,13 panel std test,desktop,std-pages,/std-testing/full-std-panel/,/std-testing/full-std-panel/,2,,,143,yes,yes,
2026-09-28,15/3,phone,next-in-line,/tests/ca-15-3/,/tests/ca-15-3/,6,6.0,,8578,no,no,
2026-09-28,15/3,desktop,next-in-line,/tests/ca-15-3/,/tests/ca-15-3/,6,,,8578,no,no,
2026-09-28,17 hydroxyprogesterone,phone,next-in-line,/tests/17-hydroxyprogesterone/,/tests/17-hydroxyprogesterone/,10,10.0,,526,yes,no,
2026-09-28,17 hydroxyprogesterone,desktop,next-in-line,/tests/17-hydroxyprogesterone/,/tests/17-hydroxyprogesterone/,15,,,526,yes,no,
2026-09-28,a1ac blood test,phone,selling-test-page,/tests/hemoglobin-a1c/,/tests/hemoglobin-a1c/,37,37.0,,524,yes,no,
2026-09-28,a1ac blood test,desktop,selling-test-page,/tests/hemoglobin-a1c/,/tests/hemoglobin-a1c/,22,,,524,yes,no,
2026-09-28,a1c testing,phone,selling-test-page,/tests/hemoglobin-a1c/,/tests/hemoglobin-a1c/,43,44.0,,168,yes,no,
2026-09-28,a1c testing,desktop,selling-test-page,/tests/hemoglobin-a1c/,/tests/hemoglobin-a1c/,45,,,168,yes,no,
2026-09-28,abo rh test,phone,selling-test-page,/tests/blood-typing/,,,55.5,,1526,yes,yes,
2026-09-28,abo rh test,desktop,selling-test-page,/tests/blood-typing/,/tests/blood-typing/,10,,,1526,yes,yes,
2026-09-28,acetaminophen blood test,phone,next-in-line,/tests/acetaminophen/,/tests/acetaminophen/,4,4.0,,107,yes,yes,
2026-09-28,acetaminophen blood test,desktop,next-in-line,/tests/acetaminophen/,/tests/acetaminophen/,8,,,107,yes,yes,
2026-09-28,acetaminophen test,phone,next-in-line,/tests/acetaminophen/,/tests/acetaminophen/,8,8.0,,12,yes,yes,
2026-09-28,acetaminophen test,desktop,next-in-line,/tests/acetaminophen/,/tests/acetaminophen/,7,,,12,yes,yes,
2026-09-28,acetylcholine receptor antibody,phone,next-in-line,/tests/acetylcholine-receptor-achr-antibody/,/tests/acetylcholine-receptor-achr-antibody/,2,2.0,,600,yes,yes,
2026-09-28,acetylcholine receptor antibody,desktop,next-in-line,/tests/acetylcholine-receptor-achr-antibody/,,,,,600,yes,yes,
2026-09-28,acetylcholine receptor antibody test,phone,kept,/tests/acetylcholine-receptor-achr-antibody/,/tests/acetylcholine-receptor-achr-antibody/,1,1.0,,141,yes,yes,
2026-09-28,acetylcholine receptor antibody test,desktop,kept,/tests/acetylcholine-receptor-achr-antibody/,/tests/acetylcholine-receptor-achr-antibody/,2,,,141,yes,yes,
2026-09-28,acetylcholine receptor binding antibody,phone,next-in-line,/tests/acetylcholine-receptor-achr-antibody/,/tests/acetylcholine-receptor-achr-antibody/,1,1.5,,457,yes,yes,
2026-09-28,acetylcholine receptor binding antibody,desktop,next-in-line,/tests/acetylcholine-receptor-achr-antibody/,/tests/acetylcholine-receptor-achr-antibody/,2,,,457,yes,yes,
2026-09-28,achr antibody test,phone,kept,/tests/acetylcholine-receptor-achr-antibody/,/tests/acetylcholine-receptor-achr-antibody/,2,2.0,,171,yes,yes,
2026-09-28,achr antibody test,desktop,kept,/tests/acetylcholine-receptor-achr-antibody/,/tests/acetylcholine-receptor-achr-antibody/,2,,,171,yes,yes,
2026-09-28,acid fast bacilli,phone,next-in-line,/tests/acid-fast-bacillus-afb-testing/,/tests/acid-fast-bacillus-afb-testing/,3,3.0,,1947,yes,yes,
2026-09-28,acid fast bacilli,desktop,next-in-line,/tests/acid-fast-bacillus-afb-testing/,/tests/acid-fast-bacillus-afb-testing/,3,,,1947,yes,yes,
2026-09-28,act blood test,phone,next-in-line,/tests/activated-clotting-time-act/,,,51.0,,531,yes,yes,
2026-09-28,act blood test,desktop,next-in-line,/tests/activated-clotting-time-act/,/tests/activated-clotting-time-act/,1,,,531,yes,yes,
2026-09-28,acth,phone,next-in-line,/tests/adrenocorticotropic-hormone-acth/,/tests/adrenocorticotropic-hormone-acth/,4,3.0,,21938,yes,yes,buy button
2026-09-28,acth,desktop,next-in-line,/tests/adrenocorticotropic-hormone-acth/,/tests/adrenocorticotropic-hormone-acth/,3,,,21938,yes,yes,
2026-09-28,acth hormone,phone,next-in-line,/tests/adrenocorticotropic-hormone-acth/,/tests/adrenocorticotropic-hormone-acth/,3,8.0,,6749,yes,yes,refresh
2026-09-28,acth hormone,desktop,next-in-line,/tests/adrenocorticotropic-hormone-acth/,/tests/adrenocorticotropic-hormone-acth/,4,,,6749,yes,yes,
2026-09-28,acth stim test,phone,selling-test-page,/tests/acth-stimulation-test/,/tests/acth-stimulation-test/,23,15.0,,153,yes,no,
2026-09-28,acth stim test,desktop,selling-test-page,/tests/acth-stimulation-test/,,,,,153,yes,no,
2026-09-28,acth stimulation test,phone,selling-test-page,/tests/acth-stimulation-test/,/tests/acth-stimulation-test/,17,15.0,,1107,yes,yes,refresh
2026-09-28,acth stimulation test,desktop,selling-test-page,/tests/acth-stimulation-test/,/tests/acth-stimulation-test/,15,,,1107,yes,yes,
2026-09-28,activated clotting time,phone,next-in-line,/tests/activated-clotting-time-act/,/tests/activated-clotting-time-act/,2,2.0,,555,yes,yes,
2026-09-28,activated clotting time,desktop,next-in-line,/tests/activated-clotting-time-act/,/tests/activated-clotting-time-act/,3,,,555,yes,yes,
2026-09-28,acute hepatitis panel,phone,selling-test-page,/tests/acute-viral-hepatitis-panel/,/tests/acute-viral-hepatitis-panel/,2,2.0,,1036,yes,yes,
2026-09-28,acute hepatitis panel,desktop,selling-test-page,/tests/acute-viral-hepatitis-panel/,/tests/acute-viral-hepatitis-panel/,4,,,1036,yes,yes,
2026-09-28,acute viral hepatitis panel,phone,kept,/tests/acute-viral-hepatitis-panel/,/tests/acute-viral-hepatitis-panel/,2,2.0,,60,yes,yes,
2026-09-28,acute viral hepatitis panel,desktop,kept,/tests/acute-viral-hepatitis-panel/,/tests/acute-viral-hepatitis-panel/,2,,,60,yes,yes,
2026-09-28,adh,phone,next-in-line,/tests/antidiuretic-hormone-adh/,/tests/antidiuretic-hormone-adh/,7,9.5,,11861,yes,yes,refresh
2026-09-28,adh,desktop,next-in-line,/tests/antidiuretic-hormone-adh/,/tests/antidiuretic-hormone-adh/,6,,,11861,yes,yes,
2026-09-28,adh hormone,phone,next-in-line,/tests/antidiuretic-hormone-adh/,/tests/antidiuretic-hormone-adh/,6,9.0,,211,yes,yes,
2026-09-28,adh hormone,desktop,next-in-line,/tests/antidiuretic-hormone-adh/,/tests/antidiuretic-hormone-adh/,8,,,211,yes,no,
2026-09-28,adrenal gland test,phone,selling-test-page,/tests/acth-stimulation-test/,/tests/cortisol/,17,16.0,,147,yes,no,other page ranks
2026-09-28,adrenal gland test,desktop,selling-test-page,/tests/acth-stimulation-test/,/tests/cortisol-am-and-pm-test/,24,,,147,yes,no,
2026-09-28,afb culture,phone,next-in-line,/tests/acid-fast-bacillus-afb-testing/,/tests/acid-fast-bacillus-afb-testing/,6,6.5,,1577,yes,yes,
2026-09-28,afb culture,desktop,next-in-line,/tests/acid-fast-bacillus-afb-testing/,/tests/acid-fast-bacillus-afb-testing/,7,,,1577,yes,yes,
2026-09-28,afp test,phone,kept,/tests/alpha-fetoprotein-afp-tumor-marker/,/tests/alpha-fetoprotein-afp-tumor-marker/,8,5.0,,3255,yes,yes,
2026-09-28,afp test,desktop,kept,/tests/alpha-fetoprotein-afp-tumor-marker/,/tests/alpha-fetoprotein-afp-tumor-marker/,6,,,3255,yes,yes,
2026-09-28,afp tumor marker,phone,next-in-line,/tests/alpha-fetoprotein-afp-tumor-marker/,/tests/alpha-fetoprotein-afp-tumor-marker/,3,3.0,,4899,yes,yes,buy button
2026-09-28,afp tumor marker,desktop,next-in-line,/tests/alpha-fetoprotein-afp-tumor-marker/,/tests/alpha-fetoprotein-afp-tumor-marker/,6,,,4899,yes,yes,
2026-09-28,alanine aminotransferase,phone,kept,/tests/alanine-aminotransferase-alt/,/tests/alanine-aminotransferase-alt/,21,20.5,,201,yes,no,
2026-09-28,alanine aminotransferase,desktop,kept,/tests/alanine-aminotransferase-alt/,/tests/alanine-aminotransferase-alt/,20,,,201,yes,no,
2026-09-28,alanine aminotransferase high,phone,kept,/tests/alanine-aminotransferase-alt/,/tests/alanine-aminotransferase-alt/,22,22.0,,15,yes,no,
2026-09-28,alanine aminotransferase high,desktop,kept,/tests/alanine-aminotransferase-alt/,/tests/alanine-aminotransferase-alt/,24,,,15,yes,no,
2026-09-28,albumin,phone,selling-test-page,/tests/albumin/,,,101.0,,120,yes,no,
2026-09-28,albumin,desktop,selling-test-page,/tests/albumin/,,,,,120,yes,no,
2026-09-28,albumin blood test,phone,selling-test-page,/tests/albumin/,/tests/albumin/,11,11.0,,167,yes,no,
2026-09-28,albumin blood test,desktop,selling-test-page,/tests/albumin/,/tests/albumin/,11,,,167,yes,no,
2026-09-28,albumin test,phone,selling-test-page,/tests/albumin/,/tests/albumin/,12,11.5,,66,yes,yes,
2026-09-28,albumin test,desktop,selling-test-page,/tests/albumin/,/tests/albumin/,12,,,66,yes,yes,
2026-09-28,aldolase,phone,next-in-line,/tests/aldolase/,/tests/aldolase/,8,8.0,,1928,yes,yes,refresh
2026-09-28,aldolase,desktop,next-in-line,/tests/aldolase/,/tests/aldolase/,8,,,1928,yes,no,
2026-09-28,aldolase test,phone,next-in-line,/tests/aldolase/,/tests/aldolase/,6,53.5,,2015,yes,yes,
2026-09-28,aldolase test,desktop,next-in-line,/tests/aldolase/,/tests/aldolase/,6,,,2015,yes,yes,
2026-09-28,aldosterone,phone,selling-test-page,/tests/aldosterone-and-renin/,/tests/aldosterone-and-renin/,21,21.0,,284,yes,no,
2026-09-28,aldosterone,desktop,selling-test-page,/tests/aldosterone-and-renin/,/tests/aldosterone-and-renin/,27,,,284,yes,no,
2026-09-28,aldosterone blood test,phone,selling-test-page,/tests/aldosterone-and-renin/,,,2.0,,503,yes,yes,
2026-09-28,aldosterone blood test,desktop,selling-test-page,/tests/aldosterone-and-renin/,/tests/aldosterone-and-renin/,3,,,503,yes,yes,
2026-09-28,aldosterone test,phone,selling-test-page,/tests/aldosterone-and-renin/,/tests/aldosterone-and-renin/,3,3.0,,862,yes,yes,
2026-09-28,aldosterone test,desktop,selling-test-page,/tests/aldosterone-and-renin/,/tests/aldosterone-and-renin/,4,,,862,yes,yes,
2026-09-28,alkaline phosphatase,phone,next-in-line,/tests/alkaline-phosphatase-alp/,/tests/alkaline-phosphatase-alp/,6,5.5,,53144,yes,no,
2026-09-28,alkaline phosphatase,desktop,next-in-line,/tests/alkaline-phosphatase-alp/,/tests/alkaline-phosphatase-alp/,5,,,53144,yes,no,
2026-09-28,alkaline phosphatase blood test,phone,next-in-line,/tests/alkaline-phosphatase-alp/,,,101.0,,6337,yes,no,
2026-09-28,alkaline phosphatase blood test,desktop,next-in-line,/tests/alkaline-phosphatase-alp/,/tests/alkaline-phosphatase-alp/,10,,,6337,yes,no,
2026-09-28,allergen food test,phone,selling-test-page,/tests/food-allergy-testing/,/tests/at-home-food-allergy-test/,20,15.5,,1818,yes,no,other page ranks
2026-09-28,allergen food test,desktop,selling-test-page,/tests/food-allergy-testing/,/tests/at-home-food-allergy-test/,18,,,1818,yes,no,
2026-09-28,allergy diagnosis,phone,category,/allergy-testing/,/tests/allergy-blood-testing/,18,17.0,,60,yes,no,other page ranks
2026-09-28,allergy diagnosis,desktop,category,/allergy-testing/,/tests/allergy-blood-testing/,18,,,60,yes,no,
2026-09-28,allergy testing,phone,category,/allergy-testing/,,,101.0,,1576,yes,no,
2026-09-28,allergy testing,desktop,category,/allergy-testing/,,,,,1576,yes,no,
2026-09-28,almond allergy test,phone,not-ranking-yet,/tests/almond-allergy-test/,/tests/almond-allergy-test/,6,6.0,,8,yes,yes,
2026-09-28,almond allergy test,desktop,not-ranking-yet,/tests/almond-allergy-test/,/tests/almond-allergy-test/,6,,,8,yes,yes,
2026-09-28,almond allergy testing,phone,not-ranking-yet,/tests/almond-allergy-test/,/tests/almond-allergy-test/,5,8.0,,17,yes,yes,
2026-09-28,almond allergy testing,desktop,not-ranking-yet,/tests/almond-allergy-test/,/tests/almond-allergy-test/,5,,,17,yes,yes,
2026-09-28,alpha fetoprotein,phone,next-in-line,/tests/alpha-fetoprotein-afp-tumor-marker/,/tests/alpha-fetoprotein-afp-tumor-marker/,5,5.0,,5863,yes,yes,
2026-09-28,alpha fetoprotein,desktop,next-in-line,/tests/alpha-fetoprotein-afp-tumor-marker/,/tests/alpha-fetoprotein-afp-tumor-marker/,5,,,5863,yes,yes,
2026-09-28,alpha fetoprotein tumor marker,phone,kept,/tests/alpha-fetoprotein-afp-tumor-marker/,/tests/alpha-fetoprotein-afp-tumor-marker/,4,4.0,,2061,yes,yes,
2026-09-28,alpha fetoprotein tumor marker,desktop,kept,/tests/alpha-fetoprotein-afp-tumor-marker/,/tests/alpha-fetoprotein-afp-tumor-marker/,3,,,2061,yes,yes,
2026-09-28,alt,phone,selling-test-page,/tests/alanine-aminotransferase-alt/,,,101.0,,56375,yes,yes,
2026-09-28,alt,desktop,selling-test-page,/tests/alanine-aminotransferase-alt/,,,,,56375,yes,no,
2026-09-28,alt blood test,phone,selling-test-page,/tests/alanine-aminotransferase-alt/,/tests/alanine-aminotransferase-alt/,19,19.0,,155,yes,no,
2026-09-28,alt blood test,desktop,selling-test-page,/tests/alanine-aminotransferase-alt/,/tests/alanine-aminotransferase-alt/,25,,,155,yes,no,
2026-09-28,am cortisol test,desktop,leaving,/tests/cortisol-am-and-pm-test/,/tests/cortisol-am-and-pm-test/,8,,,309,yes,yes,
2026-09-28,amh blood test,phone,selling-test-page,/tests/anti-mullerian-hormone/,/tests/anti-mullerian-hormone/,15,16.0,,191,yes,no,
2026-09-28,amh blood test,desktop,selling-test-page,/tests/anti-mullerian-hormone/,/tests/anti-mullerian-hormone/,15,,,191,yes,yes,
2026-09-28,amh test,phone,selling-test-page,/tests/anti-mullerian-hormone/,/tests/anti-mullerian-hormone/,15,17.5,,338,yes,no,
2026-09-28,amh test,desktop,selling-test-page,/tests/anti-mullerian-hormone/,/tests/anti-mullerian-hormone/,38,,,338,yes,no,
2026-09-28,ammonia blood test,phone,selling-test-page,/tests/ammonia/,/tests/ammonia/,8,9.0,,756,yes,yes,
2026-09-28,ammonia blood test,desktop,selling-test-page,/tests/ammonia/,/tests/ammonia/,8,,,756,yes,yes,
2026-09-28,ammonia in blood,phone,selling-test-page,/tests/ammonia/,/tests/ammonia/,19,19.0,,0,yes,no,
2026-09-28,ammonia in blood,desktop,selling-test-page,/tests/ammonia/,/tests/ammonia/,14,,,0,yes,no,
2026-09-28,ammonia levels,phone,kept,/tests/ammonia/,/tests/ammonia/,34,32.0,,47,yes,no,
2026-09-28,ammonia levels,desktop,kept,/tests/ammonia/,/tests/ammonia/,29,,,47,yes,no,
2026-09-28,ammonia test,phone,selling-test-page,/tests/ammonia/,/tests/ammonia/,10,10.5,,306,yes,yes,
2026-09-28,ammonia test,desktop,selling-test-page,/tests/ammonia/,/tests/ammonia/,12,,,306,yes,yes,
2026-09-28,amylase,phone,selling-test-page,/tests/amylase/,,,101.0,,221,yes,no,
2026-09-28,amylase,desktop,selling-test-page,/tests/amylase/,,,,,221,yes,no,
2026-09-28,amylase blood test,phone,selling-test-page,/tests/amylase/,/tests/amylase/,3,3.0,,3506,yes,yes,
2026-09-28,amylase blood test,desktop,selling-test-page,/tests/amylase/,,,,,3506,yes,yes,
2026-09-28,amylase test,phone,selling-test-page,/tests/amylase/,/tests/amylase/,10,9.0,,1159,yes,yes,refresh
2026-09-28,amylase test,desktop,selling-test-page,/tests/amylase/,/tests/amylase/,9,,,1159,yes,yes,
2026-09-28,ana blood test,phone,kept,/tests/antinuclear-antibody-ana/,/tests/antinuclear-antibody-ana/,19,16.0,,467,yes,no,
2026-09-28,ana blood test,desktop,kept,/tests/antinuclear-antibody-ana/,/tests/antinuclear-antibody-ana/,26,,,467,yes,no,
2026-09-28,ana lab,phone,selling-test-page,/tests/antinuclear-antibody-ana/,/tests/antinuclear-antibody-ana/,25,11.0,,891,yes,no,
2026-09-28,ana lab,desktop,selling-test-page,/tests/antinuclear-antibody-ana/,/tests/antinuclear-antibody-ana/,22,,,891,yes,no,
2026-09-28,ana panel,phone,kept,/tests/antinuclear-antibody-ana/,/tests/antinuclear-antibody-ana/,30,27.0,,32,yes,no,
2026-09-28,ana panel,desktop,kept,/tests/antinuclear-antibody-ana/,,,,,32,yes,no,
2026-09-28,ana reflex,phone,selling-test-page,/tests/antinuclear-antibody-ana/,/tests/antinuclear-antibody-ana/,25,25.0,,853,yes,no,
2026-09-28,ana reflex,desktop,selling-test-page,/tests/antinuclear-antibody-ana/,/tests/antinuclear-antibody-ana/,32,,,853,yes,no,
2026-09-28,ana screen,phone,selling-test-page,/tests/antinuclear-antibody-ana/,/tests/antinuclear-antibody-ana/,26,25.0,,789,yes,no,
2026-09-28,ana screen,desktop,selling-test-page,/tests/antinuclear-antibody-ana/,/tests/antinuclear-antibody-ana/,29,,,789,yes,no,
2026-09-28,ana test,phone,kept,/tests/antinuclear-antibody-ana/,/tests/antinuclear-antibody-ana/,28,28.0,,363,yes,no,
2026-09-28,ana test,desktop,kept,/tests/antinuclear-antibody-ana/,,,,,363,yes,no,
2026-09-28,anemia blood panel,phone,not-ranking-yet,/tests/anemia-panel-basic-test/,/tests/anemia-testing/,3,2.5,,31,yes,yes,other page ranks
2026-09-28,anemia blood panel,desktop,not-ranking-yet,/tests/anemia-panel-basic-test/,/tests/anemia-testing/,2,,,31,yes,yes,
2026-09-28,anemia blood test,desktop,leaving,/tests/anemia-testing/,/tests/anemia-testing/,5,,,1228,yes,yes,
2026-09-28,anemia panel,phone,selling-test-page,/tests/anemia-testing/,/tests/anemia-testing/,5,5.0,,729,yes,yes,
2026-09-28,anemia panel,desktop,selling-test-page,/tests/anemia-testing/,,,,,729,yes,yes,
2026-09-28,anemia panel blood test,phone,kept,/tests/anemia-testing/,/tests/anemia-testing/,1,1.0,,99,yes,yes,
2026-09-28,anemia panel blood test,desktop,kept,/tests/anemia-testing/,/tests/anemia-testing/,1,,,99,yes,yes,
2026-09-28,anemia panel labs,phone,not-ranking-yet,/tests/anemia-panel-basic-test/,/tests/anemia-testing/,6,6.0,,136,yes,yes,other page ranks
2026-09-28,anemia panel labs,desktop,not-ranking-yet,/tests/anemia-panel-basic-test/,/tests/anemia-testing/,6,,,136,yes,yes,
2026-09-28,anemia panel test,phone,kept,/tests/anemia-testing/,/tests/anemia-testing/,5,5.0,,101,yes,yes,
2026-09-28,anemia panel test,desktop,kept,/tests/anemia-testing/,/tests/anemia-testing/,5,,,101,yes,yes,
2026-09-28,anemia test,phone,category,/anemia-testing/,,,58.5,,339,yes,yes,
2026-09-28,anemia test,desktop,category,/anemia-testing/,/tests/anemia-panel-basic-test/,72,,,339,yes,yes,
2026-09-28,anion gap blood test,phone,selling-test-page,/tests/electrolytes-and-anion-gap/,/tests/electrolytes-and-anion-gap/,38,37.0,,57,yes,no,
2026-09-28,anion gap blood test,desktop,selling-test-page,/tests/electrolytes-and-anion-gap/,/tests/electrolytes-and-anion-gap/,55,,,57,yes,no,
2026-09-28,ankylosing spondylitis diagnosis,phone,category,/ankylosing-spondylitis-testing/,/ankylosing-spondylitis-testing/,8,8.0,,1866,yes,no,refresh
2026-09-28,ankylosing spondylitis diagnosis,desktop,category,/ankylosing-spondylitis-testing/,/ankylosing-spondylitis-testing/,8,,,1866,yes,no,
2026-09-28,ankylosing spondylitis physical exam,phone,category,/ankylosing-spondylitis-testing/,/ankylosing-spondylitis-testing/,4,4.0,,2578,yes,no,
2026-09-28,ankylosing spondylitis physical exam,desktop,category,/ankylosing-spondylitis-testing/,/ankylosing-spondylitis-testing/,4,,,2578,yes,no,
2026-09-28,anti centromere antibody,phone,next-in-line,/tests/anticentromere-antibody/,/tests/anticentromere-antibody/,1,1.0,,620,yes,yes,
2026-09-28,anti centromere antibody,desktop,next-in-line,/tests/anticentromere-antibody/,/tests/anticentromere-antibody/,1,,,620,yes,yes,
2026-09-28,anti hav,phone,selling-test-page,/tests/hepatitis-a-test/,/tests/hepatitis-a-antibody-test-igm-test/,54,30.5,,111,yes,yes,other page ranks
2026-09-28,anti hav,desktop,selling-test-page,/tests/hepatitis-a-test/,/tests/hepatitis-a-test/,6,,,111,yes,yes,
2026-09-28,anti mullerian hormone test,phone,selling-test-page,/tests/anti-mullerian-hormone/,/tests/anti-mullerian-hormone/,23,19.0,,262,yes,no,
2026-09-28,anti mullerian hormone test,desktop,selling-test-page,/tests/anti-mullerian-hormone/,/tests/anti-mullerian-hormone/,15,,,262,yes,no,
2026-09-28,anti musk antibody test,phone,next-in-line,/tests/anti-musk-muscle-specific-kinase-antibodies/,/tests/anti-musk-muscle-specific-kinase-antibodies/,1,1.0,,38,yes,yes,
2026-09-28,anti musk antibody test,desktop,next-in-line,/tests/anti-musk-muscle-specific-kinase-antibodies/,/tests/anti-musk-muscle-specific-kinase-antibodies/,7,,,38,yes,yes,
2026-09-28,antibiotics for bacterial vaginosis,phone,treatments,/treatments/bacterial-vaginosis/,,,61.0,,87,no,no,
2026-09-28,antibiotics for bacterial vaginosis,desktop,treatments,/treatments/bacterial-vaginosis/,/treatments/bacterial-vaginosis/,33,,,87,yes,no,
2026-09-28,antibiotics for sti,phone,treatments,/treatments/std/,,,64.5,,19,no,no,
2026-09-28,antibiotics for sti,desktop,treatments,/treatments/std/,/treatments/std/,27,,,19,yes,no,
2026-09-28,anticardiolipin antibody,phone,next-in-line,/tests/cardiolipin-antibodies/,/tests/cardiolipin-antibodies/,12,11.0,,1466,yes,yes,refresh
2026-09-28,anticardiolipin antibody,desktop,next-in-line,/tests/cardiolipin-antibodies/,/tests/cardiolipin-antibodies/,9,,,1466,yes,yes,
2026-09-28,antimitochondrial antibody test,phone,next-in-line,/tests/antimitochondrial-antibody-and-ama-m2/,/tests/antimitochondrial-antibody-and-ama-m2/,2,2.0,,72,yes,yes,
2026-09-28,antimitochondrial antibody test,desktop,next-in-line,/tests/antimitochondrial-antibody-and-ama-m2/,/tests/antimitochondrial-antibody-and-ama-m2/,11,,,72,yes,yes,
2026-09-28,apo b test,phone,kept,/tests/apo-b/,,,101.0,,1876,yes,yes,
2026-09-28,apo b test,desktop,kept,/tests/apo-b/,/tests/apo-b/,12,,,1876,yes,yes,
2026-09-28,apob test,phone,selling-test-page,/tests/apo-b/,/tests/apo-b/,15,14.0,,2214,yes,yes,refresh
2026-09-28,apob test,desktop,selling-test-page,/tests/apo-b/,/tests/apo-b/,14,,,2214,yes,yes,
2026-09-28,apoe genotype test,phone,kept,/tests/apoe-genotyping-cardiovascular-disease/,/tests/apoe-genotyping-alzheimer-disease/,19,18.0,,104,yes,yes,other page ranks
2026-09-28,apoe genotype test,desktop,kept,/tests/apoe-genotyping-cardiovascular-disease/,/tests/apoe-genotyping-alzheimer-disease/,23,,,104,yes,yes,
2026-09-28,apoe4 test,desktop,leaving,/tests/apoe-genotyping-alzheimer-disease/,,,,,55,yes,yes,
2026-09-28,apolipoprotein,phone,selling-test-page,/tests/apo-b/,/tests/apo-b/,18,25.0,,0,yes,no,
2026-09-28,apolipoprotein,desktop,selling-test-page,/tests/apo-b/,,,,,0,yes,no,
2026-09-28,apolipoprotein a1,phone,next-in-line,/tests/apo-i/,/tests/apo-i/,8,9.5,,2642,yes,no,refresh
2026-09-28,apolipoprotein a1,desktop,next-in-line,/tests/apo-i/,/tests/apo-i/,11,,,2642,yes,no,
2026-09-28,apolipoprotein b,phone,selling-test-page,/tests/apo-b/,/tests/apo-b/,13,14.0,,158,yes,no,
2026-09-28,apolipoprotein b,desktop,selling-test-page,/tests/apo-b/,/tests/apo-b/,13,,,158,yes,no,
2026-09-28,apolipoprotein b100,phone,kept,/tests/apo-b/,/tests/apo-b/,22,12.0,,31,yes,no,
2026-09-28,apolipoprotein b100,desktop,kept,/tests/apo-b/,/tests/apo-b/,13,,,31,yes,no,
2026-09-28,apolipoprotein test,phone,kept,/tests/apo-b/,/tests/apo-b/,12,13.0,,27,yes,no,
2026-09-28,apolipoprotein test,desktop,kept,/tests/apo-b/,/tests/apo-b/,10,,,27,yes,no,
2026-09-28,apple allergy test,phone,not-ranking-yet,/tests/apple-allergy-test/,/tests/apple-allergy-test/,5,4.0,,3,no,no,
2026-09-28,apple allergy test,desktop,not-ranking-yet,/tests/apple-allergy-test/,/tests/apple-allergy-test/,5,,,3,yes,yes,
2026-09-28,aptt,phone,kept,/tests/partial-thromboplastin-time-ptt-aptt/,/tests/partial-thromboplastin-time-ptt-aptt/,29,27.0,,84,yes,no,
2026-09-28,aptt,desktop,kept,/tests/partial-thromboplastin-time-ptt-aptt/,,,,,84,yes,no,
2026-09-28,arthritis test,phone,category,/arthritis-testing/,/tests/arthritis-testing/,17,38.5,,50,yes,no,other page ranks
2026-09-28,arthritis test,desktop,category,/arthritis-testing/,/tests/arthritis-testing/,17,,,50,yes,yes,
2026-09-28,aspartate aminotransferase,phone,next-in-line,/tests/aspartate-aminotransferase-ast/,/tests/aspartate-aminotransferase-ast/,10,10.0,,13011,yes,no,refresh
2026-09-28,aspartate aminotransferase,desktop,next-in-line,/tests/aspartate-aminotransferase-ast/,,,,,13011,yes,no,
2026-09-28,ast,phone,next-in-line,/tests/aspartate-aminotransferase-ast/,/tests/aspartate-aminotransferase-ast/,9,55.0,,36091,yes,yes,
2026-09-28,ast,desktop,next-in-line,/tests/aspartate-aminotransferase-ast/,/tests/aspartate-aminotransferase-ast/,9,,,36091,yes,no,
2026-09-28,atorvastatin labs to monitor,phone,selling-test-page,/tests/statin-check-up-panel/,/tests/statin-check-up-panel/,6,6.0,,99,yes,yes,
2026-09-28,atorvastatin labs to monitor,desktop,selling-test-page,/tests/statin-check-up-panel/,/tests/statin-check-up-panel/,6,,,99,yes,yes,
2026-09-28,auto wbc,phone,next-in-line,/tests/white-blood-cell-wbc-differential/,/tests/white-blood-cell-wbc-differential/,21,22.0,,367,yes,no,
2026-09-28,auto wbc,desktop,next-in-line,/tests/white-blood-cell-wbc-differential/,/tests/white-blood-cell-wbc-differential/,31,,,367,yes,no,
2026-09-28,auto wbc blood test,phone,next-in-line,/tests/white-blood-cell-count-wbc/,/tests/white-blood-cell-wbc-differential/,30,30.0,,153,yes,no,other page ranks
2026-09-28,auto wbc blood test,desktop,next-in-line,/tests/white-blood-cell-count-wbc/,/tests/white-blood-cell-wbc-differential/,40,,,153,yes,no,
2026-09-28,autoimmune panel,phone,next-in-line,/tests/autoimmune-panel/,/tests/autoantibodies/,70,36.5,,641,yes,yes,other page ranks
2026-09-28,autoimmune panel,desktop,next-in-line,/tests/autoimmune-panel/,/tests/autoimmune-panel/,2,,,641,yes,yes,
2026-09-28,avocado allergy test,phone,not-ranking-yet,/tests/avocado-allergy-test/,/tests/avocado-allergy-test/,16,15.0,,0,yes,no,
2026-09-28,avocado allergy test,desktop,not-ranking-yet,/tests/avocado-allergy-test/,/tests/avocado-allergy-test/,23,,,0,yes,no,
2026-09-28,b vitamins,phone,next-in-line,/tests/b-vitamins/,,,101.0,,276,yes,no,
2026-09-28,b vitamins,desktop,next-in-line,/tests/b-vitamins/,,,,,276,yes,no,
2026-09-28,b12 blood test,phone,selling-test-page,/tests/vitamin-b12/,/tests/vitamin-b12/,8,8.0,,942,yes,yes,
2026-09-28,b12 blood test,desktop,selling-test-page,/tests/vitamin-b12/,/tests/vitamin-b12/,7,,,942,yes,yes,
2026-09-28,banana allergy test,phone,not-ranking-yet,/tests/banana-allergy-test/,/tests/banana-allergy-test/,21,16.5,,0,yes,no,
2026-09-28,banana allergy test,desktop,not-ranking-yet,/tests/banana-allergy-test/,/tests/banana-allergy-test/,8,,,0,yes,no,
2026-09-28,barley allergy test,phone,not-ranking-yet,/tests/barley-allergy-test/,/tests/barley-allergy-test/,4,4.0,,11,no,no,
2026-09-28,barley allergy test,desktop,not-ranking-yet,/tests/barley-allergy-test/,/tests/barley-allergy-test/,4,,,11,yes,no,
2026-09-28,basic health panel,phone,selling-test-page,/tests/basic-health-panel/,/tests/basic-health-panel/,5,7.0,,169,no,no,
2026-09-28,basic health panel,desktop,selling-test-page,/tests/basic-health-panel/,/tests/basic-health-panel/,5,,,169,yes,yes,
2026-09-28,basic metabolic panel,phone,selling-test-page,/tests/basic-metabolic-panel-bmp/,/tests/basic-metabolic-panel-bmp/,11,12.0,,1508,yes,no,refresh
2026-09-28,basic metabolic panel,desktop,selling-test-page,/tests/basic-metabolic-panel-bmp/,/tests/basic-metabolic-panel-bmp/,11,,,1508,yes,no,
2026-09-28,basic metabolic panel test,phone,kept,/tests/basic-metabolic-panel-bmp/,,,10.0,,343,yes,yes,
2026-09-28,basic metabolic panel test,desktop,kept,/tests/basic-metabolic-panel-bmp/,,,,,343,yes,yes,
2026-09-28,beef allergy test,phone,not-ranking-yet,/tests/beef-allergy-test/,,,56.5,,0,yes,yes,
2026-09-28,beef allergy test,desktop,not-ranking-yet,/tests/beef-allergy-test/,/tests/beef-allergy-test/,10,,,0,yes,yes,
2026-09-28,beta 2 glycoprotein,phone,next-in-line,/tests/beta-2-glycoprotein-1-antibodies/,/tests/beta-2-glycoprotein-1-antibodies/,2,51.5,,997,yes,yes,
2026-09-28,beta 2 glycoprotein,desktop,next-in-line,/tests/beta-2-glycoprotein-1-antibodies/,/tests/beta-2-glycoprotein-1-antibodies/,2,,,997,yes,yes,
2026-09-28,beta 2 glycoprotein antibodies,phone,next-in-line,/tests/beta-2-glycoprotein-1-antibodies/,/tests/beta-2-glycoprotein-1-antibodies/,1,1.0,,187,yes,yes,
2026-09-28,beta 2 glycoprotein antibodies,desktop,next-in-line,/tests/beta-2-glycoprotein-1-antibodies/,/tests/beta-2-glycoprotein-1-antibodies/,4,,,187,yes,yes,
2026-09-28,beta hcg test,phone,selling-test-page,/tests/hcg-tumor-marker/,/tests/hcg-tumor-marker/,20,18.0,,169,yes,no,
2026-09-28,beta hcg test,desktop,selling-test-page,/tests/hcg-tumor-marker/,/tests/hcg-tumor-marker/,29,,,169,yes,no,
2026-09-28,bicarbonate,phone,next-in-line,/tests/bicarbonate-total-co2/,/tests/bicarbonate-total-co2/,7,7.0,,9214,yes,yes,
2026-09-28,bicarbonate,desktop,next-in-line,/tests/bicarbonate-total-co2/,/tests/bicarbonate-total-co2/,7,,,9214,yes,no,
2026-09-28,bilirubin,phone,next-in-line,/tests/bilirubin/,/tests/bilirubin/,12,12.5,,957,yes,no,
2026-09-28,bilirubin,desktop,next-in-line,/tests/bilirubin/,/tests/bilirubin/,11,,,957,yes,no,
2026-09-28,bilirubin blood test,phone,next-in-line,/tests/bilirubin/,/tests/bilirubin/,9,11.0,,8075,yes,no,refresh
2026-09-28,bilirubin blood test,desktop,next-in-line,/tests/bilirubin/,/tests/bilirubin/,9,,,8075,yes,no,
2026-09-28,black mold exposure test,phone,next-in-line,/tests/black-mold-exposure-test/,/tests/black-mold-exposure-test/,2,2.0,,7155,yes,yes,buy button
2026-09-28,black mold exposure test,desktop,next-in-line,/tests/black-mold-exposure-test/,/tests/black-mold-exposure-test/,2,,,7155,yes,yes,
2026-09-28,black pepper allergy test,phone,not-ranking-yet,/tests/black-pepper-allergy-test/,/tests/black-pepper-allergy-test/,4,5.0,,7,no,no,
2026-09-28,black pepper allergy test,desktop,not-ranking-yet,/tests/black-pepper-allergy-test/,/tests/black-pepper-allergy-test/,5,,,7,yes,yes,
2026-09-28,blood chemistry panel,phone,next-in-line,/tests/chemistry-panels/,/tests/chemistry-panels/,5,5.0,,294,yes,yes,
2026-09-28,blood chemistry panel,desktop,next-in-line,/tests/chemistry-panels/,/tests/chemistry-panels/,5,,,294,yes,yes,
2026-09-28,blood drug test,phone,category,/drug-testing/,/tests/urine-drug-test/,34,34.0,,448,yes,no,other page ranks
2026-09-28,blood drug test,desktop,category,/drug-testing/,/tests/urine-drug-test/,37,,,448,yes,no,
2026-09-28,blood gas test,phone,next-in-line,/tests/blood-gases/,,,3.0,,1791,yes,no,
2026-09-28,blood gas test,desktop,next-in-line,/tests/blood-gases/,/tests/blood-gases/,3,,,1791,yes,no,
2026-09-28,blood gases,phone,next-in-line,/tests/blood-gases/,/tests/blood-gases/,4,4.0,,708,yes,no,
2026-09-28,blood gases,desktop,next-in-line,/tests/blood-gases/,/tests/blood-gases/,4,,,708,yes,no,
2026-09-28,blood lab tsh,phone,selling-test-page,/tests/thyroid-stimulating-hormone-tsh/,/tests/thyroid-panel/,95,62.0,,809,yes,yes,other page ranks
2026-09-28,blood lab tsh,desktop,selling-test-page,/tests/thyroid-stimulating-hormone-tsh/,/thyroid-testing-example-results/,22,,,809,yes,yes,
2026-09-28,blood test,phone,kept,/tests/10-essential-blood-tests-panel/,/tests/10-essential-blood-tests-panel/,9,13.0,,10995,no,no,refresh
2026-09-28,blood test,desktop,kept,/tests/10-essential-blood-tests-panel/,/,10,,,10995,yes,no,
2026-09-28,blood test for anemia,phone,selling-test-page,/tests/anemia-testing/,/tests/anemia-panel-basic-test/,56,30.5,,3804,yes,yes,other page ranks
2026-09-28,blood test for anemia,desktop,selling-test-page,/tests/anemia-testing/,/tests/anemia-testing/,5,,,3804,yes,yes,
2026-09-28,blood test for arthritis,phone,category,/arthritis-testing/,/rheumatoid-arthritis-testing/,28,26.0,,38,yes,no,other page ranks
2026-09-28,blood test for arthritis,desktop,category,/arthritis-testing/,/rheumatoid-arthritis-testing/,26,,,38,yes,no,
2026-09-28,blood test for herpes,phone,std-pages,/std-testing/hsv-2-test/,/std-testing/hsv-2-test/,6,6.0,,3060,yes,yes,
2026-09-28,blood test for herpes,desktop,std-pages,/std-testing/hsv-2-test/,/std-testing/hsv-2-test/,6,,,3060,yes,yes,
2026-09-28,blood test for shrimp allergy,phone,not-ranking-yet,/tests/shrimp-allergy-test/,/tests/shrimp-allergy-test/,15,10.0,,13,yes,yes,
2026-09-28,blood test for shrimp allergy,desktop,not-ranking-yet,/tests/shrimp-allergy-test/,,,,,13,yes,yes,
2026-09-28,blood test for vitamins and minerals deficiencies,phone,next-in-line,/tests/comprehensive-vitamin-panel/,/can-blood-test-detect-vitamin-deficiency/,8,8.5,,260,yes,no,other page ranks
2026-09-28,blood test for vitamins and minerals deficiencies,desktop,next-in-line,/tests/comprehensive-vitamin-panel/,/can-blood-test-detect-vitamin-deficiency/,7,,,260,yes,no,
2026-09-28,blood tests for inflammation,phone,category,/inflammation-and-autoimmune-testing/,/tests/inflammation-and-autoimmune-testing/,6,8.0,,284,yes,no,other page ranks
2026-09-28,blood tests for inflammation,desktop,category,/inflammation-and-autoimmune-testing/,/tests/inflammation-and-autoimmune-testing/,8,,,284,yes,no,
2026-09-28,blood type test,phone,selling-test-page,/tests/blood-typing/,,,13.0,,1068,yes,yes,refresh
2026-09-28,blood type test,desktop,selling-test-page,/tests/blood-typing/,/tests/blood-typing/,14,,,1068,yes,yes,
2026-09-28,blood typing test,phone,kept,/tests/blood-typing/,/tests/blood-typing/,9,9.0,,142,yes,yes,
2026-09-28,blood typing test,desktop,kept,/tests/blood-typing/,/tests/blood-typing/,8,,,142,yes,yes,
2026-09-28,blood urea nitrogen,phone,selling-test-page,/tests/blood-urea-nitrogen-bun/,/tests/blood-urea-nitrogen-bun/,35,32.0,,1242,yes,no,
2026-09-28,blood urea nitrogen,desktop,selling-test-page,/tests/blood-urea-nitrogen-bun/,/tests/blood-urea-nitrogen-bun/,36,,,1242,yes,no,
2026-09-28,blueberry allergy test,phone,not-ranking-yet,/tests/blueberry-allergy-test/,/tests/blueberry-allergy-test/,8,8.0,,12,no,no,
2026-09-28,blueberry allergy test,desktop,not-ranking-yet,/tests/blueberry-allergy-test/,/tests/blueberry-allergy-test/,8,,,12,yes,yes,
2026-09-28,bmp,phone,selling-test-page,/tests/basic-metabolic-panel-bmp/,/tests/basic-metabolic-panel-bmp/,16,17.5,,4291,yes,no,
2026-09-28,bmp,desktop,selling-test-page,/tests/basic-metabolic-panel-bmp/,/tests/basic-metabolic-panel-bmp/,11,,,4291,yes,yes,
2026-09-28,bmp blood test,phone,selling-test-page,/tests/basic-metabolic-panel-bmp/,/tests/basic-metabolic-panel-bmp/,12,12.0,,2524,yes,yes,refresh
2026-09-28,bmp blood test,desktop,selling-test-page,/tests/basic-metabolic-panel-bmp/,/tests/basic-metabolic-panel-bmp/,11,,,2524,yes,no,
2026-09-28,bmp test,phone,kept,/tests/basic-metabolic-panel-bmp/,/tests/basic-metabolic-panel-bmp/,12,14.0,,672,yes,yes,
2026-09-28,bmp test,desktop,kept,/tests/basic-metabolic-panel-bmp/,/tests/basic-metabolic-panel-bmp/,11,,,672,yes,yes,
2026-09-28,bnp test,phone,selling-test-page,/tests/bnp-and-nt-probnp/,/tests/bnp-and-nt-probnp/,19,19.0,,560,yes,no,
2026-09-28,bnp test,desktop,selling-test-page,/tests/bnp-and-nt-probnp/,/tests/bnp-and-nt-probnp/,18,,,560,yes,no,
2026-09-28,breathing test for copd,phone,category,/copd-testing/,/copd-testing/,6,7.0,,6074,yes,no,
2026-09-28,breathing test for copd,desktop,category,/copd-testing/,/copd-testing/,9,,,6074,yes,no,
2026-09-28,buckwheat allergy test,phone,not-ranking-yet,/tests/buckwheat-allergy-test/,/tests/buckwheat-allergy-test/,7,7.0,,0,no,no,
2026-09-28,buckwheat allergy test,desktop,not-ranking-yet,/tests/buckwheat-allergy-test/,/tests/buckwheat-allergy-test/,7,,,0,no,no,
2026-09-28,bun,phone,selling-test-page,/tests/blood-urea-nitrogen-bun/,,,101.0,,187,yes,no,
2026-09-28,bun,desktop,selling-test-page,/tests/blood-urea-nitrogen-bun/,,,,,187,yes,no,
2026-09-28,bun blood test,phone,selling-test-page,/tests/blood-urea-nitrogen-bun/,/tests/blood-urea-nitrogen-bun/,28,26.5,,37,yes,no,
2026-09-28,bun blood test,desktop,selling-test-page,/tests/blood-urea-nitrogen-bun/,/tests/blood-urea-nitrogen-bun/,27,,,37,yes,no,
2026-09-28,buy compounded tirzepatide,phone,treatments,/treatments/compounded-tirzepatide/,,,101.0,,2118,yes,no,
2026-09-28,buy compounded tirzepatide,desktop,treatments,/treatments/compounded-tirzepatide/,,,,,2118,yes,no,
2026-09-28,c difficile toxin gene naa,phone,next-in-line,/tests/clostridium-difficile-and-c-diff-toxin-test/,/tests/clostridium-difficile-and-c-diff-toxin-test/,3,3.0,,125,yes,yes,
2026-09-28,c difficile toxin gene naa,desktop,next-in-line,/tests/clostridium-difficile-and-c-diff-toxin-test/,,,,,125,yes,yes,
2026-09-28,c peptide test,phone,selling-test-page,/tests/c-peptide/,/tests/c-peptide/,15,12.0,,1645,yes,yes,refresh
2026-09-28,c peptide test,desktop,selling-test-page,/tests/c-peptide/,,,,,1645,yes,yes,
2026-09-28,c reactive protein,phone,selling-test-page,/tests/c-reactive-protein-crp/,,,101.0,,202,yes,no,
2026-09-28,c reactive protein,desktop,selling-test-page,/tests/c-reactive-protein-crp/,/tests/c-reactive-protein-crp/,32,,,202,yes,no,
2026-09-28,c reactive protein test,phone,kept,/tests/c-reactive-protein-crp/,/tests/high-sensitivity-c-reactive-protein-hs-crp/,24,23.0,,94,yes,no,other page ranks
2026-09-28,c reactive protein test,desktop,kept,/tests/c-reactive-protein-crp/,/tests/high-sensitivity-c-reactive-protein-hs-crp/,30,,,94,yes,no,
2026-09-28,c-peptide test,desktop,leaving,/tests/c-peptide/,/tests/c-peptide/,14,,,772,yes,yes,
2026-09-28,c3 complement blood test,phone,next-in-line,/tests/complement/,/tests/complement/,10,9.5,,90,yes,no,
2026-09-28,c3 complement blood test,desktop,next-in-line,/tests/complement/,/tests/complement/,10,,,90,yes,no,
2026-09-28,ca 125,phone,selling-test-page,/tests/ca-125/,/tests/ca-125/,30,27.0,,25,yes,no,
2026-09-28,ca 125,desktop,selling-test-page,/tests/ca-125/,,,,,25,yes,no,
2026-09-28,ca 125 blood test,phone,selling-test-page,/tests/ca-125/,/tests/ca-125/,14,13.5,,89,yes,no,
2026-09-28,ca 125 blood test,desktop,selling-test-page,/tests/ca-125/,/tests/ca-125/,15,,,89,yes,no,
2026-09-28,ca 15-3 breast cancer,phone,next-in-line,/tests/ca-15-3/,/tests/ca-15-3/,4,4.0,,6010,yes,yes,
2026-09-28,ca 15-3 breast cancer,desktop,next-in-line,/tests/ca-15-3/,/tests/ca-15-3/,4,,,6010,yes,yes,
2026-09-28,ca125 blood test,phone,selling-test-page,/tests/ca-125/,/tests/ca-125/,24,20.0,,74,yes,no,
2026-09-28,ca125 blood test,desktop,selling-test-page,/tests/ca-125/,/tests/ca-125/,32,,,74,yes,no,
2026-09-28,calcitonin,phone,next-in-line,/tests/calcitonin/,/tests/calcitonin/,7,6.0,,13203,yes,yes,
2026-09-28,calcitonin,desktop,next-in-line,/tests/calcitonin/,/tests/calcitonin/,7,,,13203,yes,yes,
2026-09-28,calcitonin blood test,phone,next-in-line,/tests/calcitonin/,/tests/calcitonin/,10,10.0,,134,yes,yes,
2026-09-28,calcitonin blood test,desktop,next-in-line,/tests/calcitonin/,/tests/calcitonin/,10,,,134,yes,yes,
2026-09-28,calcitriol blood test,phone,selling-test-page,/tests/vitamin-d-25-dihydroxy-calcitriol-test/,/tests/vitamin-d-25-dihydroxy-calcitriol-test/,8,8.0,,156,yes,yes,
2026-09-28,calcitriol blood test,desktop,selling-test-page,/tests/vitamin-d-25-dihydroxy-calcitriol-test/,/tests/vitamin-d-25-dihydroxy-calcitriol-test/,8,,,156,yes,yes,
2026-09-28,calcitriol test,phone,kept,/tests/vitamin-d-25-hydroxy-test/,/tests/vitamin-d-25-dihydroxy-calcitriol-test/,6,6.0,,118,yes,yes,other page ranks
2026-09-28,calcitriol test,desktop,kept,/tests/vitamin-d-25-hydroxy-test/,/tests/vitamin-d-25-dihydroxy-calcitriol-test/,6,,,118,yes,yes,
2026-09-28,calcium blood test,phone,selling-test-page,/tests/calcium/,,,101.0,,770,yes,yes,
2026-09-28,calcium blood test,desktop,selling-test-page,/tests/calcium/,/tests/calcium/,19,,,770,yes,no,
2026-09-28,calcium urine test,phone,kept,/tests/calcium-urine-test/,/tests/calcium/,57,19.0,,35,yes,yes,other page ranks
2026-09-28,calcium urine test,desktop,kept,/tests/calcium-urine-test/,/tests/calcium/,67,,,35,yes,yes,
2026-09-28,calprotectin,phone,next-in-line,/tests/calprotectin/,/tests/calprotectin/,9,7.5,,10923,yes,no,
2026-09-28,calprotectin,desktop,next-in-line,/tests/calprotectin/,/tests/calprotectin/,8,,,10923,yes,yes,
2026-09-28,calprotectin fecal,phone,next-in-line,/tests/calprotectin/,/tests/calprotectin/,7,8.0,,8863,yes,no,refresh
2026-09-28,calprotectin fecal,desktop,next-in-line,/tests/calprotectin/,/tests/calprotectin/,7,,,8863,yes,no,
2026-09-28,calr mutation,phone,next-in-line,/tests/calr-mutation/,/tests/calr-mutation/,3,3.0,,485,no,no,
2026-09-28,calr mutation,desktop,next-in-line,/tests/calr-mutation/,/tests/calr-mutation/,4,,,485,yes,yes,
2026-09-28,cancer antigen 125,phone,kept,/tests/ca-125/,/tests/ca-125/,31,26.0,,43,yes,no,
2026-09-28,cancer antigen 125,desktop,kept,/tests/ca-125/,/tests/ca-125/,47,,,43,yes,no,
2026-09-28,cancer testing,phone,category,/cancer-testing/,/tests/cancer-testing/,61,49.0,,129,yes,no,other page ranks
2026-09-28,cancer testing,desktop,category,/cancer-testing/,/tests/cancer-testing/,45,,,129,yes,no,
2026-09-28,candida albicans allergy test,phone,selling-test-page,/tests/candida-albicans-allergy-test/,/tests/candida-albicans-allergy-test/,5,5.5,,46,no,no,
2026-09-28,candida albicans allergy test,desktop,selling-test-page,/tests/candida-albicans-allergy-test/,/tests/candida-albicans-allergy-test/,6,,,46,no,no,
2026-09-28,cardiac crp high sensitivity,phone,selling-test-page,/tests/high-sensitivity-c-reactive-protein-hs-crp/,/tests/high-sensitivity-c-reactive-protein-hs-crp/,8,7.0,,7836,yes,yes,
2026-09-28,cardiac crp high sensitivity,desktop,selling-test-page,/tests/high-sensitivity-c-reactive-protein-hs-crp/,/tests/high-sensitivity-c-reactive-protein-hs-crp/,8,,,7836,yes,yes,
2026-09-28,cardiac panel,phone,selling-test-page,/tests/comprehensive-heart-health-panel/,/tests/basic-heart-health-panel/,8,48.0,,118,yes,yes,other page ranks
2026-09-28,cardiac panel,desktop,selling-test-page,/tests/comprehensive-heart-health-panel/,/tests/basic-heart-health-panel/,8,,,118,yes,yes,
2026-09-28,cardiolipin antibody,phone,next-in-line,/tests/cardiolipin-antibodies/,/tests/cardiolipin-antibodies/,1,1.0,,1731,yes,yes,
2026-09-28,cardiolipin antibody,desktop,next-in-line,/tests/cardiolipin-antibodies/,/tests/cardiolipin-antibodies/,1,,,1731,yes,yes,
2026-09-28,casein allergy test,phone,not-ranking-yet,/tests/casein-allergy-test/,,,12.0,,17,yes,yes,
2026-09-28,casein allergy test,desktop,not-ranking-yet,/tests/casein-allergy-test/,/tests/casein-allergy-test/,12,,,17,yes,yes,
2026-09-28,catfish allergy test,phone,not-ranking-yet,/tests/catfish-allergy-test/,/tests/catfish-allergy-test/,5,5.0,,4,no,no,
2026-09-28,catfish allergy test,desktop,not-ranking-yet,/tests/catfish-allergy-test/,/tests/catfish-allergy-test/,12,,,4,no,no,
2026-09-28,cbc and cmp,phone,next-in-line,/tests/standard-health-test/,/tests/standard-health-test/,2,2.0,,617,yes,yes,
2026-09-28,cbc and cmp,desktop,next-in-line,/tests/standard-health-test/,/tests/standard-health-test/,1,,,617,yes,no,
2026-09-28,cbc blood test,phone,selling-test-page,/tests/complete-blood-count-cbc/,/tests/complete-blood-count-cbc/,27,25.5,,65,yes,no,
2026-09-28,cbc blood test,desktop,selling-test-page,/tests/complete-blood-count-cbc/,/tests/complete-blood-count-cbc/,36,,,65,yes,no,
2026-09-28,cbc test,phone,selling-test-page,/tests/complete-blood-count-cbc/,/tests/complete-blood-count-cbc/,47,46.0,,314,yes,no,
2026-09-28,cbc test,desktop,selling-test-page,/tests/complete-blood-count-cbc/,,,,,314,yes,no,
2026-09-28,cbc with differential,phone,selling-test-page,/tests/complete-blood-count-cbc/,/tests/complete-blood-count-cbc/,15,18.0,,1014,yes,no,
2026-09-28,cbc with differential,desktop,selling-test-page,/tests/complete-blood-count-cbc/,/tests/complete-blood-count-cbc/,32,,,1014,yes,no,
2026-09-28,cbd oil hair follicle test,phone,next-in-line,/tests/hair-follicle-drug-test/,/tests/hair-follicle-drug-test/,2,2.0,,5905,no,no,buy button
2026-09-28,cbd oil hair follicle test,desktop,next-in-line,/tests/hair-follicle-drug-test/,/tests/hair-follicle-drug-test/,2,,,5905,no,no,
2026-09-28,cd4,phone,next-in-line,/tests/cd4-count/,/tests/cd4-count/,10,10.0,,444,yes,yes,
2026-09-28,cd4,desktop,next-in-line,/tests/cd4-count/,/tests/cd4-count/,10,,,444,yes,yes,
2026-09-28,cd4 count,phone,next-in-line,/tests/cd4-count/,,,53.0,,3603,yes,yes,
2026-09-28,cd4 count,desktop,next-in-line,/tests/cd4-count/,/tests/cd4-count/,4,,,3603,yes,yes,
2026-09-28,celiac antibody test,phone,selling-test-page,/tests/celiac-disease-antibody-tests/,/tests/celiac-disease-antibody-tests/,18,17.5,,39,yes,no,
2026-09-28,celiac antibody test,desktop,selling-test-page,/tests/celiac-disease-antibody-tests/,/tests/celiac-disease-antibody-tests/,19,,,39,yes,no,
2026-09-28,celiac blood test,phone,category,/celiac-testing/,,,101.0,,961,yes,no,
2026-09-28,celiac blood test,desktop,category,/celiac-testing/,/tests/celiac-disease-antibody-tests/,37,,,961,yes,no,
2026-09-28,celiac disease antibody test,phone,selling-test-page,/tests/celiac-disease-antibody-tests/,/tests/celiac-disease-antibody-tests/,17,16.0,,37,yes,no,
2026-09-28,celiac disease antibody test,desktop,selling-test-page,/tests/celiac-disease-antibody-tests/,/tests/celiac-disease-antibody-tests/,26,,,37,yes,no,
2026-09-28,celiac disease test,phone,category,/celiac-testing/,/tests/celiac-testing/,19,18.5,,375,yes,no,other page ranks
2026-09-28,celiac disease test,desktop,category,/celiac-testing/,/tests/celiac-disease-antibody-tests/,71,,,375,yes,no,
2026-09-28,centromere b antibody,phone,next-in-line,/tests/anticentromere-antibody/,/tests/anticentromere-antibody/,4,4.0,,1007,yes,yes,
2026-09-28,centromere b antibody,desktop,next-in-line,/tests/anticentromere-antibody/,/tests/anticentromere-antibody/,4,,,1007,yes,yes,
2026-09-28,ceruloplasmin,phone,next-in-line,/tests/ceruloplasmin/,/tests/ceruloplasmin/,6,6.5,,9793,yes,yes,
2026-09-28,ceruloplasmin,desktop,next-in-line,/tests/ceruloplasmin/,/tests/ceruloplasmin/,6,,,9793,yes,yes,
2026-09-28,ceruloplasmin test,phone,next-in-line,/tests/ceruloplasmin/,/tests/ceruloplasmin/,5,7.0,,2287,yes,yes,
2026-09-28,ceruloplasmin test,desktop,next-in-line,/tests/ceruloplasmin/,/tests/ceruloplasmin/,3,,,2287,yes,yes,
2026-09-28,chemistry panel,phone,next-in-line,/tests/chemistry-panels/,/tests/chemistry-panels/,3,3.0,,437,yes,yes,
2026-09-28,chemistry panel,desktop,next-in-line,/tests/chemistry-panels/,/tests/chemistry-panels/,3,,,437,yes,yes,
2026-09-28,chicken allergy test,phone,not-ranking-yet,/tests/chicken-allergy-test/,/tests/chicken-allergy-test/,13,13.5,,11,yes,yes,
2026-09-28,chicken allergy test,desktop,not-ranking-yet,/tests/chicken-allergy-test/,/tests/chicken-allergy-test/,11,,,11,yes,yes,
2026-09-28,chickpea allergy test,phone,not-ranking-yet,/tests/chickpea-allergy-test/,/tests/chickpea-allergy-test/,13,11.0,,0,yes,no,
2026-09-28,chickpea allergy test,desktop,not-ranking-yet,/tests/chickpea-allergy-test/,/tests/chickpea-allergy-test/,13,,,0,no,no,
2026-09-28,chlamydia and gonorrhea,phone,std-pages,/std-testing/chlamydia-gonorrhea-test/,/std-testing/chlamydia-gonorrhea-test/,36,37.0,,0,yes,no,
2026-09-28,chlamydia and gonorrhea,desktop,std-pages,/std-testing/chlamydia-gonorrhea-test/,,,,,0,yes,no,
2026-09-28,chlamydia antibiotics,phone,treatments,/treatments/chlamydia/,,,101.0,,62,no,no,
2026-09-28,chlamydia antibiotics,desktop,treatments,/treatments/chlamydia/,,,,,62,yes,no,
2026-09-28,chlamydia blood test,phone,selling-test-page,/tests/chlamydia-blood-test/,/tests/chlamydia-blood-test/,3,3.0,,318,yes,yes,
2026-09-28,chlamydia blood test,desktop,selling-test-page,/tests/chlamydia-blood-test/,/tests/chlamydia-blood-test/,3,,,318,yes,yes,
2026-09-28,chlamydia lab test,phone,std-pages,/tests/chlamydia-urine-test/,/tests/chlamydia-urine-test/,3,3.0,,52,yes,yes,
2026-09-28,chlamydia lab test,desktop,std-pages,/tests/chlamydia-urine-test/,/tests/chlamydia-urine-test/,3,,,52,yes,yes,
2026-09-28,chlamydia pee,phone,std-pages,/tests/chlamydia-urine-test/,,,101.0,,0,yes,yes,
2026-09-28,chlamydia pee,desktop,std-pages,/tests/chlamydia-urine-test/,,,,,0,yes,no,
2026-09-28,chlamydia pee test,phone,std-pages,/tests/chlamydia-urine-test/,/tests/chlamydia-urine-test/,3,3.0,,1324,yes,yes,
2026-09-28,chlamydia pee test,desktop,std-pages,/tests/chlamydia-urine-test/,/tests/chlamydia-urine-test/,3,,,1324,yes,yes,
2026-09-28,chlamydia test,phone,next-in-line,/tests/chlamydia-test/,/tests/at-home-chlamydia-test/,27,28.5,,3731,yes,yes,other page ranks
2026-09-28,chlamydia test,desktop,next-in-line,/tests/chlamydia-test/,/tests/at-home-chlamydia-test/,7,,,3731,yes,no,
2026-09-28,chlamydia trachomatis antigen test,phone,selling-test-page,/tests/chlamydia-blood-test/,/tests/chlamydia-blood-test/,6,6.0,,45,no,no,
2026-09-28,chlamydia trachomatis antigen test,desktop,selling-test-page,/tests/chlamydia-blood-test/,/tests/chlamydia-blood-test/,6,,,45,no,no,
2026-09-28,chlamydia trachomatis rna tma urogenital,phone,std-pages,/tests/chlamydia-urine-test/,,,101.0,,29,yes,no,
2026-09-28,chlamydia trachomatis rna tma urogenital,desktop,std-pages,/tests/chlamydia-urine-test/,,,,,29,yes,no,
2026-09-28,chlamydia urine test,phone,std-pages,/tests/chlamydia-urine-test/,/tests/chlamydia-urine-test/,3,3.0,,245,yes,yes,
2026-09-28,chlamydia urine test,desktop,std-pages,/tests/chlamydia-urine-test/,/tests/chlamydia-test/,39,,,245,yes,yes,
2026-09-28,chocolate allergy test,phone,not-ranking-yet,/tests/chocolate-allergy-test/,/tests/food-sensitivity-testing/,85,44.5,,6,yes,yes,other page ranks
2026-09-28,chocolate allergy test,desktop,not-ranking-yet,/tests/chocolate-allergy-test/,/tests/chocolate-allergy-test/,10,,,6,yes,yes,
2026-09-28,cholesterol panel,phone,next-in-line,/tests/cholesterol/,/tests/cholesterol/,14,14.0,,110,yes,no,
2026-09-28,cholesterol panel,desktop,next-in-line,/tests/cholesterol/,/tests/cholesterol/,13,,,110,yes,no,
2026-09-28,cholesterol test,phone,category,/cardiac-and-cholesterol-testing/,/tests/cholesterol/,17,17.0,,485,yes,no,other page ranks
2026-09-28,cholesterol test,desktop,category,/cardiac-and-cholesterol-testing/,/tests/cholesterol/,17,,,485,yes,no,
2026-09-28,cholesterol testing,phone,category,/cardiac-and-cholesterol-testing/,/tests/cholesterol/,19,18.5,,1288,yes,no,other page ranks
2026-09-28,cholesterol testing,desktop,category,/cardiac-and-cholesterol-testing/,/tests/cholesterol/,63,,,1288,yes,no,
2026-09-28,chromogranin a,phone,next-in-line,/tests/chromogranin/,/tests/chromogranin/,6,4.5,,2665,yes,yes,
2026-09-28,chromogranin a,desktop,next-in-line,/tests/chromogranin/,/tests/chromogranin/,6,,,2665,yes,yes,
2026-09-28,chromogranin a test,phone,next-in-line,/tests/chromogranin/,/tests/chromogranin/,2,2.0,,919,yes,yes,
2026-09-28,chromogranin a test,desktop,next-in-line,/tests/chromogranin/,,,,,919,yes,yes,
2026-09-28,cinnamon allergy test,phone,not-ranking-yet,/tests/cinnamon-allergy-test/,/tests/cinnamon-allergy-test/,7,6.0,,11,yes,yes,
2026-09-28,cinnamon allergy test,desktop,not-ranking-yet,/tests/cinnamon-allergy-test/,/tests/cinnamon-allergy-test/,7,,,11,yes,yes,
2026-09-28,ck,phone,selling-test-page,/tests/creatine-kinase-ck/,,,101.0,,4352,yes,no,
2026-09-28,ck,desktop,selling-test-page,/tests/creatine-kinase-ck/,,,,,4352,yes,no,
2026-09-28,ck blood test,phone,selling-test-page,/tests/creatine-kinase-ck/,/tests/creatine-kinase-ck/,9,8.0,,3678,yes,yes,refresh
2026-09-28,ck blood test,desktop,selling-test-page,/tests/creatine-kinase-ck/,/tests/creatine-kinase-ck/,9,,,3678,yes,yes,
2026-09-28,ck-mb,phone,next-in-line,/tests/ck-mb/,/tests/ck-mb/,2,5.0,,1670,yes,yes,
2026-09-28,ck-mb,desktop,next-in-line,/tests/ck-mb/,/tests/ck-mb/,4,,,1670,yes,yes,
2026-09-28,ckmb,phone,next-in-line,/tests/ck-mb/,/tests/ck-mb/,2,4.0,,2112,yes,yes,
2026-09-28,ckmb,desktop,next-in-line,/tests/ck-mb/,/tests/ck-mb/,7,,,2112,yes,yes,
2026-09-28,clam allergy test,phone,not-ranking-yet,/tests/clam-allergy-test/,/tests/clam-allergy-test/,13,15.0,,0,no,no,
2026-09-28,clam allergy test,desktop,not-ranking-yet,/tests/clam-allergy-test/,/tests/clam-allergy-test/,13,,,0,no,no,
2026-09-28,cmp blood test,phone,selling-test-page,/tests/comprehensive-metabolic-panel-cmp/,/tests/comprehensive-metabolic-panel-cmp/,8,8.0,,19587,yes,yes,refresh
2026-09-28,cmp blood test,desktop,selling-test-page,/tests/comprehensive-metabolic-panel-cmp/,/tests/comprehensive-metabolic-panel-cmp/,5,,,19587,yes,yes,
2026-09-28,cmv igg,phone,next-in-line,/tests/cytomegalovirus-cmv-tests/,/tests/cytomegalovirus-cmv-tests/,11,11.0,,913,yes,yes,
2026-09-28,cmv igg,desktop,next-in-line,/tests/cytomegalovirus-cmv-tests/,/tests/cytomegalovirus-cmv-tests/,11,,,913,yes,no,
2026-09-28,cmv igm,phone,next-in-line,/tests/cytomegalovirus-cmv-tests/,/tests/cytomegalovirus-cmv-tests/,2,2.0,,350,yes,yes,
2026-09-28,cmv igm,desktop,next-in-line,/tests/cytomegalovirus-cmv-tests/,/tests/cytomegalovirus-cmv-tests/,2,,,350,yes,yes,
2026-09-28,coconut allergy test,phone,not-ranking-yet,/tests/coconut-allergy-test/,,,101.0,,0,yes,no,
2026-09-28,coconut allergy test,desktop,not-ranking-yet,/tests/coconut-allergy-test/,,,,,0,yes,no,
2026-09-28,coffee allergy test,phone,not-ranking-yet,/tests/coffee-allergy-test/,/tests/coffee-allergy-test/,6,5.5,,0,yes,no,
2026-09-28,coffee allergy test,desktop,not-ranking-yet,/tests/coffee-allergy-test/,/tests/coffee-allergy-test/,7,,,0,yes,no,
2026-09-28,cold sore prescription,phone,treatments,/treatments/cold-sores/,,,101.0,,91,no,no,
2026-09-28,cold sore prescription,desktop,treatments,/treatments/cold-sores/,,,,,91,yes,no,
2026-09-28,complete blood picture test,phone,kept,/tests/complete-blood-count-cbc/,/tests/complete-blood-count-cbc/,11,12.0,,27,yes,yes,
2026-09-28,complete blood picture test,desktop,kept,/tests/complete-blood-count-cbc/,/tests/complete-blood-count-cbc/,12,,,27,yes,yes,
2026-09-28,complete thyroid panel,phone,selling-test-page,/tests/comprehensive-thyroid-panel/,/tests/comprehensive-thyroid-panel/,5,5.0,,1821,yes,yes,
2026-09-28,complete thyroid panel,desktop,selling-test-page,/tests/comprehensive-thyroid-panel/,/tests/comprehensive-thyroid-panel/,5,,,1821,yes,yes,
2026-09-28,compound semaglutide,phone,treatments,/treatments/compounded-semaglutide/,/treatments/compounded-semaglutide/,5,3.0,,2026,yes,no,
2026-09-28,compound semaglutide,desktop,treatments,/treatments/compounded-semaglutide/,/treatments/compounded-semaglutide/,4,,,2026,yes,no,
2026-09-28,compounded semaglutide,phone,treatments,/treatments/compounded-semaglutide/,/treatments/compounded-semaglutide/,4,3.0,,9882,yes,yes,
2026-09-28,compounded semaglutide,desktop,treatments,/treatments/compounded-semaglutide/,/treatments/compounded-semaglutide/,3,,,9882,yes,yes,
2026-09-28,compounded semaglutide cost,phone,treatments,/treatments/compounded-semaglutide-cost/,,,53.5,,53,no,no,
2026-09-28,compounded semaglutide cost,desktop,treatments,/treatments/compounded-semaglutide-cost/,/treatments/compounded-semaglutide-cost/,6,,,53,yes,yes,
2026-09-28,compounded semaglutide glp-1,phone,treatments,/treatments/compounded-semaglutide/,/treatments/compounded-semaglutide/,3,4.0,,20,yes,yes,
2026-09-28,compounded semaglutide glp-1,desktop,treatments,/treatments/compounded-semaglutide/,/treatments/compounded-semaglutide/,3,,,20,yes,yes,
2026-09-28,compounded semaglutide injections,phone,treatments,/treatments/compounded-semaglutide/,/treatments/compounded-semaglutide/,5,5.0,,65,yes,no,
2026-09-28,compounded semaglutide injections,desktop,treatments,/treatments/compounded-semaglutide/,/treatments/compounded-semaglutide/,5,,,65,yes,no,
2026-09-28,compounded semaglutide safety,phone,treatments,/treatments/is-compounded-semaglutide-safe/,,,52.5,,17,no,no,
2026-09-28,compounded semaglutide safety,desktop,treatments,/treatments/is-compounded-semaglutide-safe/,/treatments/compounded-semaglutide/,4,,,17,yes,no,
2026-09-28,compounded semaglutide side effects,phone,treatments,/treatments/compounded-semaglutide-side-effects/,,,52.5,,662,no,no,
2026-09-28,compounded semaglutide side effects,desktop,treatments,/treatments/compounded-semaglutide-side-effects/,/treatments/compounded-semaglutide-side-effects/,4,,,662,yes,yes,
2026-09-28,compounded tirzepatide,phone,treatments,/treatments/compounded-tirzepatide/,/treatments/compounded-tirzepatide/,6,6.0,,18991,yes,yes,
2026-09-28,compounded tirzepatide,desktop,treatments,/treatments/compounded-tirzepatide/,,,,,18991,yes,no,
2026-09-28,compounded tirzepatide vs mounjaro,phone,treatments,/treatments/compounded-tirzepatide-vs-zepbound/,,,101.0,,0,no,no,
2026-09-28,compounded tirzepatide vs mounjaro,desktop,treatments,/treatments/compounded-tirzepatide-vs-zepbound/,,,,,0,yes,no,
2026-09-28,compounded tirzepatide vs zepbound,phone,treatments,/treatments/compounded-tirzepatide-vs-zepbound/,,,101.0,,0,no,no,
2026-09-28,compounded tirzepatide vs zepbound,desktop,treatments,/treatments/compounded-tirzepatide-vs-zepbound/,,,,,0,yes,no,
2026-09-28,comprehensive metabolic panel,phone,selling-test-page,/tests/comprehensive-metabolic-panel-cmp/,/tests/comprehensive-metabolic-panel-cmp/,4,4.0,,31004,yes,yes,
2026-09-28,comprehensive metabolic panel,desktop,selling-test-page,/tests/comprehensive-metabolic-panel-cmp/,/tests/comprehensive-metabolic-panel-cmp/,5,,,31004,yes,yes,
2026-09-28,comprehensive metabolic panel test,phone,kept,/tests/comprehensive-metabolic-panel-cmp/,/tests/comprehensive-metabolic-panel-cmp/,6,6.0,,1809,yes,yes,
2026-09-28,comprehensive metabolic panel test,desktop,kept,/tests/comprehensive-metabolic-panel-cmp/,/tests/comprehensive-metabolic-panel-cmp/,6,,,1809,yes,yes,
2026-09-28,comprehensive thyroid panel,phone,selling-test-page,/tests/comprehensive-thyroid-panel/,/tests/comprehensive-thyroid-panel/,4,3.0,,268,yes,yes,
2026-09-28,comprehensive thyroid panel,desktop,selling-test-page,/tests/comprehensive-thyroid-panel/,/tests/comprehensive-thyroid-panel/,4,,,268,yes,yes,
2026-09-28,comprehensive vitamin panel,phone,kept,/tests/comprehensive-vitamin-panel/,/tests/comprehensive-vitamin-panel/,4,4.0,,114,yes,yes,
2026-09-28,comprehensive vitamin panel,desktop,kept,/tests/comprehensive-vitamin-panel/,,,,,114,yes,yes,
2026-09-28,copd test,phone,category,/copd-testing/,/copd-testing/,24,19.5,,274,yes,no,
2026-09-28,copd test,desktop,category,/copd-testing/,/copd-testing/,10,,,274,yes,no,
2026-09-28,copper blood test,phone,selling-test-page,/tests/copper/,/tests/copper/,8,8.0,,784,yes,yes,
2026-09-28,copper blood test,desktop,selling-test-page,/tests/copper/,/tests/copper/,8,,,784,yes,yes,
2026-09-28,copper serum blood test,phone,selling-test-page,/tests/copper/,/tests/copper/,8,8.0,,366,yes,yes,
2026-09-28,copper serum blood test,desktop,selling-test-page,/tests/copper/,/tests/copper/,7,,,366,yes,yes,
2026-09-28,copper test,phone,selling-test-page,/tests/copper/,/tests/copper/,4,4.0,,324,yes,yes,
2026-09-28,copper test,desktop,selling-test-page,/tests/copper/,/tests/copper/,4,,,324,yes,yes,
2026-09-28,copper urine test,phone,kept,/tests/copper/,/tests/copper-urine-test/,12,11.0,,111,yes,yes,other page ranks
2026-09-28,copper urine test,desktop,kept,/tests/copper/,,,,,111,yes,yes,
2026-09-28,cortisol,phone,selling-test-page,/tests/cortisol/,,,101.0,,8,yes,no,
2026-09-28,cortisol,desktop,selling-test-page,/tests/cortisol/,,,,,8,yes,no,
2026-09-28,cortisol am,phone,selling-test-page,/tests/cortisol-am-and-pm-test/,/tests/cortisol-am-and-pm-test/,5,5.0,,625,yes,yes,
2026-09-28,cortisol am,desktop,selling-test-page,/tests/cortisol-am-and-pm-test/,/tests/cortisol-am-and-pm-test/,6,,,625,yes,yes,
2026-09-28,cortisol am test,phone,selling-test-page,/tests/cortisol-am-and-pm-test/,/tests/cortisol-am-and-pm-test/,5,4.5,,626,yes,yes,
2026-09-28,cortisol am test,desktop,selling-test-page,/tests/cortisol-am-and-pm-test/,/tests/cortisol-am-and-pm-test/,5,,,626,yes,yes,
2026-09-28,cortisol blood test,phone,selling-test-page,/tests/cortisol/,/tests/cortisol-am-and-pm-test/,8,8.0,,2258,yes,no,refresh; other page ranks
2026-09-28,cortisol blood test,desktop,selling-test-page,/tests/cortisol/,/tests/cortisol/,12,,,2258,yes,no,
2026-09-28,cortisol level test,phone,kept,/tests/cortisol/,/tests/cortisol-am-and-pm-test/,9,101.0,,462,yes,no,other page ranks
2026-09-28,cortisol level test,desktop,kept,/tests/cortisol/,/tests/cortisol/,31,,,462,yes,yes,
2026-09-28,cortisol levels test,phone,kept,/tests/cortisol-am-and-pm-test/,/tests/cortisol/,11,10.0,,644,yes,no,other page ranks
2026-09-28,cortisol levels test,desktop,kept,/tests/cortisol-am-and-pm-test/,/tests/cortisol/,11,,,644,yes,yes,
2026-09-28,cortisol test,phone,selling-test-page,/tests/cortisol/,/tests/cortisol/,10,11.0,,4645,yes,yes,refresh
2026-09-28,cortisol test,desktop,selling-test-page,/tests/cortisol/,/tests/cortisol/,11,,,4645,yes,yes,
2026-09-28,cortisol testing,phone,selling-test-page,/tests/cortisol-am-and-pm-test/,/tests/cortisol-am-and-pm-test/,21,16.5,,585,yes,yes,
2026-09-28,cortisol testing,desktop,selling-test-page,/tests/cortisol-am-and-pm-test/,/tests/cortisol/,13,,,585,yes,yes,
2026-09-28,cost of std check,phone,std-pages,/std-test-pricing/,/std-testing/atlanta-ga/,3,3.0,,2224,yes,no,other page ranks
2026-09-28,cost of std check,desktop,std-pages,/std-test-pricing/,/std-testing/atlanta-ga/,3,,,2224,no,no,
2026-09-28,cotinine,phone,next-in-line,/tests/nicotine-and-cotinine/,/tests/nicotine-and-cotinine/,7,7.0,,1684,yes,no,
2026-09-28,cotinine,desktop,next-in-line,/tests/nicotine-and-cotinine/,/tests/nicotine-and-cotinine/,22,,,1684,yes,no,
2026-09-28,covid 19 diagnostic test,phone,next-in-line,/tests/covid-19-antigen-test/,/tests/at-home-molecular-pcr-covid-19-test/,69,69.0,,4,yes,no,other page ranks
2026-09-28,covid 19 diagnostic test,desktop,next-in-line,/tests/covid-19-antigen-test/,/tests/at-home-covid-19-antigen-test/,31,,,4,yes,no,
2026-09-28,crab allergy test,phone,not-ranking-yet,/tests/crab-allergy-test/,/tests/crab-allergy-test/,8,7.0,,0,yes,no,
2026-09-28,crab allergy test,desktop,not-ranking-yet,/tests/crab-allergy-test/,/tests/crab-allergy-test/,8,,,0,yes,no,
2026-09-28,creatine kinase,phone,selling-test-page,/tests/creatine-kinase-ck/,/tests/creatine-kinase-ck/,16,16.5,,673,yes,no,
2026-09-28,creatine kinase,desktop,selling-test-page,/tests/creatine-kinase-ck/,/tests/creatine-kinase-ck/,15,,,673,yes,no,
2026-09-28,creatine kinase high,phone,kept,/tests/creatine-kinase-ck/,/tests/creatine-kinase-ck/,21,17.0,,180,yes,no,
2026-09-28,creatine kinase high,desktop,kept,/tests/creatine-kinase-ck/,/tests/creatine-kinase-ck/,17,,,180,yes,no,
2026-09-28,creatine kinase test,phone,kept,/tests/creatine-kinase-ck/,/tests/creatine-kinase-ck/,13,25.0,,934,yes,yes,
2026-09-28,creatine kinase test,desktop,kept,/tests/creatine-kinase-ck/,/tests/ck-mb/,47,,,934,yes,yes,
2026-09-28,creatinine,phone,selling-test-page,/tests/creatinine/,/tests/creatinine/,21,19.5,,277,yes,no,
2026-09-28,creatinine,desktop,selling-test-page,/tests/creatinine/,/tests/creatinine/,14,,,277,yes,no,
2026-09-28,creatinine blood test,phone,selling-test-page,/tests/creatinine/,,,101.0,,88,yes,no,
2026-09-28,creatinine blood test,desktop,selling-test-page,/tests/creatinine/,/tests/creatinine-clearance/,68,,,88,yes,no,
2026-09-28,creatinine test,phone,selling-test-page,/tests/creatinine/,/tests/creatinine/,14,14.0,,487,yes,no,
2026-09-28,creatinine test,desktop,selling-test-page,/tests/creatinine/,/tests/creatinine/,18,,,487,yes,yes,
2026-09-28,crp blood test,phone,kept,/tests/c-reactive-protein-crp/,/tests/c-reactive-protein-crp/,24,19.0,,218,yes,no,
2026-09-28,crp blood test,desktop,kept,/tests/c-reactive-protein-crp/,/tests/high-sensitivity-c-reactive-protein-hs-crp/,63,,,218,yes,no,
2026-09-28,crp test,phone,selling-test-page,/tests/c-reactive-protein-crp/,/tests/high-sensitivity-c-reactive-protein-hs-crp/,68,62.0,,1704,yes,no,other page ranks
2026-09-28,crp test,desktop,selling-test-page,/tests/c-reactive-protein-crp/,/tests/high-sensitivity-c-reactive-protein-hs-crp/,17,,,1704,yes,yes,
2026-09-28,ct ng test,phone,std-pages,/std-testing/chlamydia-gonorrhea-test/,/std-testing/chlamydia-gonorrhea-test/,17,22.0,,38,yes,no,
2026-09-28,ct ng test,desktop,std-pages,/std-testing/chlamydia-gonorrhea-test/,,,,,38,yes,no,
2026-09-28,ctng test,phone,std-pages,/std-testing/chlamydia-gonorrhea-test/,/std-testing/chlamydia-gonorrhea-test/,27,20.0,,5,yes,no,
2026-09-28,ctng test,desktop,std-pages,/std-testing/chlamydia-gonorrhea-test/,/std-testing/chlamydia-gonorrhea-test/,19,,,5,yes,no,
2026-09-28,cyclic citrullinated peptide,phone,next-in-line,/tests/cyclic-citrullinated-peptide-antibody/,/tests/cyclic-citrullinated-peptide-antibody/,7,7.0,,976,yes,yes,
2026-09-28,cyclic citrullinated peptide,desktop,next-in-line,/tests/cyclic-citrullinated-peptide-antibody/,/tests/cyclic-citrullinated-peptide-antibody/,12,,,976,yes,yes,
2026-09-28,cyclic citrullinated peptide ccp ab igg,phone,next-in-line,/tests/cyclic-citrullinated-peptide-antibody/,/tests/cyclic-citrullinated-peptide-antibody/,8,8.0,,32,yes,no,
2026-09-28,cyclic citrullinated peptide ccp ab igg,desktop,next-in-line,/tests/cyclic-citrullinated-peptide-antibody/,/tests/cyclic-citrullinated-peptide-antibody/,12,,,32,yes,no,
2026-09-28,d dimer,phone,next-in-line,/tests/d-dimer/,/tests/d-dimer/,5,6.0,,15000,yes,yes,
2026-09-28,d dimer,desktop,next-in-line,/tests/d-dimer/,/tests/d-dimer/,7,,,15000,yes,yes,
2026-09-28,dat blood test,phone,next-in-line,/tests/direct-antiglobulin-test/,/tests/direct-antiglobulin-test/,1,1.0,,355,yes,yes,
2026-09-28,dat blood test,desktop,next-in-line,/tests/direct-antiglobulin-test/,,,,,355,yes,yes,
2026-09-28,dehydroepiandrosterone blood test,phone,not-ranking-yet,/tests/dehydroepiandrosterone-test/,/tests/dheas/,21,9.0,,4,yes,no,other page ranks
2026-09-28,dehydroepiandrosterone blood test,desktop,not-ranking-yet,/tests/dehydroepiandrosterone-test/,/tests/dheas/,9,,,4,yes,no,
2026-09-28,dehydroepiandrosterone test,phone,kept,/tests/dheas/,/tests/dheas/,12,12.0,,92,yes,yes,
2026-09-28,dehydroepiandrosterone test,desktop,kept,/tests/dheas/,/tests/dheas/,12,,,92,yes,yes,
2026-09-28,dhea sulfate,phone,selling-test-page,/tests/dheas/,/tests/dheas/,19,18.0,,4463,yes,no,
2026-09-28,dhea sulfate,desktop,selling-test-page,/tests/dheas/,/tests/dheas/,15,,,4463,yes,no,
2026-09-28,dhea sulfate test,phone,kept,/tests/dheas/,/tests/dheas/,15,10.0,,420,yes,no,
2026-09-28,dhea sulfate test,desktop,kept,/tests/dheas/,/tests/dheas/,11,,,420,yes,yes,
2026-09-28,dhea test,phone,kept,/tests/dheas/,/tests/dheas/,13,10.0,,263,yes,yes,
2026-09-28,dhea test,desktop,kept,/tests/dheas/,/tests/dheas/,9,,,263,yes,yes,
2026-09-28,dhea-s,phone,selling-test-page,/tests/dheas/,/tests/dheas/,12,12.0,,479,yes,no,
2026-09-28,dhea-s,desktop,selling-test-page,/tests/dheas/,/tests/dheas/,11,,,479,yes,yes,
2026-09-28,dheas,phone,selling-test-page,/tests/dheas/,/tests/dheas/,15,15.0,,258,yes,no,
2026-09-28,dheas,desktop,selling-test-page,/tests/dheas/,/tests/dheas/,12,,,258,yes,no,
2026-09-28,dheas test,phone,kept,/tests/dheas/,/tests/dheas/,7,9.5,,314,yes,yes,
2026-09-28,dheas test,desktop,kept,/tests/dheas/,/tests/dheas/,7,,,314,yes,yes,
2026-09-28,diabetes panel,phone,selling-test-page,/tests/diabetes-panel/,/tests/diabetes-panel/,1,1.0,,176,yes,yes,
2026-09-28,diabetes panel,desktop,selling-test-page,/tests/diabetes-panel/,/tests/diabetes-panel/,1,,,176,yes,yes,
2026-09-28,diabetes panel blood test,phone,not-ranking-yet,/tests/expanded-diabetes-panel/,/tests/diabetes-panel/,3,3.0,,9,yes,yes,other page ranks
2026-09-28,diabetes panel blood test,desktop,not-ranking-yet,/tests/expanded-diabetes-panel/,/tests/diabetes-panel/,2,,,9,yes,yes,
2026-09-28,diabetes panel test,desktop,leaving,/tests/comprehensive-diabetes-panel/,/tests/diabetes-panel/,2,,,72,yes,yes,
2026-09-28,diabetes panel test price,phone,not-ranking-yet,/tests/expanded-diabetes-panel/,/tests/comprehensive-diabetes-panel/,4,4.0,,3,no,no,other page ranks
2026-09-28,diabetes panel test price,desktop,not-ranking-yet,/tests/expanded-diabetes-panel/,/tests/comprehensive-diabetes-panel/,22,,,3,no,no,
2026-09-28,diabetes testing,phone,selling-test-page,/tests/comprehensive-diabetes-panel/,/glucose-testing/,24,23.0,,37,yes,no,other page ranks
2026-09-28,diabetes testing,desktop,selling-test-page,/tests/comprehensive-diabetes-panel/,/glucose-testing/,33,,,37,yes,no,
2026-09-28,difference between semaglutide and tirzepatide,phone,treatments,/treatments/tirzepatide-vs-semaglutide/,,,52.0,,6186,no,no,
2026-09-28,difference between semaglutide and tirzepatide,desktop,treatments,/treatments/tirzepatide-vs-semaglutide/,/treatments/tirzepatide-vs-semaglutide/,3,,,6186,yes,yes,
2026-09-28,direct antiglobulin test,phone,next-in-line,/tests/direct-antiglobulin-test/,/tests/direct-antiglobulin-test/,7,7.0,,1473,yes,yes,
2026-09-28,direct antiglobulin test,desktop,next-in-line,/tests/direct-antiglobulin-test/,/tests/direct-antiglobulin-test/,9,,,1473,yes,yes,
2026-09-28,direct ldl,desktop,leaving,/tests/ldl-cholesterol/,/tests/direct-ldl-cholesterol/,6,,,786,yes,yes,
2026-09-28,disease diagnosis,phone,category,/disease-detection-and-monitoring-testing/,/disease-detection-and-monitoring-testing/,6,4.0,,35,yes,no,
2026-09-28,disease diagnosis,desktop,category,/disease-detection-and-monitoring-testing/,/disease-detection-and-monitoring-testing/,6,,,35,yes,no,
2026-09-28,disease testing,phone,category,/infectious-disease-testing/,/blood-testing/laguna-hills-ca/,5,5.5,,231,yes,no,other page ranks
2026-09-28,disease testing,desktop,category,/infectious-disease-testing/,/blood-testing/laguna-hills-ca/,5,,,231,yes,no,
2026-09-28,dna testing,phone,category,/dna-testing/,/tests/dna-testing/,18,17.0,,957,yes,no,other page ranks
2026-09-28,dna testing,desktop,category,/dna-testing/,/tests/dna-testing/,18,,,957,yes,no,
2026-09-28,does compounded semaglutide work,phone,treatments,/treatments/does-compounded-semaglutide-work/,,,51.5,,376,no,no,
2026-09-28,does compounded semaglutide work,desktop,treatments,/treatments/does-compounded-semaglutide-work/,/treatments/compounded-semaglutide/,2,,,376,no,no,
2026-09-28,does compounded tirzepatide work,phone,treatments,/treatments/does-compounded-tirzepatide-work/,,,101.0,,447,no,no,
2026-09-28,does compounded tirzepatide work,desktop,treatments,/treatments/does-compounded-tirzepatide-work/,,,,,447,yes,yes,
2026-09-28,dog dander allergy test,phone,not-ranking-yet,/tests/dog-dander-allergy-test/,/tests/dog-dander-allergy-test/,14,13.0,,12,yes,yes,
2026-09-28,dog dander allergy test,desktop,not-ranking-yet,/tests/dog-dander-allergy-test/,/tests/dog-dander-allergy-test/,13,,,12,yes,yes,
2026-09-28,doxycycline for sti prevention,phone,treatments,/treatments/doxypep/,,,101.0,,0,no,no,
2026-09-28,doxycycline for sti prevention,desktop,treatments,/treatments/doxypep/,,,,,0,yes,no,
2026-09-28,doxypep,phone,treatments,/treatments/doxypep/,,,101.0,,0,no,no,
2026-09-28,doxypep,desktop,treatments,/treatments/doxypep/,,,,,0,yes,no,
2026-09-28,drug and alcohol test,phone,category,/drug-testing/,/tests/10-panel-drug-testing/,16,21.0,,266,yes,no,other page ranks
2026-09-28,drug and alcohol test,desktop,category,/drug-testing/,,,,,266,yes,no,
2026-09-28,drug test,phone,next-in-line,/tests/urine-drug-test/,/tests/10-panel-drug-testing/,8,17.5,,13114,yes,no,other page ranks
2026-09-28,drug test,desktop,next-in-line,/tests/urine-drug-test/,/tests/drug-testing/,79,,,13114,yes,yes,
2026-09-28,dsdna,phone,next-in-line,/tests/anti-dsdna/,/tests/anti-dsdna/,3,2.5,,1924,yes,no,
2026-09-28,dsdna,desktop,next-in-line,/tests/anti-dsdna/,/tests/anti-dsdna/,4,,,1924,yes,yes,
2026-09-28,dsdna antibody,phone,next-in-line,/tests/anti-dsdna/,/tests/anti-dsdna/,1,1.0,,1270,yes,yes,
2026-09-28,dsdna antibody,desktop,next-in-line,/tests/anti-dsdna/,/tests/anti-dsdna/,2,,,1270,yes,yes,
2026-09-28,ebv ab vca igg,phone,next-in-line,/tests/epstein-barr-virus-ebv-antibody-tests/,,,51.5,,1224,yes,no,
2026-09-28,ebv ab vca igg,desktop,next-in-line,/tests/epstein-barr-virus-ebv-antibody-tests/,/tests/epstein-barr-virus-ebv-antibody-tests/,4,,,1224,yes,yes,
2026-09-28,ebv vca igg,phone,next-in-line,/tests/epstein-barr-virus-ebv-antibody-tests/,/tests/epstein-barr-virus-ebv-antibody-tests/,21,12.0,,984,yes,no,
2026-09-28,ebv vca igg,desktop,next-in-line,/tests/epstein-barr-virus-ebv-antibody-tests/,/tests/epstein-barr-virus-ebv-antibody-tests/,9,,,984,yes,no,
2026-09-28,egfr,phone,next-in-line,/tests/estimated-glomerular-filtration-rate-egfr/,/tests/estimated-glomerular-filtration-rate-egfr/,31,28.0,,127,yes,no,
2026-09-28,egfr,desktop,next-in-line,/tests/estimated-glomerular-filtration-rate-egfr/,/tests/estimated-glomerular-filtration-rate-egfr/,21,,,127,yes,no,
2026-09-28,egfr blood test,phone,next-in-line,/tests/estimated-glomerular-filtration-rate-egfr/,/tests/estimated-glomerular-filtration-rate-egfr/,12,12.0,,328,yes,no,
2026-09-28,egfr blood test,desktop,next-in-line,/tests/estimated-glomerular-filtration-rate-egfr/,/tests/estimated-glomerular-filtration-rate-egfr/,12,,,328,yes,no,
2026-09-28,egg white allergy blood test,phone,not-ranking-yet,/tests/egg-white-allergy-test/,/tests/egg-white-allergy-test/,6,6.0,,3,no,no,
2026-09-28,egg white allergy blood test,desktop,not-ranking-yet,/tests/egg-white-allergy-test/,/tests/egg-white-allergy-test/,6,,,3,no,no,
2026-09-28,egg white allergy test,phone,not-ranking-yet,/tests/egg-white-allergy-test/,/tests/egg-white-allergy-test/,9,9.0,,0,no,no,
2026-09-28,egg white allergy test,desktop,not-ranking-yet,/tests/egg-white-allergy-test/,/tests/egg-white-allergy-test/,9,,,0,yes,yes,
2026-09-28,electrolyte panel,phone,selling-test-page,/tests/electrolytes-and-anion-gap/,,,7.0,,646,yes,yes,
2026-09-28,electrolyte panel,desktop,selling-test-page,/tests/electrolytes-and-anion-gap/,/tests/electrolytes-and-anion-gap/,7,,,646,yes,yes,
2026-09-28,electrolytes blood test,phone,selling-test-page,/tests/electrolytes-and-anion-gap/,,,60.0,,337,yes,yes,
2026-09-28,electrolytes blood test,desktop,selling-test-page,/tests/electrolytes-and-anion-gap/,/tests/electrolytes-and-anion-gap/,15,,,337,yes,yes,
2026-09-28,electrolytes test,phone,kept,/tests/electrolytes-and-anion-gap/,/tests/electrolytes-and-anion-gap/,8,10.0,,64,yes,yes,
2026-09-28,electrolytes test,desktop,kept,/tests/electrolytes-and-anion-gap/,/tests/electrolytes-and-anion-gap/,8,,,64,yes,yes,
2026-09-28,erythrocyte sedimentation rate,phone,kept,/tests/erythrocyte-sedimentation-rate-esr/,,,101.0,,56,yes,no,
2026-09-28,erythrocyte sedimentation rate,desktop,kept,/tests/erythrocyte-sedimentation-rate-esr/,,,,,56,yes,no,
2026-09-28,erythropoietin,phone,next-in-line,/tests/erythropoietin/,/tests/erythropoietin/,7,9.0,,1485,yes,yes,refresh
2026-09-28,erythropoietin,desktop,next-in-line,/tests/erythropoietin/,/tests/erythropoietin/,10,,,1485,yes,yes,
2026-09-28,erythropoietin blood test,phone,next-in-line,/tests/erythropoietin/,,,56.0,,1192,yes,yes,
2026-09-28,erythropoietin blood test,desktop,next-in-line,/tests/erythropoietin/,/tests/erythropoietin/,6,,,1192,yes,yes,
2026-09-28,esr,phone,selling-test-page,/tests/erythrocyte-sedimentation-rate-esr/,/tests/erythrocyte-sedimentation-rate-esr/,7,5.0,,31927,yes,yes,
2026-09-28,esr,desktop,selling-test-page,/tests/erythrocyte-sedimentation-rate-esr/,/tests/erythrocyte-sedimentation-rate-esr/,2,,,31927,yes,yes,
2026-09-28,esr blood test,phone,selling-test-page,/tests/erythrocyte-sedimentation-rate-esr/,/tests/erythrocyte-sedimentation-rate-esr/,42,41.5,,289,yes,no,
2026-09-28,esr blood test,desktop,selling-test-page,/tests/erythrocyte-sedimentation-rate-esr/,/tests/erythrocyte-sedimentation-rate-esr/,50,,,289,yes,no,
2026-09-28,esr test,phone,selling-test-page,/tests/erythrocyte-sedimentation-rate-esr/,/tests/erythrocyte-sedimentation-rate-esr/,34,33.0,,174,yes,no,
2026-09-28,esr test,desktop,selling-test-page,/tests/erythrocyte-sedimentation-rate-esr/,/tests/erythrocyte-sedimentation-rate-esr/,33,,,174,yes,no,
2026-09-28,essential health check,phone,selling-test-page,/tests/essential-health-panel/,/tests/essential-health-panel/,5,3.0,,51,no,no,
2026-09-28,essential health check,desktop,selling-test-page,/tests/essential-health-panel/,/tests/essential-health-panel/,2,,,51,yes,yes,
2026-09-28,estradiol blood test,phone,selling-test-page,/tests/estradiol-test/,/tests/estradiol-test/,2,2.0,,3146,yes,yes,
2026-09-28,estradiol blood test,desktop,selling-test-page,/tests/estradiol-test/,/tests/estradiol-test/,2,,,3146,yes,yes,
2026-09-28,estradiol lab test,phone,selling-test-page,/tests/estradiol-test/,/tests/estradiol-test/,8,8.0,,317,yes,yes,
2026-09-28,estradiol lab test,desktop,selling-test-page,/tests/estradiol-test/,/tests/estradiol-test/,8,,,317,yes,yes,
2026-09-28,estradiol test,phone,selling-test-page,/tests/estradiol-test/,/tests/estradiol-test/,7,101.0,,1781,yes,yes,
2026-09-28,estradiol test,desktop,selling-test-page,/tests/estradiol-test/,/tests/estradiol-test/,10,,,1781,yes,yes,
2026-09-28,estradiol ultrasensitive,phone,selling-test-page,/tests/estradiol-test-ultrasensitive-test/,/tests/estradiol-test-ultrasensitive-test/,6,6.0,,156,yes,yes,
2026-09-28,estradiol ultrasensitive,desktop,selling-test-page,/tests/estradiol-test-ultrasensitive-test/,,,,,156,yes,yes,
2026-09-28,estradiol ultrasensitive lc/ms,phone,selling-test-page,/tests/estradiol-test-ultrasensitive-test/,/tests/estradiol-test-ultrasensitive-test/,11,56.0,,180,yes,yes,
2026-09-28,estradiol ultrasensitive lc/ms,desktop,selling-test-page,/tests/estradiol-test-ultrasensitive-test/,/tests/estradiol-test-ultrasensitive-test/,11,,,180,yes,yes,
2026-09-28,estradiol ultrasensitive test,phone,selling-test-page,/tests/estradiol-test-ultrasensitive-test/,/tests/estradiol-test/,4,4.0,,146,yes,yes,other page ranks
2026-09-28,estradiol ultrasensitive test,desktop,selling-test-page,/tests/estradiol-test-ultrasensitive-test/,/tests/estradiol-test-ultrasensitive-test/,6,,,146,yes,yes,
2026-09-28,estrogen blood test,phone,selling-test-page,/tests/estrogen/,/tests/estrogen/,7,7.0,,475,yes,yes,
2026-09-28,estrogen blood test,desktop,selling-test-page,/tests/estrogen/,/tests/estrogen/,7,,,475,yes,yes,
2026-09-28,estrogen test,phone,selling-test-page,/tests/estrogen/,/tests/estrogen/,8,8.0,,606,yes,yes,
2026-09-28,estrogen test,desktop,selling-test-page,/tests/estrogen/,/tests/estrogen/,7,,,606,yes,yes,
2026-09-28,estrogen testing,phone,selling-test-page,/tests/estrogen/,/tests/estrogen/,8,8.0,,93,yes,yes,
2026-09-28,estrogen testing,desktop,selling-test-page,/tests/estrogen/,/tests/estrogen/,5,,,93,yes,yes,
2026-09-28,estrogens total,phone,kept,/tests/estrogen/,,,68.5,,36,yes,yes,
2026-09-28,estrogens total,desktop,kept,/tests/estrogen/,,,,,36,yes,yes,
2026-09-28,estrone test,phone,kept,/tests/estrone-test/,/tests/estrone-test/,8,8.0,,44,yes,yes,
2026-09-28,estrone test,desktop,kept,/tests/estrone-test/,/tests/estrone-test/,8,,,44,yes,yes,
2026-09-28,fasting insulin,phone,selling-test-page,/tests/fasting-insulin-test/,/tests/fasting-insulin-test/,2,2.0,,2581,yes,yes,
2026-09-28,fasting insulin,desktop,selling-test-page,/tests/fasting-insulin-test/,/tests/fasting-insulin-test/,2,,,2581,yes,yes,
2026-09-28,fasting insulin test,phone,selling-test-page,/tests/fasting-insulin-test/,/tests/fasting-insulin-test/,5,5.0,,5358,yes,yes,
2026-09-28,fasting insulin test,desktop,selling-test-page,/tests/fasting-insulin-test/,/tests/fasting-insulin-test/,2,,,5358,yes,yes,
2026-09-28,fecal elastase,phone,next-in-line,/tests/stool-elastase/,/tests/stool-elastase/,9,8.0,,1518,yes,yes,refresh
2026-09-28,fecal elastase,desktop,next-in-line,/tests/stool-elastase/,/tests/stool-elastase/,9,,,1518,yes,no,
2026-09-28,fecal lactoferrin,phone,next-in-line,/tests/lactoferrin/,/tests/lactoferrin/,2,2.0,,1342,yes,yes,
2026-09-28,fecal lactoferrin,desktop,next-in-line,/tests/lactoferrin/,/tests/lactoferrin/,2,,,1342,yes,yes,
2026-09-28,female hormone panel,phone,not-ranking-yet,/tests/standard-female-hormone-test/,/tests/female-hormone-panel/,4,4.0,,424,yes,yes,other page ranks
2026-09-28,female hormone panel,desktop,not-ranking-yet,/tests/standard-female-hormone-test/,/tests/female-hormone-panel/,4,,,424,yes,yes,
2026-09-28,female hormone panel blood test,phone,not-ranking-yet,/tests/standard-female-hormone-test/,/tests/female-hormone-panel/,5,5.0,,427,yes,yes,other page ranks
2026-09-28,female hormone panel blood test,desktop,not-ranking-yet,/tests/standard-female-hormone-test/,/tests/female-hormone-panel/,5,,,427,yes,yes,
2026-09-28,female hormone panel test,phone,not-ranking-yet,/tests/standard-female-hormone-test/,/tests/female-hormone-panel/,6,6.0,,13,yes,yes,other page ranks
2026-09-28,female hormone panel test,desktop,not-ranking-yet,/tests/standard-female-hormone-test/,/tests/female-hormone-panel/,4,,,13,yes,yes,
2026-09-28,female hormone test list,phone,next-in-line,/tests/female-hormone-panel/,/hormone-test-for-women/,9,7.0,,925,yes,yes,other page ranks
2026-09-28,female hormone test list,desktop,next-in-line,/tests/female-hormone-panel/,/tests/female-hormone-panel/,5,,,925,yes,yes,
2026-09-28,ferritin,phone,selling-test-page,/tests/ferritin/,/tests/ferritin/,20,18.0,,477,yes,no,
2026-09-28,ferritin,desktop,selling-test-page,/tests/ferritin/,/tests/ferritin/,18,,,477,yes,no,
2026-09-28,ferritin blood test,phone,selling-test-page,/tests/ferritin/,,,60.0,,1608,yes,yes,
2026-09-28,ferritin blood test,desktop,selling-test-page,/tests/ferritin/,,,,,1608,yes,yes,
2026-09-28,ferritin test,phone,selling-test-page,/tests/ferritin/,/tests/ferritin/,11,56.0,,1038,yes,yes,
2026-09-28,ferritin test,desktop,selling-test-page,/tests/ferritin/,,,,,1038,yes,yes,
2026-09-28,fert test,phone,category,/fertility-testing/,/tests/fertility-testing/,19,60.0,,500,no,no,other page ranks
2026-09-28,fert test,desktop,category,/fertility-testing/,/tests/fertility-testing/,45,,,500,no,no,
2026-09-28,fertility testing,phone,category,/fertility-testing/,/tests/fertility-testing/,78,71.0,,1295,yes,no,other page ranks
2026-09-28,fertility testing,desktop,category,/fertility-testing/,/tests/fertility-testing/,83,,,1295,yes,no,
2026-09-28,fibrinogen blood test,phone,next-in-line,/tests/fibrinogen/,/tests/fibrinogen/,5,5.0,,1119,yes,yes,
2026-09-28,fibrinogen blood test,desktop,next-in-line,/tests/fibrinogen/,/tests/fibrinogen/,5,,,1119,yes,yes,
2026-09-28,fibrinogen test,phone,next-in-line,/tests/fibrinogen/,/tests/fibrinogen/,6,4.0,,537,yes,yes,
2026-09-28,fibrinogen test,desktop,next-in-line,/tests/fibrinogen/,/tests/fibrinogen/,6,,,537,yes,yes,
2026-09-28,flu testing,phone,category,/influenza-testing/,/tests/at-home-influenza-test/,27,27.0,,1249,yes,no,other page ranks
2026-09-28,flu testing,desktop,category,/influenza-testing/,/tests/at-home-influenza-test/,30,,,1249,yes,no,
2026-09-28,fobt,phone,next-in-line,/tests/fecal-occult-blood-test/,,,55.5,,1864,yes,yes,
2026-09-28,fobt,desktop,next-in-line,/tests/fecal-occult-blood-test/,/tests/fecal-occult-blood-test/,9,,,1864,yes,no,
2026-09-28,fobt test,phone,next-in-line,/tests/fecal-occult-blood-test/,/tests/fecal-occult-blood-test/,8,101.0,,1139,yes,no,
2026-09-28,fobt test,desktop,next-in-line,/tests/fecal-occult-blood-test/,/tests/fecal-occult-blood-test/,10,,,1139,yes,no,
2026-09-28,folate blood test,phone,selling-test-page,/tests/folate-test/,,,58.0,,609,yes,yes,
2026-09-28,folate blood test,desktop,selling-test-page,/tests/folate-test/,,,,,609,yes,yes,
2026-09-28,folate lab test,phone,selling-test-page,/tests/folate-test/,,,60.5,,1864,yes,yes,
2026-09-28,folate lab test,desktop,selling-test-page,/tests/folate-test/,,,,,1864,yes,yes,
2026-09-28,follicle stimulating hormone,phone,kept,/tests/follicle-stimulating-hormone-fsh/,,,101.0,,110,yes,no,
2026-09-28,follicle stimulating hormone,desktop,kept,/tests/follicle-stimulating-hormone-fsh/,,,,,110,yes,no,
2026-09-28,follicle stimulating hormone test,phone,kept,/tests/follicle-stimulating-hormone-fsh/,/tests/follicle-stimulating-hormone-fsh/,13,12.0,,433,yes,yes,
2026-09-28,follicle stimulating hormone test,desktop,kept,/tests/follicle-stimulating-hormone-fsh/,/tests/follicle-stimulating-hormone-fsh/,12,,,433,yes,yes,
2026-09-28,food allergy blood test,phone,kept,/tests/food-allergy-testing/,/tests/food-allergy-testing/,22,12.0,,967,yes,no,
2026-09-28,food allergy blood test,desktop,kept,/tests/food-allergy-testing/,,,,,967,yes,no,
2026-09-28,food allergy test,phone,selling-test-page,/tests/food-allergy-testing/,/tests/food-sensitivity-testing/,83,12.0,,1871,yes,yes,refresh; other page ranks
2026-09-28,food allergy test,desktop,selling-test-page,/tests/food-allergy-testing/,/tests/food-sensitivity-testing/,93,,,1871,yes,yes,
2026-09-28,food allergy testing,phone,selling-test-page,/tests/food-allergy-testing/,/tests/food-allergy-testing/,29,24.0,,1594,no,no,
2026-09-28,food allergy testing,desktop,selling-test-page,/tests/food-allergy-testing/,,,,,1594,yes,yes,
2026-09-28,food intolerance test,phone,category,/food-sensitivity-testing/,,,76.5,,1314,yes,yes,
2026-09-28,food intolerance test,desktop,category,/food-sensitivity-testing/,/tests/food-sensitivity-testing/,50,,,1314,yes,no,
2026-09-28,food sensitivities test,phone,selling-test-page,/tests/food-sensitivity-testing/,,,101.0,,1840,yes,no,
2026-09-28,food sensitivities test,desktop,selling-test-page,/tests/food-sensitivity-testing/,,,,,1840,yes,yes,
2026-09-28,food sensitivity test,phone,category,/food-sensitivity-testing/,/tests/food-sensitivity-testing/,33,32.0,,2690,yes,no,other page ranks
2026-09-28,food sensitivity test,desktop,category,/food-sensitivity-testing/,/tests/food-sensitivity-testing/,33,,,2690,yes,no,
2026-09-28,food sensitivity testing,phone,selling-test-page,/tests/food-sensitivity-testing/,,,41.0,,461,yes,yes,
2026-09-28,food sensitivity testing,desktop,selling-test-page,/tests/food-sensitivity-testing/,,,,,461,yes,yes,
2026-09-28,free psa,phone,selling-test-page,/tests/psa-free-to-total-ratio-test/,/tests/psa-free-to-total-ratio-test/,6,3.0,,381,yes,no,
2026-09-28,free psa,desktop,selling-test-page,/tests/psa-free-to-total-ratio-test/,/tests/psa-free-to-total-ratio-test/,8,,,381,yes,no,
2026-09-28,free psa test,phone,selling-test-page,/tests/psa-free-to-total-ratio-test/,/tests/psa-free-to-total-ratio-test/,14,14.0,,607,yes,yes,
2026-09-28,free psa test,desktop,selling-test-page,/tests/psa-free-to-total-ratio-test/,,,,,607,yes,yes,
2026-09-28,free t,phone,selling-test-page,/tests/testosterone-test-free-and-total-test/,/tests/testosterone-test-free-and-total-test/,37,28.0,,6,yes,no,
2026-09-28,free t,desktop,selling-test-page,/tests/testosterone-test-free-and-total-test/,,,,,6,yes,no,
2026-09-28,free t3 blood test,phone,selling-test-page,/tests/free-t3-test/,/tests/t3-test/,8,27.0,,288,yes,no,other page ranks
2026-09-28,free t3 blood test,desktop,selling-test-page,/tests/free-t3-test/,/tests/t3-test/,9,,,288,yes,yes,
2026-09-28,free t3 test,phone,selling-test-page,/tests/free-t3-test/,/tests/t3-test/,10,9.0,,93,yes,yes,other page ranks
2026-09-28,free t3 test,desktop,selling-test-page,/tests/free-t3-test/,/tests/free-t3-test/,55,,,93,yes,yes,
2026-09-28,free t4 blood test,desktop,leaving,/tests/t4-test/,/tests/t4-test/,5,,,5101,yes,yes,
2026-09-28,free t4 test,phone,kept,/tests/free-t4-test/,/tests/free-t4-test/,9,8.0,,491,yes,yes,
2026-09-28,free t4 test,desktop,kept,/tests/free-t4-test/,/tests/t4-test/,9,,,491,yes,yes,
2026-09-28,free testosterone blood test,phone,not-ranking-yet,/tests/free-testosterone-test/,/tests/testosterone-test-free-and-total-test/,17,16.0,,16,yes,yes,other page ranks
2026-09-28,free testosterone blood test,desktop,not-ranking-yet,/tests/free-testosterone-test/,/tests/testosterone-test-free-and-total-test/,26,,,16,yes,yes,
2026-09-28,free testosterone lab test,phone,not-ranking-yet,/tests/free-testosterone-test/,/tests/testosterone/,17,20.0,,8,yes,yes,other page ranks
2026-09-28,free testosterone lab test,desktop,not-ranking-yet,/tests/free-testosterone-test/,/tests/testosterone/,17,,,8,yes,yes,
2026-09-28,free testosterone test,phone,kept,/tests/testosterone-test-free-and-total-test/,/tests/testosterone-test-free-and-total-test/,19,18.0,,263,yes,yes,
2026-09-28,free testosterone test,desktop,kept,/tests/testosterone-test-free-and-total-test/,/tests/testosterone-test-free-and-total-test/,25,,,263,yes,yes,
2026-09-28,free thyroxine t4 test,phone,selling-test-page,/tests/t4-test/,/tests/t4-test/,5,5.0,,3980,yes,yes,
2026-09-28,free thyroxine t4 test,desktop,selling-test-page,/tests/t4-test/,/tests/t4-test/,5,,,3980,yes,yes,
2026-09-28,free vs total testosterone,desktop,leaving,/tests/testosterone-test-free-and-total-test/,,,,,64,yes,no,
2026-09-28,fructosamine,phone,next-in-line,/tests/fructosamine/,/tests/fructosamine/,1,1.0,,6882,yes,yes,buy button
2026-09-28,fructosamine,desktop,next-in-line,/tests/fructosamine/,/tests/fructosamine/,2,,,6882,yes,yes,
2026-09-28,fructosamine test,phone,next-in-line,/tests/fructosamine/,/tests/fructosamine/,2,2.5,,2903,yes,yes,buy button
2026-09-28,fructosamine test,desktop,next-in-line,/tests/fructosamine/,/tests/fructosamine/,7,,,2903,yes,yes,
2026-09-28,fsh and lh,phone,selling-test-page,/tests/fsh-lh-test/,/tests/fsh-lh-test/,25,24.0,,167,yes,no,
2026-09-28,fsh and lh,desktop,selling-test-page,/tests/fsh-lh-test/,/tests/fsh-lh-test/,38,,,167,yes,no,
2026-09-28,fsh and lh blood test,phone,selling-test-page,/tests/fsh-lh-test/,/tests/follicle-stimulating-hormone-fsh/,8,8.0,,401,yes,yes,other page ranks
2026-09-28,fsh and lh blood test,desktop,selling-test-page,/tests/fsh-lh-test/,/tests/follicle-stimulating-hormone-fsh/,8,,,401,yes,yes,
2026-09-28,fsh and lh test,phone,selling-test-page,/tests/fsh-lh-test/,/tests/fsh-lh-test/,9,16.5,,214,yes,yes,
2026-09-28,fsh and lh test,desktop,selling-test-page,/tests/fsh-lh-test/,/tests/follicle-stimulating-hormone-fsh/,30,,,214,yes,yes,
2026-09-28,fsh blood test,phone,selling-test-page,/tests/follicle-stimulating-hormone-fsh/,/tests/follicle-stimulating-hormone-fsh/,10,11.0,,3857,yes,yes,refresh
2026-09-28,fsh blood test,desktop,selling-test-page,/tests/follicle-stimulating-hormone-fsh/,/tests/follicle-stimulating-hormone-fsh/,9,,,3857,yes,yes,
2026-09-28,fsh lh test,desktop,leaving,/tests/fsh-lh-test/,/tests/fsh-lh-test/,9,,,122,yes,yes,
2026-09-28,fsh test,phone,selling-test-page,/tests/follicle-stimulating-hormone-fsh/,/tests/follicle-stimulating-hormone-fsh/,13,12.5,,955,yes,yes,
2026-09-28,fsh test,desktop,selling-test-page,/tests/follicle-stimulating-hormone-fsh/,/tests/follicle-stimulating-hormone-fsh/,12,,,955,yes,yes,
2026-09-28,fsh testing,phone,selling-test-page,/tests/follicle-stimulating-hormone-fsh/,/tests/follicle-stimulating-hormone-fsh/,8,8.0,,4236,yes,yes,refresh
2026-09-28,fsh testing,desktop,selling-test-page,/tests/follicle-stimulating-hormone-fsh/,/tests/follicle-stimulating-hormone-fsh/,8,,,4236,yes,yes,
2026-09-28,full panel std test,phone,std-pages,/std-testing/,/std-testing/atlanta-ga/,8,8.0,,10126,yes,no,refresh
2026-09-28,full panel std test,desktop,std-pages,/std-testing/,/std-testing/atlanta-ga/,5,,,10126,no,no,
2026-09-28,full panel std test includes,phone,std-pages,/std-testing/full-std-panel/,/std-testing/standard-std-panel/,1,2.0,,96,yes,yes,other page ranks
2026-09-28,full panel std test includes,desktop,std-pages,/std-testing/full-std-panel/,/std-testing/standard-std-panel/,2,,,96,yes,yes,
2026-09-28,full panel thyroid test,phone,selling-test-page,/tests/comprehensive-thyroid-panel/,/tests/comprehensive-thyroid-panel/,5,5.0,,99,yes,yes,
2026-09-28,full panel thyroid test,desktop,selling-test-page,/tests/comprehensive-thyroid-panel/,/tests/comprehensive-thyroid-panel/,5,,,99,yes,yes,
2026-09-28,full std panel,phone,std-pages,/std-testing/full-std-panel/,/std-testing/standard-std-panel/,2,2.0,,787,no,no,other page ranks
2026-09-28,full std panel,desktop,std-pages,/std-testing/full-std-panel/,/std-testing/standard-std-panel/,2,,,787,no,no,
2026-09-28,full std panel includes,phone,std-pages,/std-testing/full-std-panel/,/std-testing/standard-std-panel/,1,1.0,,59,yes,yes,other page ranks
2026-09-28,full std panel includes,desktop,std-pages,/std-testing/full-std-panel/,/std-testing/full-std-panel/,9,,,59,yes,yes,
2026-09-28,full sti panel,phone,std-pages,/std-testing/full-std-panel/,/std-testing/standard-std-panel/,1,1.0,,261,no,no,other page ranks
2026-09-28,full sti panel,desktop,std-pages,/std-testing/full-std-panel/,/std-testing/standard-std-panel/,1,,,261,no,no,
2026-09-28,full sti panel includes,phone,std-pages,/std-testing/full-std-panel/,/std-testing/standard-std-panel/,1,1.0,,33,yes,yes,other page ranks
2026-09-28,full sti panel includes,desktop,std-pages,/std-testing/full-std-panel/,/std-testing/standard-std-panel/,1,,,33,yes,yes,
2026-09-28,full thyroid panel,phone,selling-test-page,/tests/full-thyroid-panel/,/tests/comprehensive-thyroid-panel/,5,19.5,,1374,yes,yes,other page ranks
2026-09-28,full thyroid panel,desktop,selling-test-page,/tests/full-thyroid-panel/,/tests/thyroid-panel/,68,,,1374,yes,yes,
2026-09-28,full thyroid panel includes,phone,selling-test-page,/tests/full-thyroid-panel/,/tests/comprehensive-thyroid-panel/,4,3.0,,1763,yes,yes,other page ranks
2026-09-28,full thyroid panel includes,desktop,selling-test-page,/tests/full-thyroid-panel/,/tests/comprehensive-thyroid-panel/,4,,,1763,yes,yes,
2026-09-28,full women's hormone panel,phone,not-ranking-yet,/tests/expanded-female-hormone-panel/,/hormone-test-for-women/,8,8.0,,7,yes,yes,other page ranks
2026-09-28,full women's hormone panel,desktop,not-ranking-yet,/tests/expanded-female-hormone-panel/,/hormone-test-for-women/,4,,,7,yes,yes,
2026-09-28,g6pd blood test,phone,selling-test-page,/tests/g6pd/,/tests/g6pd/,10,10.0,,133,yes,yes,
2026-09-28,g6pd blood test,desktop,selling-test-page,/tests/g6pd/,/tests/g6pd/,10,,,133,yes,yes,
2026-09-28,g6pd deficiency test,phone,selling-test-page,/tests/g6pd/,/tests/g6pd/,13,13.0,,76,yes,yes,
2026-09-28,g6pd deficiency test,desktop,selling-test-page,/tests/g6pd/,/tests/g6pd/,13,,,76,yes,no,
2026-09-28,g6pd test,phone,selling-test-page,/tests/g6pd/,/tests/g6pd/,10,10.0,,562,yes,yes,
2026-09-28,g6pd test,desktop,selling-test-page,/tests/g6pd/,/tests/g6pd/,11,,,562,yes,yes,
2026-09-28,gamma glutamyl transferase,phone,selling-test-page,/tests/gamma-glutamyl-transferase-ggt/,/tests/gamma-glutamyl-transferase-ggt/,15,24.0,,256,yes,no,
2026-09-28,gamma glutamyl transferase,desktop,selling-test-page,/tests/gamma-glutamyl-transferase-ggt/,/tests/gamma-glutamyl-transferase-ggt/,24,,,256,yes,no,
2026-09-28,gamma gt,phone,kept,/tests/gamma-glutamyl-transferase-ggt/,/tests/gamma-glutamyl-transferase-ggt/,15,15.0,,446,yes,yes,
2026-09-28,gamma gt,desktop,kept,/tests/gamma-glutamyl-transferase-ggt/,/tests/gamma-glutamyl-transferase-ggt/,16,,,446,yes,no,
2026-09-28,gdh antigen,phone,next-in-line,/tests/clostridium-difficile-and-c-diff-toxin-test/,/tests/clostridium-difficile-and-c-diff-toxin-test/,32,29.5,,58,yes,no,
2026-09-28,gdh antigen,desktop,next-in-line,/tests/clostridium-difficile-and-c-diff-toxin-test/,/tests/clostridium-difficile-and-c-diff-toxin-test/,35,,,58,yes,no,
2026-09-28,gelatin allergy test,phone,not-ranking-yet,/tests/gelatin-allergy-test/,/tests/gelatin-allergy-test/,5,6.0,,0,yes,yes,
2026-09-28,gelatin allergy test,desktop,not-ranking-yet,/tests/gelatin-allergy-test/,/tests/gelatin-allergy-test/,7,,,0,yes,yes,
2026-09-28,gen force test,phone,category,/infectious-disease-genetic-testing/,/infectious-disease-genetic-testing/,8,101.0,,28,yes,no,
2026-09-28,gen force test,desktop,category,/infectious-disease-genetic-testing/,,,,,28,yes,no,
2026-09-28,genetic testing,phone,category,/dna-testing/,/tests/dna-testing/,47,49.0,,3954,yes,no,other page ranks
2026-09-28,genetic testing,desktop,category,/dna-testing/,/tests/dna-testing/,26,,,3954,yes,no,
2026-09-28,genital herpes medication,phone,treatments,/treatments/genital-herpes/,,,101.0,,16,no,no,
2026-09-28,genital herpes medication,desktop,treatments,/treatments/genital-herpes/,,,,,16,yes,no,
2026-09-28,genital herpes test,phone,std-pages,/std-testing/hsv-2-test/,/std-testing/herpes-1-2-test/,4,10.5,,361,yes,no,other page ranks
2026-09-28,genital herpes test,desktop,std-pages,/std-testing/hsv-2-test/,/std-testing/herpes-1-2-test/,20,,,361,yes,yes,
2026-09-28,genital herpes treatment,phone,treatments,/treatments/genital-herpes/,,,63.0,,11,no,no,
2026-09-28,genital herpes treatment,desktop,treatments,/treatments/genital-herpes/,/treatments/genital-herpes/,30,,,11,yes,no,
2026-09-28,gestational diabetes test,phone,next-in-line,/tests/glucose-tests-gestational-diabetes/,,,16.0,,107,yes,yes,
2026-09-28,gestational diabetes test,desktop,next-in-line,/tests/glucose-tests-gestational-diabetes/,/tests/glucose-tests-gestational-diabetes/,12,,,107,yes,yes,
2026-09-28,ggt blood test,phone,selling-test-page,/tests/gamma-glutamyl-transferase-ggt/,/tests/gamma-glutamyl-transferase-ggt/,13,14.0,,1218,yes,no,refresh
2026-09-28,ggt blood test,desktop,selling-test-page,/tests/gamma-glutamyl-transferase-ggt/,/tests/gamma-glutamyl-transferase-ggt/,26,,,1218,yes,no,
2026-09-28,ggt lab,phone,selling-test-page,/tests/gamma-glutamyl-transferase-ggt/,/tests/gamma-glutamyl-transferase-ggt/,9,10.0,,1721,yes,no,refresh
2026-09-28,ggt lab,desktop,selling-test-page,/tests/gamma-glutamyl-transferase-ggt/,/tests/gamma-glutamyl-transferase-ggt/,17,,,1721,yes,yes,
2026-09-28,gi panel,phone,next-in-line,/tests/gastrointestinal-pathogens-panel/,/tests/gastrointestinal-pathogens-panel/,1,1.0,,608,yes,yes,
2026-09-28,gi panel,desktop,next-in-line,/tests/gastrointestinal-pathogens-panel/,/tests/gastrointestinal-pathogens-panel/,1,,,608,yes,yes,
2026-09-28,gi pathogen panel,phone,next-in-line,/tests/gastrointestinal-pathogens-panel/,/tests/gastrointestinal-pathogens-panel/,2,2.0,,420,yes,yes,
2026-09-28,gi pathogen panel,desktop,next-in-line,/tests/gastrointestinal-pathogens-panel/,/tests/gastrointestinal-pathogens-panel/,4,,,420,yes,yes,
2026-09-28,ginger allergy test,phone,not-ranking-yet,/tests/ginger-allergy-test/,/tests/ginger-allergy-test/,4,4.0,,4,no,no,
2026-09-28,ginger allergy test,desktop,not-ranking-yet,/tests/ginger-allergy-test/,/tests/ginger-allergy-test/,4,,,4,yes,no,
2026-09-28,glp-1,phone,treatments,/treatments/glp-1-agonists/,,,101.0,,208,no,no,
2026-09-28,glp-1,desktop,treatments,/treatments/glp-1-agonists/,,,,,208,yes,no,
2026-09-28,glp-1 compound tirzepatide,phone,treatments,/treatments/compounded-tirzepatide/,/treatments/compounded-tirzepatide/,5,5.0,,293,yes,yes,
2026-09-28,glp-1 compound tirzepatide,desktop,treatments,/treatments/compounded-tirzepatide/,,,,,293,yes,no,
2026-09-28,glucose test,phone,category,/glucose-testing/,/glucose-testing/,32,32.0,,592,yes,no,
2026-09-28,glucose test,desktop,category,/glucose-testing/,/glucose-testing/,31,,,592,yes,no,
2026-09-28,glucose test pregnancy,phone,next-in-line,/tests/glucose-tests-gestational-diabetes/,/tests/glucose-tests-gestational-diabetes/,11,13.0,,525,yes,no,
2026-09-28,glucose test pregnancy,desktop,next-in-line,/tests/glucose-tests-gestational-diabetes/,/tests/glucose-tests-gestational-diabetes/,16,,,525,yes,no,
2026-09-28,glucose testing,phone,category,/glucose-testing/,/glucose-testing/,9,9.0,,577,yes,no,
2026-09-28,glucose testing,desktop,category,/glucose-testing/,/glucose-testing/,11,,,577,yes,no,
2026-09-28,glucose tolerance test,phone,selling-test-page,/tests/glucose-tolerance-test/,/tests/glucose-tolerance-test/,47,45.0,,27,yes,no,
2026-09-28,glucose tolerance test,desktop,selling-test-page,/tests/glucose-tolerance-test/,/tests/glucose-tolerance-test/,42,,,27,yes,no,
2026-09-28,gluten allergy test,phone,selling-test-page,/tests/gluten-allergy-test/,/tests/gluten-allergy-test/,27,29.0,,638,yes,no,
2026-09-28,gluten allergy test,desktop,selling-test-page,/tests/gluten-allergy-test/,/tests/gluten-allergy-test/,27,,,638,yes,no,
2026-09-28,gluten sensitivity test,phone,selling-test-page,/tests/gluten-allergy-test/,,,101.0,,35,yes,no,
2026-09-28,gluten sensitivity test,desktop,selling-test-page,/tests/gluten-allergy-test/,,,,,35,yes,no,
2026-09-28,gonorrhea,phone,std-pages,/tests/gonorrhea-urine-test/,,,101.0,,15,yes,no,
2026-09-28,gonorrhea,desktop,std-pages,/tests/gonorrhea-urine-test/,,,,,15,yes,no,
2026-09-28,gonorrhea blood test,phone,std-pages,/std-testing/chlamydia-gonorrhea-test/,/tests/gonorrhea-test/,20,12.0,,211,yes,yes,other page ranks
2026-09-28,gonorrhea blood test,desktop,std-pages,/std-testing/chlamydia-gonorrhea-test/,/tests/gonorrhea-test/,4,,,211,yes,yes,
2026-09-28,gonorrhea shot,phone,treatments,/treatments/gonorrhea/,,,63.0,,21,no,no,
2026-09-28,gonorrhea shot,desktop,treatments,/treatments/gonorrhea/,,,,,21,yes,yes,
2026-09-28,gonorrhea test,phone,std-pages,/std-testing/chlamydia-gonorrhea-test/,/tests/gonorrhea-test/,5,5.0,,3341,yes,yes,other page ranks
2026-09-28,gonorrhea test,desktop,std-pages,/std-testing/chlamydia-gonorrhea-test/,/tests/gonorrhea-test/,5,,,3341,no,no,
2026-09-28,gonorrhea test for men,phone,std-pages,/tests/gonorrhea-urine-test/,/tests/gonorrhea-test/,8,8.0,,185,yes,yes,other page ranks
2026-09-28,gonorrhea test for men,desktop,std-pages,/tests/gonorrhea-urine-test/,/tests/gonorrhea-test/,5,,,185,yes,yes,
2026-09-28,gonorrhea testing,phone,std-pages,/std-testing/chlamydia-gonorrhea-test/,/tests/gonorrhea-test/,21,11.0,,1748,yes,yes,refresh; other page ranks
2026-09-28,gonorrhea testing,desktop,std-pages,/std-testing/chlamydia-gonorrhea-test/,/tests/gonorrhea-test/,21,,,1748,yes,no,
2026-09-28,gonorrhea urine test,phone,std-pages,/tests/gonorrhea-urine-test/,/tests/gonorrhea-urine-test/,2,2.0,,136,yes,yes,
2026-09-28,gonorrhea urine test,desktop,std-pages,/tests/gonorrhea-urine-test/,/tests/gonorrhea-urine-test/,2,,,136,yes,yes,
2026-09-28,grape allergy test,phone,not-ranking-yet,/tests/grape-allergy-test/,/tests/grape-allergy-test/,4,5.0,,11,no,no,
2026-09-28,grape allergy test,desktop,not-ranking-yet,/tests/grape-allergy-test/,/tests/grape-allergy-test/,4,,,11,yes,yes,
2026-09-28,grapefruit allergy,phone,selling-test-page,/tests/grapefruit-allergy-test/,/tests/grapefruit-allergy-test/,4,7.0,,63,yes,yes,
2026-09-28,grapefruit allergy,desktop,selling-test-page,/tests/grapefruit-allergy-test/,,,,,63,yes,yes,
2026-09-28,graves disease labs,phone,category,/graves-disease-testing/,/graves-disease-testing/,6,7.0,,350,yes,no,
2026-09-28,graves disease labs,desktop,category,/graves-disease-testing/,/graves-disease-testing/,11,,,350,yes,yes,
2026-09-28,graves disease test,phone,category,/graves-disease-testing/,/graves-disease-testing/,12,11.0,,221,yes,no,
2026-09-28,graves disease test,desktop,category,/graves-disease-testing/,/graves-disease-testing/,12,,,221,yes,no,
2026-09-28,growth hormone test,phone,selling-test-page,/tests/growth-hormone/,/tests/growth-hormone/,15,14.0,,101,yes,yes,
2026-09-28,growth hormone test,desktop,selling-test-page,/tests/growth-hormone/,/tests/growth-hormone/,15,,,101,yes,yes,
2026-09-28,hair follicle drug test,phone,next-in-line,/tests/hair-follicle-drug-test/,/tests/hair-follicle-drug-test/,3,7.0,,9036,yes,yes,
2026-09-28,hair follicle drug test,desktop,next-in-line,/tests/hair-follicle-drug-test/,/tests/hair-follicle-drug-test/,2,,,9036,yes,yes,
2026-09-28,haptoglobin,phone,next-in-line,/tests/haptoglobin/,/tests/haptoglobin/,4,4.0,,13423,yes,yes,
2026-09-28,haptoglobin,desktop,next-in-line,/tests/haptoglobin/,/tests/haptoglobin/,4,,,13423,yes,yes,
2026-09-28,haptoglobin blood test,phone,next-in-line,/tests/haptoglobin/,/tests/haptoglobin/,7,9.0,,1147,yes,yes,refresh
2026-09-28,haptoglobin blood test,desktop,next-in-line,/tests/haptoglobin/,/tests/haptoglobin/,9,,,1147,yes,yes,
2026-09-28,hashimoto disease,phone,selling-test-page,/tests/thyroid-panel/,,,101.0,,0,yes,no,
2026-09-28,hashimoto disease,desktop,selling-test-page,/tests/thyroid-panel/,,,,,0,yes,no,
2026-09-28,hav igm,phone,selling-test-page,/tests/hepatitis-a-antibody-test-igm-test/,/tests/hepatitis-a-test/,3,3.0,,97,yes,yes,other page ranks
2026-09-28,hav igm,desktop,selling-test-page,/tests/hepatitis-a-antibody-test-igm-test/,,,,,97,yes,yes,
2026-09-28,hazelnut allergy blood test,phone,not-ranking-yet,/tests/hazelnut-allergy-test/,/tests/hazelnut-allergy-test/,2,2.0,,0,no,no,
2026-09-28,hazelnut allergy blood test,desktop,not-ranking-yet,/tests/hazelnut-allergy-test/,/tests/hazelnut-allergy-test/,5,,,0,no,no,
2026-09-28,hazelnut allergy test,phone,not-ranking-yet,/tests/hazelnut-allergy-test/,/tests/hazelnut-allergy-test/,15,15.0,,0,no,no,
2026-09-28,hazelnut allergy test,desktop,not-ranking-yet,/tests/hazelnut-allergy-test/,/tests/hazelnut-allergy-test/,16,,,0,yes,no,
2026-09-28,hazelnut allergy testing,phone,not-ranking-yet,/tests/hazelnut-allergy-test/,/tests/hazelnut-allergy-test/,14,14.5,,0,yes,no,
2026-09-28,hazelnut allergy testing,desktop,not-ranking-yet,/tests/hazelnut-allergy-test/,/tests/hazelnut-allergy-test/,15,,,0,yes,no,
2026-09-28,hbsag test,phone,selling-test-page,/tests/hepatitis-b-test/,/tests/hepatitis-b-test/,16,58.5,,3,yes,no,
2026-09-28,hbsag test,desktop,selling-test-page,/tests/hepatitis-b-test/,/tests/hepatitis-b-test/,15,,,3,yes,no,
2026-09-28,hcg hormone pregnancy test,phone,selling-test-page,/tests/pregnancy-test-hcg/,/tests/hcg-tumor-marker/,50,38.5,,617,yes,yes,other page ranks
2026-09-28,hcg hormone pregnancy test,desktop,selling-test-page,/tests/pregnancy-test-hcg/,,,,,617,yes,no,
2026-09-28,hcg quantitative,phone,selling-test-page,/tests/hcg-tumor-marker/,/tests/hcg-tumor-marker/,20,12.0,,3124,yes,no,refresh
2026-09-28,hcg quantitative,desktop,selling-test-page,/tests/hcg-tumor-marker/,/tests/hcg-tumor-marker/,11,,,3124,yes,yes,
2026-09-28,hcg quantitative pregnancy,phone,selling-test-page,/tests/hcg-tumor-marker/,/tests/hcg-tumor-marker/,7,8.5,,590,yes,yes,
2026-09-28,hcg quantitative pregnancy,desktop,selling-test-page,/tests/hcg-tumor-marker/,,,,,590,yes,yes,
2026-09-28,hcg tumor marker,phone,kept,/tests/hcg-tumor-marker/,/tests/hcg-tumor-marker/,2,2.0,,294,yes,yes,
2026-09-28,hcg tumor marker,desktop,kept,/tests/hcg-tumor-marker/,,,,,294,yes,yes,
2026-09-28,hco3,phone,next-in-line,/tests/bicarbonate-total-co2/,/tests/bicarbonate-total-co2/,2,2.0,,15429,yes,yes,buy button
2026-09-28,hco3,desktop,next-in-line,/tests/bicarbonate-total-co2/,/tests/bicarbonate-total-co2/,2,,,15429,yes,yes,
2026-09-28,hct,phone,next-in-line,/tests/hematocrit/,/tests/hematocrit/,3,5.5,,16654,yes,yes,
2026-09-28,hct,desktop,next-in-line,/tests/hematocrit/,/tests/hematocrit/,2,,,16654,yes,yes,
2026-09-28,hct blood test,phone,next-in-line,/tests/hematocrit/,/tests/hematocrit/,5,5.5,,32769,yes,yes,
2026-09-28,hct blood test,desktop,next-in-line,/tests/hematocrit/,/tests/hematocrit/,11,,,32769,yes,yes,
2026-09-28,hcv ab,phone,selling-test-page,/tests/hepatitis-c-test/,/tests/hepatitis-c-test/,14,12.5,,1193,yes,yes,refresh
2026-09-28,hcv ab,desktop,selling-test-page,/tests/hepatitis-c-test/,/tests/hepatitis-c-test/,12,,,1193,yes,yes,
2026-09-28,hcv antibody,phone,selling-test-page,/tests/hepatitis-c-test/,,,54.5,,1562,yes,yes,
2026-09-28,hcv antibody,desktop,selling-test-page,/tests/hepatitis-c-test/,,,,,1562,yes,yes,
2026-09-28,hcv antibody test,phone,kept,/tests/hepatitis-c-test/,/tests/hepatitis-c-test/,16,16.0,,359,yes,yes,
2026-09-28,hcv antibody test,desktop,kept,/tests/hepatitis-c-test/,/tests/at-home-hepatitis-c-test/,75,,,359,yes,yes,
2026-09-28,hdl blood test,phone,next-in-line,/tests/hdl-cholesterol/,/tests/hdl-cholesterol/,11,9.0,,2081,yes,no,refresh
2026-09-28,hdl blood test,desktop,next-in-line,/tests/hdl-cholesterol/,/tests/hdl-cholesterol/,12,,,2081,yes,no,
2026-09-28,hdl cholesterol blood test,phone,next-in-line,/tests/hdl-cholesterol/,/tests/hdl-cholesterol/,6,10.0,,291,yes,no,
2026-09-28,hdl cholesterol blood test,desktop,next-in-line,/tests/hdl-cholesterol/,/tests/hdl-cholesterol/,6,,,291,yes,no,
2026-09-28,he4 blood test,phone,next-in-line,/tests/human-epididymis-protein-4-he4/,/tests/human-epididymis-protein-4-he4/,1,1.0,,263,yes,yes,
2026-09-28,he4 blood test,desktop,next-in-line,/tests/human-epididymis-protein-4-he4/,/tests/human-epididymis-protein-4-he4/,2,,,263,yes,yes,
2026-09-28,healthcheck test,phone,category,/health-and-wellness-testing/,,,101.0,,0,no,no,
2026-09-28,healthcheck test,desktop,category,/health-and-wellness-testing/,,,,,0,no,no,
2026-09-28,heart health blood test,phone,kept,/tests/basic-heart-health-panel/,,,101.0,,6,yes,no,
2026-09-28,heart health blood test,desktop,kept,/tests/basic-heart-health-panel/,,,,,6,yes,no,
2026-09-28,heart panel,phone,not-ranking-yet,/tests/expanded-heart-panel/,/tests/expanded-heart-panel/,5,4.0,,16,yes,yes,
2026-09-28,heart panel,desktop,not-ranking-yet,/tests/expanded-heart-panel/,/tests/expanded-heart-panel/,6,,,16,yes,yes,
2026-09-28,heart panel blood test,phone,not-ranking-yet,/tests/expanded-heart-panel/,/tests/basic-heart-health-panel/,10,13.0,,4,yes,no,other page ranks
2026-09-28,heart panel blood test,desktop,not-ranking-yet,/tests/expanded-heart-panel/,/tests/basic-heart-health-panel/,9,,,4,yes,no,
2026-09-28,heavy metal testing,phone,category,/heavy-metals-and-toxins-testing/,/heavy-metals-and-toxins-testing/,11,12.0,,1513,yes,yes,refresh
2026-09-28,heavy metal testing,desktop,category,/heavy-metals-and-toxins-testing/,/heavy-metals-and-toxins-testing/,14,,,1513,yes,yes,
2026-09-28,heavy metals urine test,phone,selling-test-page,/tests/heavy-metals-urine-test/,/tests/heavy-metals-urine-test/,7,7.0,,92,yes,yes,
2026-09-28,heavy metals urine test,desktop,selling-test-page,/tests/heavy-metals-urine-test/,/tests/heavy-metals-urine-test/,7,,,92,yes,yes,
2026-09-28,hemoglobin a1c,phone,selling-test-page,/tests/hemoglobin-a1c/,/tests/hemoglobin-a1c/,30,26.0,,709,yes,no,
2026-09-28,hemoglobin a1c,desktop,selling-test-page,/tests/hemoglobin-a1c/,,,,,709,yes,no,
2026-09-28,hemoglobin a1c test,phone,kept,/tests/hemoglobin-a1c/,/tests/hemoglobin-a1c/,35,35.0,,34,yes,no,
2026-09-28,hemoglobin a1c test,desktop,kept,/tests/hemoglobin-a1c/,/tests/hemoglobin-a1c/,34,,,34,yes,no,
2026-09-28,hemoglobin blood test,phone,next-in-line,/tests/hemoglobin/,,,101.0,,5742,yes,yes,
2026-09-28,hemoglobin blood test,desktop,next-in-line,/tests/hemoglobin/,,,,,5742,yes,yes,
2026-09-28,hep a igm,phone,selling-test-page,/tests/hepatitis-a-antibody-test-igm-test/,/tests/hepatitis-a-test/,3,4.0,,183,yes,yes,other page ranks
2026-09-28,hep a igm,desktop,selling-test-page,/tests/hepatitis-a-antibody-test-igm-test/,/tests/hepatitis-a-test/,3,,,183,yes,yes,
2026-09-28,hep a titer,phone,selling-test-page,/tests/hepatitis-a-test/,/tests/hepatitis-a-test/,7,7.0,,149,yes,yes,
2026-09-28,hep a titer,desktop,selling-test-page,/tests/hepatitis-a-test/,/tests/hepatitis-a-test/,7,,,149,yes,yes,
2026-09-28,hep b immunity test,phone,selling-test-page,/tests/hepatitis-b-immunity-status-test/,/tests/hepatitis-b-test/,33,7.0,,243,yes,yes,other page ranks
2026-09-28,hep b immunity test,desktop,selling-test-page,/tests/hepatitis-b-immunity-status-test/,/tests/hepatitis-b-immunity-status-test/,2,,,243,yes,yes,
2026-09-28,hep b surface antigen,phone,kept,/tests/hepatitis-b-test/,/tests/hepatitis-b-test/,28,20.0,,36,yes,no,
2026-09-28,hep b surface antigen,desktop,kept,/tests/hepatitis-b-test/,/tests/hepatitis-b-test/,22,,,36,yes,no,
2026-09-28,hepatic function panel,phone,selling-test-page,/tests/liver-panel/,/tests/liver-panel/,11,11.0,,2093,yes,yes,refresh
2026-09-28,hepatic function panel,desktop,selling-test-page,/tests/liver-panel/,/tests/liver-panel/,15,,,2093,yes,yes,
2026-09-28,hepatitis a antibody,phone,selling-test-page,/tests/hepatitis-a-test/,/tests/hepatitis-a-test/,14,12.5,,245,yes,yes,
2026-09-28,hepatitis a antibody,desktop,selling-test-page,/tests/hepatitis-a-test/,/tests/hepatitis-a-test/,12,,,245,yes,yes,
2026-09-28,hepatitis a igm,phone,selling-test-page,/tests/hepatitis-a-antibody-test-igm-test/,/tests/hepatitis-a-test/,2,2.0,,202,yes,yes,other page ranks
2026-09-28,hepatitis a igm,desktop,selling-test-page,/tests/hepatitis-a-antibody-test-igm-test/,/tests/hepatitis-a-test/,2,,,202,yes,yes,
2026-09-28,hepatitis a igm test,phone,kept,/tests/hepatitis-a-antibody-test-igm-test/,/tests/hepatitis-a-test/,2,2.0,,91,yes,yes,other page ranks
2026-09-28,hepatitis a igm test,desktop,kept,/tests/hepatitis-a-antibody-test-igm-test/,/tests/hepatitis-a-test/,2,,,91,yes,yes,
2026-09-28,hepatitis a test,desktop,leaving,/tests/hepatitis-a-antibody-test-igm-test/,/tests/hepatitis-a-test/,10,,,96,yes,yes,
2026-09-28,hepatitis b core ab total,phone,selling-test-page,/tests/hepatitis-b-core-antibody-test/,/tests/hepatitis-b-core-antibody-test/,11,8.5,,126,yes,no,
2026-09-28,hepatitis b core ab total,desktop,selling-test-page,/tests/hepatitis-b-core-antibody-test/,/tests/hepatitis-b-core-antibody-test/,12,,,126,yes,no,
2026-09-28,hepatitis b core antibody,phone,selling-test-page,/tests/hepatitis-b-core-antibody-test/,/tests/hepatitis-b-core-antibody-test/,22,22.0,,97,yes,no,
2026-09-28,hepatitis b core antibody,desktop,selling-test-page,/tests/hepatitis-b-core-antibody-test/,/tests/hepatitis-b-core-antibody-test/,39,,,97,yes,no,
2026-09-28,hepatitis b core antibody test,phone,selling-test-page,/tests/hepatitis-b-core-antibody-test/,/tests/hepatitis-b-core-antibody-test/,8,5.0,,89,yes,no,
2026-09-28,hepatitis b core antibody test,desktop,selling-test-page,/tests/hepatitis-b-core-antibody-test/,/tests/hepatitis-b-core-antibody-test/,23,,,89,yes,no,
2026-09-28,hepatitis b immunity,phone,selling-test-page,/tests/hepatitis-b-immunity-status-test/,/tests/hepatitis-b-immunity-status-test/,7,18.0,,320,yes,yes,
2026-09-28,hepatitis b immunity,desktop,selling-test-page,/tests/hepatitis-b-immunity-status-test/,/tests/hepatitis-b-immunity-status-test/,7,,,320,yes,yes,
2026-09-28,hepatitis b immunity test,phone,selling-test-page,/tests/hepatitis-b-immunity-status-test/,/tests/hepatitis-b-immunity-status-test/,7,7.0,,179,yes,yes,
2026-09-28,hepatitis b immunity test,desktop,selling-test-page,/tests/hepatitis-b-immunity-status-test/,/tests/hepatitis-b-immunity-status-test/,7,,,179,yes,yes,
2026-09-28,hepatitis b surface antibody,phone,selling-test-page,/tests/hepatitis-b-test/,/tests/hepatitis-b-test/,48,44.0,,13,yes,no,
2026-09-28,hepatitis b surface antibody,desktop,selling-test-page,/tests/hepatitis-b-test/,,,,,13,yes,no,
2026-09-28,hepatitis b test,phone,selling-test-page,/tests/hepatitis-b-test/,/tests/hepatitis-b-test/,10,10.5,,276,yes,yes,
2026-09-28,hepatitis b test,desktop,selling-test-page,/tests/hepatitis-b-test/,/tests/hepatitis-b-test/,10,,,276,yes,yes,
2026-09-28,hepatitis blood test,phone,category,/hepatitis-testing/,/tests/hepatitis-testing/,16,16.0,,195,yes,no,other page ranks
2026-09-28,hepatitis blood test,desktop,category,/hepatitis-testing/,/tests/hepatitis-testing/,33,,,195,yes,no,
2026-09-28,hepatitis c antibody test,phone,selling-test-page,/tests/hepatitis-c-test/,/tests/at-home-hepatitis-c-test/,70,20.0,,458,yes,yes,other page ranks
2026-09-28,hepatitis c antibody test,desktop,selling-test-page,/tests/hepatitis-c-test/,/tests/hepatitis-c-test/,19,,,458,yes,yes,
2026-09-28,hepatitis c test,phone,kept,/tests/hepatitis-c-test/,/tests/hepatitis-c-test/,40,35.5,,184,yes,no,
2026-09-28,hepatitis c test,desktop,kept,/tests/hepatitis-c-test/,/tests/at-home-hepatitis-c-test/,98,,,184,yes,no,
2026-09-28,hepatitis panel,phone,selling-test-page,/tests/acute-viral-hepatitis-panel/,/tests/acute-viral-hepatitis-panel/,18,10.0,,573,yes,no,
2026-09-28,hepatitis panel,desktop,selling-test-page,/tests/acute-viral-hepatitis-panel/,/tests/acute-viral-hepatitis-panel/,15,,,573,yes,no,
2026-09-28,hepatitis panel test,phone,kept,/hepatitis-testing/,/tests/hepatitis-testing/,41,31.0,,207,yes,yes,other page ranks
2026-09-28,hepatitis panel test,desktop,kept,/hepatitis-testing/,/tests/hepatitis-testing/,34,,,207,yes,yes,
2026-09-28,hepatitis test,phone,category,/hepatitis-testing/,/tests/hepatitis-testing/,14,14.0,,174,yes,no,other page ranks
2026-09-28,hepatitis test,desktop,category,/hepatitis-testing/,/tests/hepatitis-testing/,22,,,174,yes,no,
2026-09-28,herpes 1 test,phone,std-pages,/std-testing/hsv-1-test/,/std-testing/hsv-1-test/,5,9.0,,135,yes,yes,
2026-09-28,herpes 1 test,desktop,std-pages,/std-testing/hsv-1-test/,/std-testing/hsv-1-test/,5,,,135,yes,yes,
2026-09-28,herpes swab test,phone,std-pages,/std-testing/hsv-1-test/,/std-testing/hsv-2-test/,51,52.5,,15,yes,no,other page ranks
2026-09-28,herpes swab test,desktop,std-pages,/std-testing/hsv-1-test/,/std-testing/hsv-2-test/,21,,,15,yes,no,
2026-09-28,herpes test,phone,selling-test-page,/std-testing/herpes-1-2-test/,/std-testing/herpes-1-2-test/,7,10.0,,3562,yes,no,refresh; dead page
2026-09-28,herpes test,desktop,selling-test-page,/std-testing/herpes-1-2-test/,/tests/genital-and-oral-herpes-test/,16,,,3562,yes,yes,
2026-09-28,herpes testing cost,phone,std-pages,/std-test-pricing/,/std-test-pricing/,2,2.0,,6411,no,no,
2026-09-28,herpes testing cost,desktop,std-pages,/std-test-pricing/,/std-test-pricing/,2,,,6411,no,no,
2026-09-28,hgb blood test,phone,next-in-line,/tests/hemoglobin/,,,101.0,,20762,yes,yes,
2026-09-28,hgb blood test,desktop,next-in-line,/tests/hemoglobin/,/tests/hemoglobin/,8,,,20762,yes,yes,
2026-09-28,hgh,phone,selling-test-page,/tests/growth-hormone/,,,101.0,,100,yes,no,
2026-09-28,hgh,desktop,selling-test-page,/tests/growth-hormone/,,,,,100,yes,no,
2026-09-28,hgh test,phone,selling-test-page,/tests/growth-hormone/,/tests/growth-hormone/,6,7.0,,115,yes,yes,
2026-09-28,hgh test,desktop,selling-test-page,/tests/growth-hormone/,/tests/growth-hormone/,6,,,115,yes,yes,
2026-09-28,high copper levels in blood,phone,kept,/tests/copper/,/tests/copper/,10,14.5,,23,yes,no,
2026-09-28,high copper levels in blood,desktop,kept,/tests/copper/,/tests/copper/,28,,,23,yes,no,
2026-09-28,high risk hpv,phone,std-pages,/tests/hpv-test/,/tests/hpv-test/,35,33.5,,12,yes,no,
2026-09-28,high risk hpv,desktop,std-pages,/tests/hpv-test/,/tests/hpv-test/,33,,,12,yes,no,
2026-09-28,high sensitivity crp,phone,selling-test-page,/tests/high-sensitivity-c-reactive-protein-hs-crp/,/tests/high-sensitivity-c-reactive-protein-hs-crp/,20,16.5,,1718,yes,no,
2026-09-28,high sensitivity crp,desktop,selling-test-page,/tests/high-sensitivity-c-reactive-protein-hs-crp/,/tests/high-sensitivity-c-reactive-protein-hs-crp/,14,,,1718,yes,yes,
2026-09-28,hiv 1 and 2 test,phone,std-pages,/tests/hiv-test/,/std-testing/hiv-4th-generation-test/,4,2.0,,168,yes,yes,other page ranks
2026-09-28,hiv 1 and 2 test,desktop,std-pages,/tests/hiv-test/,/std-testing/hiv-4th-generation-test/,4,,,168,yes,yes,
2026-09-28,hiv 1/2 ag/ab 4th gen,phone,std-pages,/tests/hiv-test/,/std-testing/hiv-4th-generation-test/,7,7.0,,58,yes,yes,other page ranks
2026-09-28,hiv 1/2 ag/ab 4th gen,desktop,std-pages,/tests/hiv-test/,/std-testing/hiv-4th-generation-test/,7,,,58,yes,yes,
2026-09-28,hiv 1/2 antigen/antibody,phone,std-pages,/tests/hiv-test/,/std-testing/hiv-4th-generation-test/,9,9.5,,11,yes,yes,other page ranks
2026-09-28,hiv 1/2 antigen/antibody,desktop,std-pages,/tests/hiv-test/,/std-testing/hiv-4th-generation-test/,7,,,11,yes,yes,
2026-09-28,hiv 4th generation test,phone,selling-test-page,/std-testing/hiv-4th-generation-test/,/std-testing/hiv-4th-generation-test/,1,1.0,,353,yes,yes,
2026-09-28,hiv 4th generation test,desktop,selling-test-page,/std-testing/hiv-4th-generation-test/,/std-testing/hiv-4th-generation-test/,1,,,353,yes,yes,
2026-09-28,hiv ag/ab,phone,selling-test-page,/std-testing/hiv-4th-generation-test/,/std-testing/hiv-4th-generation-test/,16,16.0,,142,yes,no,
2026-09-28,hiv ag/ab,desktop,selling-test-page,/std-testing/hiv-4th-generation-test/,/std-testing/hiv-4th-generation-test/,16,,,142,yes,no,
2026-09-28,hiv early detection test,phone,std-pages,/tests/hiv-viral-load/,,,101.0,,55,yes,no,
2026-09-28,hiv early detection test,desktop,std-pages,/tests/hiv-viral-load/,,,,,55,yes,no,
2026-09-28,hiv i and 2,phone,std-pages,/tests/hiv-test/,/tests/hiv-test/,27,23.5,,518,yes,no,
2026-09-28,hiv i and 2,desktop,std-pages,/tests/hiv-test/,/tests/hiv-test/,20,,,518,yes,no,
2026-09-28,hiv rna,phone,std-pages,/tests/hiv-viral-load/,,,43.0,,4,yes,yes,
2026-09-28,hiv rna,desktop,std-pages,/tests/hiv-viral-load/,,,,,4,yes,yes,
2026-09-28,hiv rna early detection,phone,std-pages,/tests/hiv-viral-load/,/tests/hiv-viral-load/,19,14.5,,161,yes,no,
2026-09-28,hiv rna early detection,desktop,std-pages,/tests/hiv-viral-load/,/tests/hiv-viral-load/,11,,,161,yes,no,
2026-09-28,hiv rna test,phone,std-pages,/tests/hiv-viral-load/,,,101.0,,162,yes,yes,
2026-09-28,hiv rna test,desktop,std-pages,/tests/hiv-viral-load/,/tests/hiv-viral-load/,18,,,162,yes,yes,
2026-09-28,hiv rna testing,phone,std-pages,/tests/hiv-viral-load/,,,16.0,,60,yes,yes,
2026-09-28,hiv rna testing,desktop,std-pages,/tests/hiv-viral-load/,/tests/hiv-viral-load/,18,,,60,yes,yes,
2026-09-28,hiv screening,phone,std-pages,/tests/hiv-test/,/tests/hiv-test/,30,30.0,,365,yes,no,
2026-09-28,hiv screening,desktop,std-pages,/tests/hiv-test/,/tests/hiv-test/,26,,,365,yes,no,
2026-09-28,hiv test,phone,kept,(city pages),/tests/hiv-test/,24,24.0,,62,yes,no,other page ranks
2026-09-28,hiv test,desktop,kept,(city pages),/tests/hiv-test/,40,,,62,yes,no,
2026-09-28,hiv viral load,phone,std-pages,/tests/hiv-viral-load/,/tests/hiv-viral-load/,29,30.0,,0,yes,no,
2026-09-28,hiv viral load,desktop,std-pages,/tests/hiv-viral-load/,,,,,0,yes,yes,
2026-09-28,hiv viral load test,phone,std-pages,/tests/hiv-viral-load/,/tests/hiv-viral-load/,10,18.0,,19,yes,no,
2026-09-28,hiv viral load test,desktop,std-pages,/tests/hiv-viral-load/,/tests/hiv-viral-load/,10,,,19,yes,no,
2026-09-28,hla b27 test,phone,next-in-line,/tests/hla-b27/,/tests/hla-b27/,13,10.5,,1082,yes,yes,refresh
2026-09-28,hla b27 test,desktop,next-in-line,/tests/hla-b27/,/tests/hla-b27/,13,,,1082,yes,yes,
2026-09-28,hla-b27 antigen,phone,next-in-line,/tests/hla-b27/,/tests/hla-b27/,3,3.0,,1615,yes,no,
2026-09-28,hla-b27 antigen,desktop,next-in-line,/tests/hla-b27/,/tests/hla-b27/,11,,,1615,yes,no,
2026-09-28,homocysteine,phone,selling-test-page,/tests/homocysteine/,/tests/homocysteine/,22,23.0,,1168,yes,no,
2026-09-28,homocysteine,desktop,selling-test-page,/tests/homocysteine/,/tests/homocysteine/,17,,,1168,yes,no,
2026-09-28,homocysteine blood test,phone,selling-test-page,/tests/homocysteine/,/tests/homocysteine/,9,4.0,,5203,yes,yes,
2026-09-28,homocysteine blood test,desktop,selling-test-page,/tests/homocysteine/,/tests/homocysteine/,9,,,5203,yes,yes,
2026-09-28,homocysteine test,phone,selling-test-page,/tests/homocysteine/,/tests/homocysteine/,6,6.0,,3000,yes,yes,
2026-09-28,homocysteine test,desktop,selling-test-page,/tests/homocysteine/,/tests/homocysteine/,6,,,3000,yes,yes,
2026-09-28,hormonal imbalance test,phone,category,/hormone-imbalance-and-hormone-level-testing/,/hormone-imbalance-and-hormone-level-testing/,3,3.0,,321,yes,yes,
2026-09-28,hormonal imbalance test,desktop,category,/hormone-imbalance-and-hormone-level-testing/,/hormone-imbalance-and-hormone-level-testing/,3,,,321,yes,yes,
2026-09-28,hormone imbalance test,phone,category,/hormone-imbalance-and-hormone-level-testing/,/hormone-imbalance-and-hormone-level-testing/,7,4.0,,436,yes,yes,
2026-09-28,hormone imbalance test,desktop,category,/hormone-imbalance-and-hormone-level-testing/,/hormone-imbalance-and-hormone-level-testing/,3,,,436,yes,yes,
2026-09-28,hormone panel,phone,next-in-line,/tests/female-hormone-panel/,/tests/female-hormone-panel/,4,4.0,,1559,yes,yes,
2026-09-28,hormone panel,desktop,next-in-line,/tests/female-hormone-panel/,/tests/female-hormone-panel/,4,,,1559,yes,yes,
2026-09-28,hormone panel for women,phone,category,/hormone-test-for-women/,/tests/female-hormone-panel/,5,5.0,,1830,yes,yes,other page ranks
2026-09-28,hormone panel for women,desktop,category,/hormone-test-for-women/,/tests/female-hormone-panel/,5,,,1830,yes,yes,
2026-09-28,hormone test,phone,category,/hormone-testing/,/hormone-test-for-women/,28,17.0,,1841,yes,yes,other page ranks
2026-09-28,hormone test,desktop,category,/hormone-testing/,/hormone-test-for-women/,25,,,1841,yes,yes,
2026-09-28,hormone testing,phone,category,/hormone-testing/,/tests/at-home-hormone-test/,95,6.0,,4623,yes,yes,other page ranks
2026-09-28,hormone testing,desktop,category,/hormone-testing/,/hormone-imbalance-and-hormone-level-testing/,7,,,4623,yes,yes,
2026-09-28,hormone testing for women,phone,category,/hormone-test-for-women/,/hormone-test-for-women/,7,7.0,,6309,yes,yes,
2026-09-28,hormone testing for women,desktop,category,/hormone-test-for-women/,/hormone-test-for-women/,7,,,6309,yes,yes,
2026-09-28,how do glp-1 drugs work,phone,treatments,/treatments/glp-1-agonists/,,,101.0,,30,no,no,
2026-09-28,how do glp-1 drugs work,desktop,treatments,/treatments/glp-1-agonists/,,,,,30,yes,no,
2026-09-28,how long does mycoplasma genitalium last after treatment,phone,treatments,/treatments/mycoplasma-genitalium/,,,101.0,,16,no,no,
2026-09-28,how long does mycoplasma genitalium last after treatment,desktop,treatments,/treatments/mycoplasma-genitalium/,,,,,16,yes,no,
2026-09-28,how long will i test positive for chlamydia after treatment,phone,treatments,/treatments/chlamydia/,,,57.0,,29,no,no,
2026-09-28,how long will i test positive for chlamydia after treatment,desktop,treatments,/treatments/chlamydia/,/tests/chlamydia-test/,13,,,29,yes,no,
2026-09-28,how much does semaglutide cost,phone,treatments,/treatments/compounded-semaglutide-cost/,,,101.0,,17,no,no,
2026-09-28,how much does semaglutide cost,desktop,treatments,/treatments/compounded-semaglutide-cost/,,,,,17,yes,yes,
2026-09-28,how much is a gonorrhea shot,phone,treatments,/treatments/gonorrhea/,,,53.5,,17,no,no,
2026-09-28,how much is a gonorrhea shot,desktop,treatments,/treatments/gonorrhea/,/treatments/gonorrhea/,6,,,17,no,no,
2026-09-28,how to get rid of bv,phone,treatments,/treatments/bacterial-vaginosis/,,,101.0,,7,no,no,
2026-09-28,how to get rid of bv,desktop,treatments,/treatments/bacterial-vaginosis/,,,,,7,yes,no,
2026-09-28,how well does compounded semaglutide work,phone,treatments,/treatments/does-compounded-semaglutide-work/,,,51.5,,0,no,no,
2026-09-28,how well does compounded semaglutide work,desktop,treatments,/treatments/does-compounded-semaglutide-work/,/treatments/compounded-semaglutide/,2,,,0,yes,yes,
2026-09-28,how well does compounded tirzepatide work,phone,treatments,/treatments/does-compounded-tirzepatide-work/,,,101.0,,5,no,no,
2026-09-28,how well does compounded tirzepatide work,desktop,treatments,/treatments/does-compounded-tirzepatide-work/,,,,,5,yes,yes,
2026-09-28,hpv,phone,std-pages,/tests/hpv-test/,,,101.0,,0,yes,no,
2026-09-28,hpv,desktop,std-pages,/tests/hpv-test/,,,,,0,yes,no,
2026-09-28,hpv 18,phone,std-pages,/tests/hpv-test/,/tests/hpv-test/,73,72.0,,0,no,no,
2026-09-28,hpv 18,desktop,std-pages,/tests/hpv-test/,/tests/hpv-test/,75,,,0,yes,no,
2026-09-28,hpv blood test,phone,std-pages,/tests/hpv-test/,/tests/hpv-test/,6,5.5,,470,yes,yes,
2026-09-28,hpv blood test,desktop,std-pages,/tests/hpv-test/,/tests/hpv-test/,6,,,470,yes,yes,
2026-09-28,hpv strains,phone,std-pages,/tests/hpv-test/,/tests/hpv-test/,29,31.0,,7,yes,no,
2026-09-28,hpv strains,desktop,std-pages,/tests/hpv-test/,/tests/hpv-test/,25,,,7,yes,no,
2026-09-28,hpv test,phone,std-pages,/tests/hpv-test/,,,101.0,,1444,yes,no,
2026-09-28,hpv test,desktop,std-pages,/tests/hpv-test/,/tests/at-home-human-papillomavirus-hpv-test/,13,,,1444,yes,no,
2026-09-28,hpv test for men,phone,std-pages,/tests/hpv-test/,/tests/hpv-test/,45,45.5,,8,yes,no,
2026-09-28,hpv test for men,desktop,std-pages,/tests/hpv-test/,/tests/hpv-test/,36,,,8,yes,no,
2026-09-28,hpv testing,phone,std-pages,/tests/hpv-test/,/tests/at-home-human-papillomavirus-hpv-test/,15,14.5,,134,yes,no,other page ranks
2026-09-28,hpv testing,desktop,std-pages,/tests/hpv-test/,/tests/at-home-human-papillomavirus-hpv-test/,12,,,134,yes,no,
2026-09-28,hscrp test,phone,kept,/tests/high-sensitivity-c-reactive-protein-hs-crp/,/tests/high-sensitivity-c-reactive-protein-hs-crp/,15,15.0,,1346,yes,yes,refresh
2026-09-28,hscrp test,desktop,kept,/tests/high-sensitivity-c-reactive-protein-hs-crp/,/tests/high-sensitivity-c-reactive-protein-hs-crp/,15,,,1346,yes,yes,
2026-09-28,hsv 1 antibodies,phone,std-pages,/std-testing/hsv-1-test/,/std-testing/hsv-1-test/,4,4.0,,84,yes,yes,
2026-09-28,hsv 1 antibodies,desktop,std-pages,/std-testing/hsv-1-test/,/std-testing/hsv-1-test/,1,,,84,yes,yes,
2026-09-28,hsv 1 test,phone,std-pages,/std-testing/hsv-1-test/,/std-testing/hsv-1-test/,3,6.0,,416,yes,yes,
2026-09-28,hsv 1 test,desktop,std-pages,/std-testing/hsv-1-test/,/std-testing/hsv-1-test/,6,,,416,yes,yes,
2026-09-28,hsv blood test,phone,std-pages,/std-testing/hsv-2-test/,/std-testing/hsv-2-test/,8,8.0,,409,yes,yes,
2026-09-28,hsv blood test,desktop,std-pages,/std-testing/hsv-2-test/,/std-testing/hsv-2-test/,8,,,409,yes,yes,
2026-09-28,hsv test,phone,selling-test-page,/std-testing/herpes-1-2-test/,/std-testing/hsv-1-test/,7,7.0,,2030,yes,yes,other page ranks
2026-09-28,hsv test,desktop,selling-test-page,/std-testing/herpes-1-2-test/,/std-testing/hsv-1-test/,7,,,2030,yes,yes,
2026-09-28,hsv1,phone,std-pages,/std-testing/hsv-1-test/,,,101.0,,2,yes,no,
2026-09-28,hsv1,desktop,std-pages,/std-testing/hsv-1-test/,,,,,2,yes,no,
2026-09-28,hsv1 blood test,phone,std-pages,/std-testing/hsv-1-test/,/std-testing/hsv-1-test/,2,2.0,,71,yes,yes,
2026-09-28,hsv1 blood test,desktop,std-pages,/std-testing/hsv-1-test/,/std-testing/hsv-1-test/,3,,,71,yes,yes,
2026-09-28,hsv1 testing,phone,std-pages,/std-testing/hsv-1-test/,/std-testing/hsv-1-test/,1,1.0,,130,yes,yes,
2026-09-28,hsv1 testing,desktop,std-pages,/std-testing/hsv-1-test/,/std-testing/hsv-1-test/,1,,,130,yes,yes,
2026-09-28,hsv2 test,phone,std-pages,/std-testing/hsv-2-test/,/std-testing/hsv-2-test/,4,6.5,,367,yes,yes,
2026-09-28,hsv2 test,desktop,std-pages,/std-testing/hsv-2-test/,/std-testing/hsv-2-test/,5,,,367,yes,yes,
2026-09-28,hsv2 testing,phone,std-pages,/std-testing/hsv-2-test/,/std-testing/herpes-1-2-test/,4,7.5,,179,yes,yes,other page ranks
2026-09-28,hsv2 testing,desktop,std-pages,/std-testing/hsv-2-test/,/std-testing/hsv-2-test/,13,,,179,yes,yes,
2026-09-28,htlv,phone,selling-test-page,/tests/human-t-cell-lymphotropic-virus-htlv-testing/,/tests/human-t-cell-lymphotropic-virus-htlv-testing/,14,14.0,,193,yes,no,
2026-09-28,htlv,desktop,selling-test-page,/tests/human-t-cell-lymphotropic-virus-htlv-testing/,/tests/human-t-cell-lymphotropic-virus-htlv-testing/,13,,,193,yes,no,
2026-09-28,htlv blood test,phone,selling-test-page,/tests/human-t-cell-lymphotropic-virus-htlv-testing/,/tests/human-t-cell-lymphotropic-virus-htlv-testing/,1,1.0,,131,yes,yes,
2026-09-28,htlv blood test,desktop,selling-test-page,/tests/human-t-cell-lymphotropic-virus-htlv-testing/,/tests/human-t-cell-lymphotropic-virus-htlv-testing/,1,,,131,yes,yes,
2026-09-28,htlv test,phone,selling-test-page,/tests/human-t-cell-lymphotropic-virus-htlv-testing/,/tests/human-t-cell-lymphotropic-virus-htlv-testing/,1,1.0,,132,yes,yes,
2026-09-28,htlv test,desktop,selling-test-page,/tests/human-t-cell-lymphotropic-virus-htlv-testing/,/tests/human-t-cell-lymphotropic-virus-htlv-testing/,1,,,132,yes,yes,
2026-09-28,htlv-i ii antibody,desktop,leaving,/tests/human-t-cell-lymphotropic-virus-htlv-testing/,/tests/human-t-cell-lymphotropic-virus-htlv-testing/,2,,,32,yes,yes,
2026-09-28,human chorionic gonadotropin test,phone,kept,/tests/pregnancy-test-hcg/,/tests/pregnancy-test-hcg/,24,22.0,,31,yes,no,
2026-09-28,human chorionic gonadotropin test,desktop,kept,/tests/pregnancy-test-hcg/,/tests/pregnancy-test-hcg/,42,,,31,yes,no,
2026-09-28,human epididymis protein 4,phone,next-in-line,/tests/human-epididymis-protein-4-he4/,/tests/human-epididymis-protein-4-he4/,5,5.0,,196,yes,yes,
2026-09-28,human epididymis protein 4,desktop,next-in-line,/tests/human-epididymis-protein-4-he4/,,,,,196,yes,yes,
2026-09-28,human nuclear antigen antibody,phone,next-in-line,/tests/extractable-nuclear-antigen-antibodies-ena-panel/,/tests/antinuclear-antibody-ana/,83,82.0,,55,no,no,other page ranks
2026-09-28,human nuclear antigen antibody,desktop,next-in-line,/tests/extractable-nuclear-antigen-antibodies-ena-panel/,/tests/extractable-nuclear-antigen-antibodies-ena-panel/,47,,,55,yes,no,
2026-09-28,hydroxyprogesterone,phone,next-in-line,/tests/17-hydroxyprogesterone/,/tests/17-hydroxyprogesterone/,9,7.0,,1697,yes,yes,
2026-09-28,hydroxyprogesterone,desktop,next-in-line,/tests/17-hydroxyprogesterone/,,,,,1697,yes,yes,
2026-09-28,identification of a disease,phone,category,/disease-detection-and-monitoring-testing/,/disease-detection-and-monitoring-testing/,9,9.0,,48,yes,yes,
2026-09-28,identification of a disease,desktop,category,/disease-detection-and-monitoring-testing/,,,,,48,yes,yes,
2026-09-28,ig blood test,phone,selling-test-page,/tests/immunoglobulins-iga-igg-igm/,/tests/immunoglobulins-iga-igg-igm/,7,7.0,,192,yes,yes,
2026-09-28,ig blood test,desktop,selling-test-page,/tests/immunoglobulins-iga-igg-igm/,/tests/immunoglobulins-iga-igg-igm/,8,,,192,yes,yes,
2026-09-28,iga blood test,phone,selling-test-page,/tests/immunoglobulins-iga-igg-igm/,,,18.0,,1419,yes,yes,
2026-09-28,iga blood test,desktop,selling-test-page,/tests/immunoglobulins-iga-igg-igm/,/tests/immunoglobulins-iga-igg-igm/,18,,,1419,yes,no,
2026-09-28,ige blood test,phone,selling-test-page,/tests/total-ige/,/tests/allergy-blood-testing/,32,13.0,,1495,yes,yes,refresh; other page ranks
2026-09-28,ige blood test,desktop,selling-test-page,/tests/total-ige/,,,,,1495,yes,yes,
2026-09-28,igf 1 test,desktop,leaving,/tests/insulin-growth-factor-1-igf-1/,/tests/insulin-growth-factor-1-igf-1/,11,,,292,yes,no,
2026-09-28,igf-1,phone,selling-test-page,/tests/insulin-growth-factor-1-igf-1/,/tests/insulin-growth-factor-1-igf-1/,17,17.0,,2659,yes,no,
2026-09-28,igf-1,desktop,selling-test-page,/tests/insulin-growth-factor-1-igf-1/,/tests/insulin-growth-factor-1-igf-1/,17,,,2659,yes,no,
2026-09-28,igf-1 test,phone,kept,/tests/insulin-growth-factor-1-igf-1/,/tests/insulin-growth-factor-1-igf-1/,11,11.0,,307,yes,no,
2026-09-28,igf-1 test,desktop,kept,/tests/insulin-growth-factor-1-igf-1/,/tests/insulin-growth-factor-1-igf-1/,21,,,307,yes,no,
2026-09-28,igm blood test,phone,selling-test-page,/tests/immunoglobulins-iga-igg-igm/,/tests/immunoglobulins-iga-igg-igm/,20,17.0,,34,yes,no,
2026-09-28,igm blood test,desktop,selling-test-page,/tests/immunoglobulins-iga-igg-igm/,/tests/immunoglobulins-iga-igg-igm/,33,,,34,yes,no,
2026-09-28,igra,phone,next-in-line,/tests/igra-tb-test/,,,101.0,,2334,yes,yes,
2026-09-28,igra,desktop,next-in-line,/tests/igra-tb-test/,,,,,2334,yes,yes,
2026-09-28,igra test,phone,next-in-line,/tests/igra-tb-test/,,,52.0,,2111,yes,yes,
2026-09-28,igra test,desktop,next-in-line,/tests/igra-tb-test/,/tests/igra-tb-test/,11,,,2111,yes,no,
2026-09-28,il-6,phone,next-in-line,/tests/interleukin-6/,/tests/interleukin-6/,6,5.0,,2440,yes,yes,
2026-09-28,il-6,desktop,next-in-line,/tests/interleukin-6/,/tests/interleukin-6/,4,,,2440,yes,yes,
2026-09-28,immunity blood test,phone,category,/immunity-testing/,/tests/immunity-testing/,3,3.0,,64,yes,no,other page ranks
2026-09-28,immunity blood test,desktop,category,/immunity-testing/,/tests/immunity-testing/,3,,,64,yes,no,
2026-09-28,immunity test,phone,category,/immunity-testing/,/tests/immunity-testing/,2,2.0,,6110,yes,no,buy button; other page ranks
2026-09-28,immunity test,desktop,category,/immunity-testing/,/tests/immunity-testing/,2,,,6110,yes,yes,
2026-09-28,immunoglobulin blood test,phone,kept,/tests/immunoglobulins-iga-igg-igm/,/tests/immunoglobulins-iga-igg-igm/,3,3.0,,346,yes,yes,
2026-09-28,immunoglobulin blood test,desktop,kept,/tests/immunoglobulins-iga-igg-igm/,/tests/immunoglobulins-iga-igg-igm/,3,,,346,yes,yes,
2026-09-28,immunoglobulin test,phone,kept,/tests/immunoglobulins-iga-igg-igm/,/tests/immunoglobulins-iga-igg-igm/,3,3.0,,128,yes,yes,
2026-09-28,immunoglobulin test,desktop,kept,/tests/immunoglobulins-iga-igg-igm/,/tests/immunoglobulins-iga-igg-igm/,7,,,128,yes,yes,
2026-09-28,immunoglobulin testing,phone,kept,/tests/immunoglobulins-iga-igg-igm/,/tests/immunoglobulins-iga-igg-igm/,2,2.0,,52,yes,yes,
2026-09-28,immunoglobulin testing,desktop,kept,/tests/immunoglobulins-iga-igg-igm/,/tests/immunoglobulins-iga-igg-igm/,3,,,52,yes,yes,
2026-09-28,infectious disease testing,phone,category,/infectious-disease-testing/,/tests/infectious-disease-testing/,9,9.0,,159,yes,no,other page ranks
2026-09-28,infectious disease testing,desktop,category,/infectious-disease-testing/,/tests/infectious-disease-testing/,8,,,159,yes,yes,
2026-09-28,inflammation test,phone,category,/inflammation-and-autoimmune-testing/,/tests/inflammation-and-autoimmune-testing/,21,14.5,,406,yes,no,other page ranks
2026-09-28,inflammation test,desktop,category,/inflammation-and-autoimmune-testing/,/tests/inflammation-and-autoimmune-testing/,8,,,406,yes,no,
2026-09-28,insulin blood test,phone,selling-test-page,/tests/fasting-insulin-test/,/tests/fasting-insulin-test/,9,7.0,,1225,yes,yes,
2026-09-28,insulin blood test,desktop,selling-test-page,/tests/fasting-insulin-test/,,,,,1225,yes,yes,
2026-09-28,insulin like growth factor 1,phone,kept,/tests/insulin-growth-factor-1-igf-1/,/tests/insulin-growth-factor-1-igf-1/,16,17.0,,69,yes,no,
2026-09-28,insulin like growth factor 1,desktop,kept,/tests/insulin-growth-factor-1-igf-1/,/tests/insulin-growth-factor-1-igf-1/,26,,,69,yes,no,
2026-09-28,insulin random blood test,phone,selling-test-page,/tests/insulin/,/tests/fasting-insulin-test/,2,2.0,,29,yes,no,other page ranks
2026-09-28,insulin random blood test,desktop,selling-test-page,/tests/insulin/,/tests/fasting-insulin-test/,2,,,29,yes,no,
2026-09-28,insulin test,phone,kept,/tests/fasting-insulin-test/,/tests/fasting-insulin-test/,10,11.0,,1794,yes,yes,refresh
2026-09-28,insulin test,desktop,kept,/tests/fasting-insulin-test/,/tests/fasting-insulin-test/,13,,,1794,yes,no,
2026-09-28,insulin-like growth factor 1,desktop,leaving,/tests/insulin-growth-factor-1-igf-1/,/tests/insulin-growth-factor-1-igf-1/,18,,,46,yes,no,
2026-09-28,intrinsic factor,phone,next-in-line,/tests/intrinsic-factor-antibody/,/tests/intrinsic-factor-antibody/,4,4.0,,4204,yes,yes,
2026-09-28,intrinsic factor,desktop,next-in-line,/tests/intrinsic-factor-antibody/,/tests/intrinsic-factor-antibody/,4,,,4204,yes,yes,
2026-09-28,intrinsic factor blocking antibody,phone,next-in-line,/tests/intrinsic-factor-antibody/,/tests/intrinsic-factor-antibody/,1,1.0,,1070,yes,yes,
2026-09-28,intrinsic factor blocking antibody,desktop,next-in-line,/tests/intrinsic-factor-antibody/,/tests/intrinsic-factor-antibody/,3,,,1070,yes,yes,
2026-09-28,ionized calcium test,phone,selling-test-page,/tests/calcium/,/tests/calcium/,28,27.5,,8,yes,no,
2026-09-28,ionized calcium test,desktop,selling-test-page,/tests/calcium/,/tests/calcium/,32,,,8,yes,no,
2026-09-28,iron blood test,phone,selling-test-page,/tests/iron/,/tests/iron/,14,56.5,,2891,yes,yes,
2026-09-28,iron blood test,desktop,selling-test-page,/tests/iron/,/tests/iron/,15,,,2891,yes,yes,
2026-09-28,iron panel,phone,selling-test-page,/tests/iron/,/tests/transferrin-and-iron-binding-capacity-tibc-uibc/,55,57.5,,607,yes,no,other page ranks
2026-09-28,iron panel,desktop,selling-test-page,/tests/iron/,/tests/transferrin-and-iron-binding-capacity-tibc-uibc/,43,,,607,yes,no,
2026-09-28,iron test,phone,selling-test-page,/tests/iron/,/tests/iron/,16,11.0,,721,yes,yes,
2026-09-28,iron test,desktop,selling-test-page,/tests/iron/,/tests/iron/,16,,,721,yes,no,
2026-09-28,is compounded semaglutide safe,phone,treatments,/treatments/is-compounded-semaglutide-safe/,,,52.5,,958,no,no,
2026-09-28,is compounded semaglutide safe,desktop,treatments,/treatments/is-compounded-semaglutide-safe/,,,,,958,yes,yes,
2026-09-28,jak2,phone,next-in-line,/tests/jak2-mutation/,/tests/jak2-mutation/,5,5.0,,1418,yes,yes,
2026-09-28,jak2,desktop,next-in-line,/tests/jak2-mutation/,/tests/jak2-mutation/,5,,,1418,yes,yes,
2026-09-28,jak2 mutation,phone,next-in-line,/tests/jak2-mutation/,/tests/jak2-mutation/,14,15.0,,1567,yes,yes,refresh
2026-09-28,jak2 mutation,desktop,next-in-line,/tests/jak2-mutation/,/tests/jak2-mutation/,17,,,1567,yes,yes,
2026-09-28,kidney blood test,phone,selling-test-page,/tests/renal-panel/,/tests/renal-panel/,12,10.5,,720,yes,yes,
2026-09-28,kidney blood test,desktop,selling-test-page,/tests/renal-panel/,/tests/renal-panel/,14,,,720,yes,no,
2026-09-28,kidney function test,phone,selling-test-page,/tests/kidney-function-test/,/tests/renal-panel/,15,14.5,,852,yes,no,other page ranks
2026-09-28,kidney function test,desktop,selling-test-page,/tests/kidney-function-test/,/tests/renal-panel/,12,,,852,yes,no,
2026-09-28,kidney panel,phone,selling-test-page,/tests/kidney-function-test/,/tests/renal-panel/,11,7.0,,246,yes,yes,other page ranks
2026-09-28,kidney panel,desktop,selling-test-page,/tests/kidney-function-test/,/tests/renal-panel/,5,,,246,yes,yes,
2026-09-28,lab test for latex allergy,phone,not-ranking-yet,/tests/latex-allergy-test/,/tests/latex-allergy-test/,33,26.0,,0,no,no,
2026-09-28,lab test for latex allergy,desktop,not-ranking-yet,/tests/latex-allergy-test/,,,,,0,yes,yes,
2026-09-28,lab test for psa,phone,selling-test-page,/tests/prostate-specific-antigen-psa/,/tests/prostate-specific-antigen-psa/,14,16.0,,580,yes,no,
2026-09-28,lab test for psa,desktop,selling-test-page,/tests/prostate-specific-antigen-psa/,/tests/prostate-specific-antigen-psa/,25,,,580,yes,no,
2026-09-28,lab tests online,phone,brand,/,/,1,1.0,,608,no,no,
2026-09-28,lab tests online,desktop,brand,/,/,1,,,608,yes,no,
2026-09-28,lab tests online website,phone,brand,/,/,1,1.0,,37,no,no,
2026-09-28,lab tests online website,desktop,brand,/,/,1,,,37,no,no,
2026-09-28,labs for gout,phone,category,/gout-testing/,/tests/uric-acid/,38,21.5,,211,yes,yes,other page ranks
2026-09-28,labs for gout,desktop,category,/gout-testing/,/gout-testing/,4,,,211,yes,yes,
2026-09-28,labtestsonline,phone,brand,/,/,1,1.0,,200,no,no,
2026-09-28,labtestsonline,desktop,brand,/,/,1,,,200,no,no,
2026-09-28,labtestsonline.org,phone,brand,/,/news/labtestsonline-org-is-now-testing-com/,3,3.0,,54,yes,yes,
2026-09-28,labtestsonline.org,desktop,brand,/,/news/labtestsonline-org-is-now-testing-com/,3,,,54,yes,yes,
2026-09-28,lactate,phone,next-in-line,/tests/lactate/,/tests/lactate/,7,10.0,,4517,yes,yes,refresh
2026-09-28,lactate,desktop,next-in-line,/tests/lactate/,/tests/lactate/,7,,,4517,yes,yes,
2026-09-28,lactate blood test,phone,next-in-line,/tests/lactate/,/tests/lactate/,2,2.0,,1633,yes,yes,
2026-09-28,lactate blood test,desktop,next-in-line,/tests/lactate/,/tests/lactate/,7,,,1633,yes,yes,
2026-09-28,lactate dehydrogenase,phone,next-in-line,/tests/lactate-dehydrogenase-ldh/,/tests/lactate-dehydrogenase-ldh/,4,4.0,,19663,yes,no,
2026-09-28,lactate dehydrogenase,desktop,next-in-line,/tests/lactate-dehydrogenase-ldh/,/tests/lactate-dehydrogenase-ldh/,3,,,19663,yes,no,
2026-09-28,lactoferrin stool,phone,next-in-line,/tests/lactoferrin/,/tests/lactoferrin/,2,2.0,,814,yes,yes,
2026-09-28,lactoferrin stool,desktop,next-in-line,/tests/lactoferrin/,/tests/lactoferrin/,2,,,814,yes,yes,
2026-09-28,lactose intolerance test,phone,kept,/tests/lactose-tolerance-test/,,,60.5,,715,yes,no,
2026-09-28,lactose intolerance test,desktop,kept,/tests/lactose-tolerance-test/,,,,,715,yes,no,
2026-09-28,lactose tolerance test,phone,kept,/tests/lactose-tolerance-test/,,,61.0,,184,yes,yes,
2026-09-28,lactose tolerance test,desktop,kept,/tests/lactose-tolerance-test/,,,,,184,yes,yes,
2026-09-28,latex allergy test,phone,not-ranking-yet,/tests/latex-allergy-test/,,,57.0,,11,yes,yes,
2026-09-28,latex allergy test,desktop,not-ranking-yet,/tests/latex-allergy-test/,,,,,11,yes,yes,
2026-09-28,latex allergy testing,phone,not-ranking-yet,/tests/latex-allergy-test/,/tests/latex-allergy-test/,13,13.0,,12,yes,yes,
2026-09-28,latex allergy testing,desktop,not-ranking-yet,/tests/latex-allergy-test/,,,,,12,yes,yes,
2026-09-28,ldh blood test,phone,next-in-line,/tests/lactate-dehydrogenase-ldh/,/tests/lactate-dehydrogenase-ldh/,5,6.0,,11552,yes,no,
2026-09-28,ldh blood test,desktop,next-in-line,/tests/lactate-dehydrogenase-ldh/,/tests/lactate-dehydrogenase-ldh/,5,,,11552,yes,no,
2026-09-28,ldl blood test,phone,next-in-line,/tests/ldl-cholesterol/,/tests/ldl-cholesterol/,5,5.0,,2961,yes,no,
2026-09-28,ldl blood test,desktop,next-in-line,/tests/ldl-cholesterol/,/tests/ldl-cholesterol/,6,,,2961,yes,no,
2026-09-28,ldl calculated,phone,next-in-line,/tests/ldl-cholesterol/,/tests/ldl-cholesterol/,15,9.0,,317,yes,no,
2026-09-28,ldl calculated,desktop,next-in-line,/tests/ldl-cholesterol/,/tests/ldl-cholesterol/,9,,,317,yes,no,
2026-09-28,ldl cholesterol test,phone,kept,/tests/ldl-cholesterol/,/tests/ldl-cholesterol/,13,14.0,,22,yes,no,
2026-09-28,ldl cholesterol test,desktop,kept,/tests/ldl-cholesterol/,/tests/ldl-cholesterol/,13,,,22,yes,no,
2026-09-28,ldl direct,phone,selling-test-page,/tests/direct-ldl-cholesterol/,/tests/direct-ldl-cholesterol/,10,8.5,,1908,yes,yes,refresh
2026-09-28,ldl direct,desktop,selling-test-page,/tests/direct-ldl-cholesterol/,/tests/direct-ldl-cholesterol/,11,,,1908,yes,yes,
2026-09-28,ldl direct blood test,phone,selling-test-page,/tests/direct-ldl-cholesterol/,/tests/direct-ldl-cholesterol/,2,2.0,,552,yes,yes,
2026-09-28,ldl direct blood test,desktop,selling-test-page,/tests/direct-ldl-cholesterol/,/tests/direct-ldl-cholesterol/,2,,,552,yes,yes,
2026-09-28,ldl direct test,phone,kept,/tests/direct-ldl-cholesterol/,/tests/direct-ldl-cholesterol/,3,3.0,,43,yes,yes,
2026-09-28,ldl direct test,desktop,kept,/tests/direct-ldl-cholesterol/,/tests/ldl-particle-testing-ldl-p/,94,,,43,yes,yes,
2026-09-28,ldl particle number,phone,next-in-line,/tests/ldl-particle-testing-ldl-p/,/tests/ldl-particle-testing-ldl-p/,4,4.0,,1239,yes,yes,
2026-09-28,ldl particle number,desktop,next-in-line,/tests/ldl-particle-testing-ldl-p/,/tests/ldl-particle-testing-ldl-p/,4,,,1239,yes,yes,
2026-09-28,ldl-p,phone,next-in-line,/tests/ldl-particle-testing-ldl-p/,/tests/ldl-particle-testing-ldl-p/,13,101.0,,898,yes,no,
2026-09-28,ldl-p,desktop,next-in-line,/tests/ldl-particle-testing-ldl-p/,/tests/ldl-particle-testing-ldl-p/,12,,,898,yes,no,
2026-09-28,lead blood test,phone,selling-test-page,/tests/lead/,,,61.0,,1058,yes,yes,
2026-09-28,lead blood test,desktop,selling-test-page,/tests/lead/,,,,,1058,yes,no,
2026-09-28,lead test,phone,selling-test-page,/tests/lead/,/tests/lead/,24,19.0,,855,yes,no,
2026-09-28,lead test,desktop,selling-test-page,/tests/lead/,,,,,855,yes,no,
2026-09-28,lead testing,phone,selling-test-page,/tests/lead/,/tests/lead/,24,24.0,,816,yes,no,
2026-09-28,lead testing,desktop,selling-test-page,/tests/lead/,/tests/lead/,50,,,816,yes,no,
2026-09-28,lead urine test,phone,kept,/tests/lead/,/tests/lead-urine-test/,4,4.0,,78,yes,yes,other page ranks
2026-09-28,lead urine test,desktop,kept,/tests/lead/,/tests/lead-urine-test/,5,,,78,yes,yes,
2026-09-28,lemon allergy test,phone,not-ranking-yet,/tests/lemon-allergy-test/,/tests/lemon-allergy-test/,6,6.0,,3,no,no,
2026-09-28,lemon allergy test,desktop,not-ranking-yet,/tests/lemon-allergy-test/,/tests/lemon-allergy-test/,6,,,3,no,no,
2026-09-28,lh blood test,phone,selling-test-page,/tests/luteinizing-hormone-lh/,/tests/luteinizing-hormone-lh/,8,8.0,,1134,yes,yes,refresh
2026-09-28,lh blood test,desktop,selling-test-page,/tests/luteinizing-hormone-lh/,/tests/luteinizing-hormone-lh/,8,,,1134,yes,yes,
2026-09-28,lh test,phone,selling-test-page,/tests/luteinizing-hormone-lh/,/tests/luteinizing-hormone-lh/,7,6.0,,1402,yes,yes,
2026-09-28,lh test,desktop,selling-test-page,/tests/luteinizing-hormone-lh/,/tests/luteinizing-hormone-lh/,7,,,1402,yes,yes,
2026-09-28,lipase,phone,selling-test-page,/tests/lipase/,/tests/lipase/,26,23.5,,194,yes,no,
2026-09-28,lipase,desktop,selling-test-page,/tests/lipase/,,,,,194,yes,no,
2026-09-28,lipase blood test,phone,selling-test-page,/tests/lipase/,/tests/lipase/,10,55.5,,2358,yes,yes,
2026-09-28,lipase blood test,desktop,selling-test-page,/tests/lipase/,/tests/lipase/,14,,,2358,yes,yes,
2026-09-28,lipase test,phone,selling-test-page,/tests/lipase/,,,6.0,,2656,yes,yes,
2026-09-28,lipase test,desktop,selling-test-page,/tests/lipase/,/tests/lipase/,10,,,2656,yes,yes,
2026-09-28,lipid panel,phone,next-in-line,/tests/lipid-panel/,/tests/lipid-panel/,5,5.0,,31782,yes,no,
2026-09-28,lipid panel,desktop,next-in-line,/tests/lipid-panel/,/tests/lipid-panel/,5,,,31782,yes,no,
2026-09-28,lipid panel test,phone,next-in-line,/tests/lipid-panel/,/tests/lipid-panel/,10,8.0,,8978,yes,yes,refresh
2026-09-28,lipid panel test,desktop,next-in-line,/tests/lipid-panel/,/tests/lipid-panel/,11,,,8978,yes,yes,
2026-09-28,lipoprotein a test,phone,selling-test-page,/tests/lipoprotein-a/,/tests/lipoprotein-a/,12,11.0,,6431,yes,yes,refresh
2026-09-28,lipoprotein a test,desktop,selling-test-page,/tests/lipoprotein-a/,,,,,6431,yes,yes,
2026-09-28,lithium,phone,selling-test-page,/tests/lithium/,,,101.0,,2,yes,no,
2026-09-28,lithium,desktop,selling-test-page,/tests/lithium/,,,,,2,yes,no,
2026-09-28,lithium blood test,phone,selling-test-page,/tests/lithium/,,,52.0,,326,yes,yes,
2026-09-28,lithium blood test,desktop,selling-test-page,/tests/lithium/,/tests/lithium/,3,,,326,yes,yes,
2026-09-28,lithium labs,phone,selling-test-page,/tests/lithium/,,,101.0,,184,yes,yes,
2026-09-28,lithium labs,desktop,selling-test-page,/tests/lithium/,/tests/lithium/,14,,,184,yes,no,
2026-09-28,lithium test,phone,kept,/tests/lithium/,/tests/lithium/,12,12.0,,143,yes,yes,
2026-09-28,lithium test,desktop,kept,/tests/lithium/,/tests/lithium/,14,,,143,yes,yes,
2026-09-28,liver function test,phone,kept,/tests/liver-panel/,/tests/liver-panel/,20,16.0,,295,yes,no,
2026-09-28,liver function test,desktop,kept,/tests/liver-panel/,,,,,295,yes,no,
2026-09-28,liver function test fasting required,phone,selling-test-page,/tests/liver-panel/,/tests/liver-panel/,2,2.0,,185,yes,yes,
2026-09-28,liver function test fasting required,desktop,selling-test-page,/tests/liver-panel/,/tests/liver-panel/,2,,,185,yes,yes,
2026-09-28,liver kidney microsomal antibody,phone,next-in-line,/tests/anti-lkm-1/,/tests/anti-lkm-1/,10,10.0,,259,yes,yes,
2026-09-28,liver kidney microsomal antibody,desktop,next-in-line,/tests/anti-lkm-1/,/tests/anti-lkm-1/,10,,,259,yes,yes,
2026-09-28,liver panel,phone,selling-test-page,/tests/liver-panel/,/tests/liver-panel/,6,6.0,,1029,yes,yes,
2026-09-28,liver panel,desktop,selling-test-page,/tests/liver-panel/,/tests/liver-panel/,7,,,1029,yes,yes,
2026-09-28,liver panel test,phone,kept,/tests/liver-panel/,/tests/liver-panel/,12,11.5,,473,yes,no,
2026-09-28,liver panel test,desktop,kept,/tests/liver-panel/,/tests/liver-panel/,12,,,473,yes,no,
2026-09-28,lpa blood test,phone,kept,/tests/lipoprotein-a/,/tests/lipoprotein-a/,15,58.0,,184,yes,no,
2026-09-28,lpa blood test,desktop,kept,/tests/lipoprotein-a/,/tests/lipoprotein-a/,23,,,184,yes,no,
2026-09-28,lpa test,phone,selling-test-page,/tests/lipoprotein-a/,/tests/lipoprotein-a/,14,13.0,,1162,yes,no,refresh
2026-09-28,lpa test,desktop,selling-test-page,/tests/lipoprotein-a/,/tests/lipoprotein-a/,14,,,1162,yes,no,
2026-09-28,lupus anticoagulant,phone,next-in-line,/tests/lupus-anticoagulant-testing/,/tests/lupus-anticoagulant-testing/,22,15.0,,963,yes,no,
2026-09-28,lupus anticoagulant,desktop,next-in-line,/tests/lupus-anticoagulant-testing/,/tests/lupus-anticoagulant-testing/,15,,,963,yes,no,
2026-09-28,lupus anticoagulant test,phone,next-in-line,/tests/lupus-anticoagulant-testing/,/tests/lupus-anticoagulant-testing/,4,4.0,,737,yes,yes,
2026-09-28,lupus anticoagulant test,desktop,next-in-line,/tests/lupus-anticoagulant-testing/,/tests/lupus-anticoagulant-testing/,9,,,737,yes,yes,
2026-09-28,luteinizing hormone,phone,selling-test-page,/tests/luteinizing-hormone-lh/,/tests/luteinizing-hormone-lh/,27,27.5,,81,yes,no,
2026-09-28,luteinizing hormone,desktop,selling-test-page,/tests/luteinizing-hormone-lh/,/tests/luteinizing-hormone-lh/,29,,,81,yes,no,
2026-09-28,luteinizing hormone test,phone,kept,/tests/luteinizing-hormone-lh/,/tests/fsh-lh-test/,59,36.5,,225,yes,yes,other page ranks
2026-09-28,luteinizing hormone test,desktop,kept,/tests/luteinizing-hormone-lh/,/tests/luteinizing-hormone-lh/,14,,,225,yes,yes,
2026-09-28,lyme disease test,phone,category,/lyme-disease-testing/,/lyme-disease-testing/,30,32.0,,673,yes,no,
2026-09-28,lyme disease test,desktop,category,/lyme-disease-testing/,/tests/at-home-lyme-disease-test/,36,,,673,yes,no,
2026-09-28,lyme titer,phone,category,/lyme-disease-testing/,/lyme-disease-testing/,2,2.0,,242,yes,yes,
2026-09-28,lyme titer,desktop,category,/lyme-disease-testing/,/lyme-disease-testing/,2,,,242,yes,yes,
2026-09-28,lyme titer test,phone,kept,/tests/lyme-disease-titers-test/,/tests/lyme-disease-titers-test/,20,19.0,,26,yes,no,
2026-09-28,lyme titer test,desktop,kept,/tests/lyme-disease-titers-test/,/lyme-disease-testing/,45,,,26,yes,no,
2026-09-28,lymphocyte panel,phone,kept,/tests/lymphocyte-subset-panel/,/tests/lymphocyte-subset-panel/,4,4.0,,87,yes,yes,
2026-09-28,lymphocyte panel,desktop,kept,/tests/lymphocyte-subset-panel/,/tests/lymphocyte-subset-panel/,4,,,87,yes,yes,
2026-09-28,lymphocytes subset panel,phone,kept,/tests/lymphocyte-subset-panel/,,,53.0,,59,yes,yes,
2026-09-28,lymphocytes subset panel,desktop,kept,/tests/lymphocyte-subset-panel/,/tests/lymphocyte-subset-panel/,5,,,59,yes,yes,
2026-09-28,magnesium blood test,phone,selling-test-page,/tests/magnesium/,/tests/magnesium/,16,16.0,,1160,yes,no,
2026-09-28,magnesium blood test,desktop,selling-test-page,/tests/magnesium/,/tests/magnesium/,24,,,1160,yes,no,
2026-09-28,magnesium lab,phone,selling-test-page,/tests/magnesium-blood-serum-test/,/tests/magnesium/,21,21.0,,95,yes,yes,other page ranks
2026-09-28,magnesium lab,desktop,selling-test-page,/tests/magnesium-blood-serum-test/,/tests/magnesium/,17,,,95,yes,yes,
2026-09-28,magnesium levels in blood test,phone,kept,/tests/magnesium-blood-serum-test/,/tests/magnesium/,14,14.0,,135,yes,yes,other page ranks
2026-09-28,magnesium levels in blood test,desktop,kept,/tests/magnesium-blood-serum-test/,/tests/magnesium/,17,,,135,yes,yes,
2026-09-28,magnesium serum,phone,selling-test-page,/tests/magnesium-blood-serum-test/,/tests/magnesium-blood-serum-test/,22,13.0,,120,yes,no,
2026-09-28,magnesium serum,desktop,selling-test-page,/tests/magnesium-blood-serum-test/,/tests/magnesium-blood-serum-test/,12,,,120,yes,no,
2026-09-28,magnesium test,phone,selling-test-page,/tests/magnesium/,,,60.0,,202,yes,yes,
2026-09-28,magnesium test,desktop,selling-test-page,/tests/magnesium/,/tests/magnesium/,42,,,202,yes,yes,
2026-09-28,magnesium urine test,phone,kept,/tests/magnesium/,/tests/magnesium-urine-test/,10,61.0,,86,yes,yes,other page ranks
2026-09-28,magnesium urine test,desktop,kept,/tests/magnesium/,/tests/magnesium-urine-test/,9,,,86,yes,yes,
2026-09-28,male hormone test list,phone,next-in-line,/tests/standard-male-hormone-test/,/tests/standard-male-hormone-test/,7,7.0,,34,yes,yes,
2026-09-28,male hormone test list,desktop,next-in-line,/tests/standard-male-hormone-test/,/tests/standard-male-hormone-test/,8,,,34,yes,yes,
2026-09-28,male wellness panel,phone,selling-test-page,/tests/standard-male-wellness-panel/,/tests/standard-male-wellness-panel/,5,5.0,,97,yes,yes,
2026-09-28,male wellness panel,desktop,selling-test-page,/tests/standard-male-wellness-panel/,/tests/standard-male-wellness-panel/,5,,,97,yes,no,
2026-09-28,manual differential blood test,phone,next-in-line,/tests/white-blood-cell-wbc-differential/,,,65.0,,501,yes,yes,
2026-09-28,manual differential blood test,desktop,next-in-line,/tests/white-blood-cell-wbc-differential/,,,,,501,yes,yes,
2026-09-28,mch,phone,next-in-line,/tests/mch-test/,/articles/what-does-high-mch-blood-test-result-mean/,2,2.5,,40658,yes,no,other page ranks
2026-09-28,mch,desktop,next-in-line,/tests/mch-test/,/articles/what-does-high-mch-blood-test-result-mean/,4,,,40658,yes,no,
2026-09-28,mch blood test,phone,next-in-line,/tests/mch-test/,/articles/what-does-high-mch-blood-test-result-mean/,2,2.0,,77326,yes,yes,other page ranks
2026-09-28,mch blood test,desktop,next-in-line,/tests/mch-test/,/articles/what-does-high-mch-blood-test-result-mean/,2,,,77326,yes,yes,
2026-09-28,mcv blood test,phone,next-in-line,/tests/mcv-test/,/tests/mcv-test/,25,24.5,,4271,yes,no,
2026-09-28,mcv blood test,desktop,next-in-line,/tests/mcv-test/,/tests/mcv-test/,12,,,4271,yes,no,
2026-09-28,mean cell hemoglobin,phone,next-in-line,/tests/mchc-test/,/articles/what-does-high-mch-blood-test-result-mean/,2,2.0,,2911,yes,yes,other page ranks
2026-09-28,mean cell hemoglobin,desktop,next-in-line,/tests/mchc-test/,/articles/what-does-high-mch-blood-test-result-mean/,2,,,2911,yes,yes,
2026-09-28,mean cell hemoglobin concentration,phone,next-in-line,/tests/mchc-test/,/articles/what-does-high-mch-blood-test-result-mean/,9,9.0,,869,yes,no,other page ranks
2026-09-28,mean cell hemoglobin concentration,desktop,next-in-line,/tests/mchc-test/,/articles/what-does-high-mch-blood-test-result-mean/,11,,,869,yes,yes,
2026-09-28,mean corpuscular volume,phone,next-in-line,/tests/mcv-test/,/tests/mcv-test/,18,26.5,,2828,yes,no,
2026-09-28,mean corpuscular volume,desktop,next-in-line,/tests/mcv-test/,/tests/mcv-test/,37,,,2828,yes,no,
2026-09-28,measles immunity test,phone,kept,/tests/measles-igg-immunity-test/,/tests/measles-and-mumps-tests/,8,8.0,,185,yes,yes,other page ranks
2026-09-28,measles immunity test,desktop,kept,/tests/measles-igg-immunity-test/,/tests/measles-and-mumps-tests/,9,,,185,yes,yes,
2026-09-28,measles titer,phone,kept,/tests/antibody-titer-test/,/tests/measles-igg-immunity-test/,4,3.0,,1097,yes,yes,other page ranks
2026-09-28,measles titer,desktop,kept,/tests/antibody-titer-test/,/tests/measles-igg-immunity-test/,3,,,1097,yes,yes,
2026-09-28,measles titer test,phone,kept,/tests/antibody-titer-test/,/tests/antibody-titer-test/,45,26.0,,955,yes,yes,
2026-09-28,measles titer test,desktop,kept,/tests/antibody-titer-test/,/tests/measles-igg-immunity-test/,7,,,955,yes,yes,
2026-09-28,men's health test,phone,category,/mens-comprehensive-health-testing/,/mens-comprehensive-health-testing/,11,12.0,,5210,yes,no,refresh
2026-09-28,men's health test,desktop,category,/mens-comprehensive-health-testing/,/mens-comprehensive-health-testing/,8,,,5210,no,no,
2026-09-28,men's hormone panel,phone,not-ranking-yet,/tests/mens-expanded-hormone-panel/,/tests/standard-male-hormone-test/,8,8.0,,6,yes,yes,other page ranks
2026-09-28,men's hormone panel,desktop,not-ranking-yet,/tests/mens-expanded-hormone-panel/,/tests/comprehensive-male-wellness-panel/,34,,,6,yes,yes,
2026-09-28,men's hormone test panel,phone,not-ranking-yet,/tests/mens-expanded-hormone-panel/,/tests/standard-male-hormone-test/,5,5.0,,19,yes,yes,other page ranks
2026-09-28,men's hormone test panel,desktop,not-ranking-yet,/tests/mens-expanded-hormone-panel/,/tests/comprehensive-male-wellness-panel/,48,,,19,yes,yes,
2026-09-28,menopause test,phone,category,/menopause-testing/,/tests/menopause-testing/,8,6.0,,2660,yes,no,other page ranks
2026-09-28,menopause test,desktop,category,/menopause-testing/,/tests/menopause-testing/,8,,,2660,yes,yes,
2026-09-28,mens hormone panel,phone,selling-test-page,/tests/comprehensive-male-wellness-panel/,/tests/standard-male-hormone-test/,7,8.0,,189,yes,yes,other page ranks
2026-09-28,mens hormone panel,desktop,selling-test-page,/tests/comprehensive-male-wellness-panel/,/tests/standard-male-hormone-test/,5,,,189,yes,yes,
2026-09-28,mercury blood test,phone,selling-test-page,/tests/mercury/,,,54.0,,165,yes,yes,
2026-09-28,mercury blood test,desktop,selling-test-page,/tests/mercury/,/tests/mercury/,11,,,165,yes,yes,
2026-09-28,mercury test,phone,selling-test-page,/tests/mercury/,/tests/mercury/,3,3.0,,111,yes,yes,
2026-09-28,mercury test,desktop,selling-test-page,/tests/mercury/,/tests/mercury/,5,,,111,yes,yes,
2026-09-28,mercury testing,phone,selling-test-page,/tests/mercury/,/tests/mercury/,2,2.0,,89,yes,yes,
2026-09-28,mercury testing,desktop,selling-test-page,/tests/mercury/,/tests/mercury/,4,,,89,yes,yes,
2026-09-28,mercury urine test,phone,kept,/tests/mercury/,/tests/mercury/,10,12.0,,98,yes,yes,
2026-09-28,mercury urine test,desktop,kept,/tests/mercury/,/tests/mercury/,11,,,98,yes,yes,
2026-09-28,metabolic panel,phone,selling-test-page,/tests/comprehensive-metabolic-panel-cmp/,/tests/comprehensive-metabolic-panel-cmp/,9,10.0,,2532,yes,yes,refresh
2026-09-28,metabolic panel,desktop,selling-test-page,/tests/comprehensive-metabolic-panel-cmp/,/tests/comprehensive-metabolic-panel-cmp/,9,,,2532,yes,no,
2026-09-28,metal test,phone,category,/heavy-metals-and-toxins-testing/,/heavy-metals-and-toxins-testing/,49,40.0,,1178,yes,yes,
2026-09-28,metal test,desktop,category,/heavy-metals-and-toxins-testing/,/heavy-metals-and-toxins-testing/,14,,,1178,yes,yes,
2026-09-28,metanephrines,phone,next-in-line,/tests/plasma-free-metanephrines/,/tests/plasma-free-metanephrines/,26,16.0,,1639,yes,yes,
2026-09-28,metanephrines,desktop,next-in-line,/tests/plasma-free-metanephrines/,/tests/urine-metanephrines/,10,,,1639,yes,yes,
2026-09-28,metanephrines blood test,phone,next-in-line,/tests/plasma-free-metanephrines/,/tests/urine-metanephrines/,6,8.0,,1395,yes,yes,refresh; other page ranks
2026-09-28,metanephrines blood test,desktop,next-in-line,/tests/plasma-free-metanephrines/,/tests/plasma-free-metanephrines/,11,,,1395,yes,yes,
2026-09-28,methylmalonic acid,phone,next-in-line,/tests/methylmalonic-acid/,/tests/methylmalonic-acid/,6,6.0,,5429,yes,yes,
2026-09-28,methylmalonic acid,desktop,next-in-line,/tests/methylmalonic-acid/,/tests/methylmalonic-acid/,5,,,5429,yes,yes,
2026-09-28,methylmalonic acid test,phone,next-in-line,/tests/methylmalonic-acid/,/tests/methylmalonic-acid/,4,6.0,,3158,yes,yes,
2026-09-28,methylmalonic acid test,desktop,next-in-line,/tests/methylmalonic-acid/,/tests/methylmalonic-acid/,7,,,3158,yes,yes,
2026-09-28,mgen test,phone,std-pages,/tests/mycoplasma/,/tests/mycoplasma/,17,17.0,,1510,yes,yes,
2026-09-28,mgen test,desktop,std-pages,/tests/mycoplasma/,/tests/mycoplasma/,8,,,1510,yes,yes,
2026-09-28,mgen testing,phone,std-pages,/tests/mycoplasma/,/tests/mycoplasma/,6,6.0,,212,yes,yes,
2026-09-28,mgen testing,desktop,std-pages,/tests/mycoplasma/,,,,,212,yes,yes,
2026-09-28,microalbumin creatinine ratio test,phone,kept,/tests/urine-albumin-and-albumin-creatinine-ratio/,/tests/urine-albumin-and-albumin-creatinine-ratio/,27,23.0,,0,yes,no,
2026-09-28,microalbumin creatinine ratio test,desktop,kept,/tests/urine-albumin-and-albumin-creatinine-ratio/,/tests/urine-albumin-and-albumin-creatinine-ratio/,18,,,0,yes,no,
2026-09-28,microalbumin random,phone,selling-test-page,/tests/urine-albumin-and-albumin-creatinine-ratio/,/tests/urine-albumin-and-albumin-creatinine-ratio/,8,8.0,,504,yes,yes,
2026-09-28,microalbumin random,desktop,selling-test-page,/tests/urine-albumin-and-albumin-creatinine-ratio/,/tests/urine-albumin-and-albumin-creatinine-ratio/,7,,,504,yes,yes,
2026-09-28,microalbumin random urine,phone,selling-test-page,/tests/urine-albumin-and-albumin-creatinine-ratio/,,,16.0,,374,yes,yes,
2026-09-28,microalbumin random urine,desktop,selling-test-page,/tests/urine-albumin-and-albumin-creatinine-ratio/,/tests/urine-albumin-and-albumin-creatinine-ratio/,12,,,374,yes,yes,
2026-09-28,mmr titer test,phone,kept,/tests/antibody-titer-test/,/tests/measles-and-mumps-tests/,4,4.0,,1467,yes,no,other page ranks
2026-09-28,mmr titer test,desktop,kept,/tests/antibody-titer-test/,/tests/measles-and-mumps-tests/,4,,,1467,yes,yes,
2026-09-28,mold exposure test,phone,next-in-line,/tests/black-mold-exposure-test/,/tests/black-mold-exposure-test/,1,2.0,,841,yes,yes,
2026-09-28,mold exposure test,desktop,next-in-line,/tests/black-mold-exposure-test/,/tests/black-mold-exposure-test/,1,,,841,yes,yes,
2026-09-28,mono blood test,phone,next-in-line,/tests/mononucleosis-mono-test/,/tests/mononucleosis-mono-test/,6,6.0,,3342,yes,yes,
2026-09-28,mono blood test,desktop,next-in-line,/tests/mononucleosis-mono-test/,/tests/mononucleosis-mono-test/,6,,,3342,yes,no,
2026-09-28,mono spot test,phone,kept,/tests/mononucleosis-mono-test/,/tests/mononucleosis-mono-test/,7,7.0,,169,yes,yes,
2026-09-28,mono spot test,desktop,kept,/tests/mononucleosis-mono-test/,,,,,169,yes,yes,
2026-09-28,mono test,phone,next-in-line,/tests/mononucleosis-mono-test/,/tests/mononucleosis-mono-test/,5,5.0,,4855,yes,yes,
2026-09-28,mono test,desktop,next-in-line,/tests/mononucleosis-mono-test/,/tests/mononucleosis-mono-test/,6,,,4855,yes,yes,
2026-09-28,mononucleosis test,phone,kept,/tests/mononucleosis-mono-test/,/tests/mononucleosis-mono-test/,8,8.0,,595,yes,yes,
2026-09-28,mononucleosis test,desktop,kept,/tests/mononucleosis-mono-test/,/tests/mononucleosis-mono-test/,8,,,595,yes,yes,
2026-09-28,mould allergy test,phone,selling-test-page,/tests/black-mold-allergy-test/,/tests/black-mold-exposure-test/,16,17.0,,254,yes,yes,other page ranks
2026-09-28,mould allergy test,desktop,selling-test-page,/tests/black-mold-allergy-test/,/tests/black-mold-exposure-test/,17,,,254,yes,yes,
2026-09-28,mthfr gene mutation,phone,next-in-line,/tests/mthfr-mutation/,/tests/mthfr-mutation/,7,54.0,,47865,yes,no,
2026-09-28,mthfr gene mutation,desktop,next-in-line,/tests/mthfr-mutation/,/tests/mthfr-mutation/,6,,,47865,yes,no,
2026-09-28,mthfr mutation,phone,next-in-line,/tests/mthfr-mutation/,/tests/mthfr-mutation/,7,7.0,,6374,yes,no,
2026-09-28,mthfr mutation,desktop,next-in-line,/tests/mthfr-mutation/,/tests/mthfr-mutation/,6,,,6374,yes,no,
2026-09-28,mumps test,phone,kept,/tests/measles-and-mumps-tests/,/tests/mumps-igg-immunity-test/,27,26.0,,17,yes,no,other page ranks
2026-09-28,mumps test,desktop,kept,/tests/measles-and-mumps-tests/,/tests/mumps-igg-immunity-test/,33,,,17,yes,no,
2026-09-28,mumps titer,phone,kept,/tests/mumps-igg-immunity-test/,/tests/mumps-igg-immunity-test/,4,4.5,,216,yes,yes,
2026-09-28,mumps titer,desktop,kept,/tests/mumps-igg-immunity-test/,/tests/mumps-igg-immunity-test/,5,,,216,yes,yes,
2026-09-28,mumps titer test,phone,kept,/tests/mumps-igg-immunity-test/,/tests/mumps-igg-immunity-test/,3,2.0,,132,yes,yes,
2026-09-28,mumps titer test,desktop,kept,/tests/mumps-igg-immunity-test/,/tests/mumps-igg-immunity-test/,4,,,132,yes,yes,
2026-09-28,mushroom allergy test,phone,not-ranking-yet,/tests/mushroom-allergy-test/,/tests/mushroom-allergy-test/,9,9.0,,3,no,no,
2026-09-28,mushroom allergy test,desktop,not-ranking-yet,/tests/mushroom-allergy-test/,/tests/mushroom-allergy-test/,9,,,3,yes,yes,
2026-09-28,mycoplasma genitalium,phone,std-pages,/tests/mycoplasma/,,,101.0,,11,yes,no,
2026-09-28,mycoplasma genitalium,desktop,std-pages,/tests/mycoplasma/,,,,,11,yes,no,
2026-09-28,mycoplasma genitalium antibiotics,phone,treatments,/treatments/mycoplasma-genitalium/,,,65.5,,20,no,no,
2026-09-28,mycoplasma genitalium antibiotics,desktop,treatments,/treatments/mycoplasma-genitalium/,/treatments/mycoplasma-genitalium/,28,,,20,yes,no,
2026-09-28,mycoplasma genitalium test,phone,std-pages,/tests/mycoplasma/,/treatments/mycoplasma-genitalium/,65,66.0,,1393,yes,yes,other page ranks
2026-09-28,mycoplasma genitalium test,desktop,std-pages,/tests/mycoplasma/,/treatments/mycoplasma-genitalium/,68,,,1393,yes,yes,
2026-09-28,mycoplasma in urine,phone,std-pages,/tests/mycoplasma/,,,9.0,,18,yes,yes,
2026-09-28,mycoplasma in urine,desktop,std-pages,/tests/mycoplasma/,/tests/mycoplasma/,9,,,18,yes,yes,
2026-09-28,mycoplasma test,phone,std-pages,/tests/mycoplasma/,/tests/mycoplasma/,2,2.0,,1510,yes,yes,
2026-09-28,mycoplasma test,desktop,std-pages,/tests/mycoplasma/,/tests/mycoplasma/,2,,,1510,yes,yes,
2026-09-28,mycoplasma urine,phone,std-pages,/tests/mycoplasma/,/std-testing/mycoplasma-ureaplasma-test/,8,8.0,,63,yes,yes,other page ranks
2026-09-28,mycoplasma urine,desktop,std-pages,/tests/mycoplasma/,/std-testing/mycoplasma-ureaplasma-test/,8,,,63,yes,yes,
2026-09-28,mycoplasma urine test,phone,std-pages,/tests/mycoplasma/,/tests/mycoplasma/,3,3.0,,51,yes,yes,
2026-09-28,mycoplasma urine test,desktop,std-pages,/tests/mycoplasma/,/std-testing/mycoplasma-ureaplasma-test/,3,,,51,yes,yes,
2026-09-28,na blood test,phone,next-in-line,/tests/sodium/,/tests/sodium/,12,9.5,,1197,yes,no,refresh
2026-09-28,na blood test,desktop,next-in-line,/tests/sodium/,/tests/sodium/,12,,,1197,yes,yes,
2026-09-28,naat chlamydia,phone,std-pages,/tests/chlamydia-urine-test/,/std-testing/chlamydia-gonorrhea-test/,3,3.0,,31,yes,yes,other page ranks
2026-09-28,naat chlamydia,desktop,std-pages,/tests/chlamydia-urine-test/,/std-testing/chlamydia-gonorrhea-test/,6,,,31,yes,yes,
2026-09-28,naat gonorrhea,phone,std-pages,/tests/gonorrhea-urine-test/,/tests/gonorrhea-test/,3,3.0,,23,yes,yes,other page ranks
2026-09-28,naat gonorrhea,desktop,std-pages,/tests/gonorrhea-urine-test/,/tests/gonorrhea-test/,3,,,23,yes,yes,
2026-09-28,nad + injections,phone,treatments,/treatments/nad/,/treatments/nad/,1,1.0,,1266,yes,yes,
2026-09-28,nad + injections,desktop,treatments,/treatments/nad/,/treatments/nad/,1,,,1266,yes,yes,
2026-09-28,nad injections,phone,treatments,/treatments/nad/,/treatments/nad/,1,1.0,,28090,yes,yes,
2026-09-28,nad injections,desktop,treatments,/treatments/nad/,/treatments/nad/,1,,,28090,yes,yes,
2026-09-28,nad shots,phone,treatments,/treatments/nad/,/treatments/nad/,2,2.0,,2205,yes,yes,
2026-09-28,nad shots,desktop,treatments,/treatments/nad/,/treatments/nad/,2,,,2205,yes,yes,
2026-09-28,nad shots cost,phone,treatments,/treatments/nad-injections-benefits/,,,101.0,,1,yes,yes,
2026-09-28,nad shots cost,desktop,treatments,/treatments/nad-injections-benefits/,,,,,1,yes,yes,
2026-09-28,nad side effects,phone,treatments,/treatments/nad-injection-side-effects/,,,51.0,,2130,no,no,
2026-09-28,nad side effects,desktop,treatments,/treatments/nad-injection-side-effects/,/treatments/nad-injection-side-effects/,1,,,2130,yes,yes,
2026-09-28,nad+ injections,phone,treatments,/treatments/nad/,/treatments/nad/,2,2.0,,12666,yes,yes,
2026-09-28,nad+ injections,desktop,treatments,/treatments/nad/,/treatments/nad/,2,,,12666,yes,yes,
2026-09-28,nad+ side effects,phone,treatments,/treatments/nad-injection-side-effects/,,,51.0,,2775,no,no,
2026-09-28,nad+ side effects,desktop,treatments,/treatments/nad-injection-side-effects/,/treatments/nad-injection-side-effects/,1,,,2775,yes,yes,
2026-09-28,nicotine test,phone,next-in-line,/tests/nicotine-and-cotinine/,,,3.0,,3869,yes,yes,
2026-09-28,nicotine test,desktop,next-in-line,/tests/nicotine-and-cotinine/,/tests/nicotine-and-cotinine/,3,,,3869,yes,yes,
2026-09-28,nips,phone,next-in-line,/tests/non-invasive-prenatal-screening-nips/,,,59.0,,8223,yes,yes,
2026-09-28,nips,desktop,next-in-line,/tests/non-invasive-prenatal-screening-nips/,,,,,8223,yes,yes,
2026-09-28,nips test,phone,next-in-line,/tests/non-invasive-prenatal-screening-nips/,/tests/non-invasive-prenatal-screening-nips/,26,24.0,,45,yes,no,
2026-09-28,nips test,desktop,next-in-line,/tests/non-invasive-prenatal-screening-nips/,,,,,45,yes,no,
2026-09-28,non hdl cholesterol,phone,next-in-line,/tests/non-high-density-lipoprotein-cholesterol/,/tests/non-high-density-lipoprotein-cholesterol/,3,2.5,,19579,yes,yes,buy button
2026-09-28,non hdl cholesterol,desktop,next-in-line,/tests/non-high-density-lipoprotein-cholesterol/,/tests/non-high-density-lipoprotein-cholesterol/,3,,,19579,yes,yes,
2026-09-28,nt-probnp,phone,selling-test-page,/tests/bnp-and-nt-probnp/,,,66.5,,98,yes,no,
2026-09-28,nt-probnp,desktop,selling-test-page,/tests/bnp-and-nt-probnp/,/tests/bnp-and-nt-probnp/,44,,,98,yes,no,
2026-09-28,oat allergy test,phone,not-ranking-yet,/tests/oat-allergy-test/,/tests/oat-allergy-test/,12,11.5,,6,yes,yes,
2026-09-28,oat allergy test,desktop,not-ranking-yet,/tests/oat-allergy-test/,/tests/oat-allergy-test/,11,,,6,yes,yes,
2026-09-28,oat allergy testing,phone,not-ranking-yet,/tests/oat-allergy-test/,/tests/oat-allergy-test/,11,12.5,,0,yes,yes,
2026-09-28,oat allergy testing,desktop,not-ranking-yet,/tests/oat-allergy-test/,/tests/oat-allergy-test/,11,,,0,yes,yes,
2026-09-28,onion allergy test,phone,not-ranking-yet,/tests/onion-allergy-test/,/tests/onion-allergy-test/,6,5.5,,3,no,no,
2026-09-28,onion allergy test,desktop,not-ranking-yet,/tests/onion-allergy-test/,/tests/onion-allergy-test/,6,,,3,yes,no,
2026-09-28,online testosterone test,phone,selling-test-page,/tests/testosterone-test-free-and-total-test/,/tests/testosterone/,24,15.0,,197,yes,no,other page ranks
2026-09-28,online testosterone test,desktop,selling-test-page,/tests/testosterone-test-free-and-total-test/,/tests/testosterone/,8,,,197,yes,no,
2026-09-28,opiates,phone,next-in-line,/tests/opioid-drug-test/,,,101.0,,0,yes,no,
2026-09-28,opiates,desktop,next-in-line,/tests/opioid-drug-test/,,,,,0,yes,no,
2026-09-28,opioid drug test,phone,next-in-line,/tests/opioid-drug-test/,/tests/opioid-drug-test/,7,7.0,,145,yes,yes,
2026-09-28,opioid drug test,desktop,next-in-line,/tests/opioid-drug-test/,/tests/opioid-drug-test/,7,,,145,yes,yes,
2026-09-28,oral cold sore medicine,phone,treatments,/treatments/cold-sores/,,,101.0,,8,no,no,
2026-09-28,oral cold sore medicine,desktop,treatments,/treatments/cold-sores/,,,,,8,yes,no,
2026-09-28,oral herpes test,phone,std-pages,/std-testing/hsv-1-test/,/std-testing/hsv-1-test/,3,3.0,,169,yes,yes,
2026-09-28,oral herpes test,desktop,std-pages,/std-testing/hsv-1-test/,/std-testing/hsv-1-test/,3,,,169,yes,yes,
2026-09-28,orange allergy test,phone,not-ranking-yet,/tests/orange-allergy-test/,/tests/orange-allergy-test/,6,3.0,,12,no,no,
2026-09-28,orange allergy test,desktop,not-ranking-yet,/tests/orange-allergy-test/,/tests/orange-allergy-test/,5,,,12,yes,yes,
2026-09-28,orange allergy testing,phone,not-ranking-yet,/tests/orange-allergy-test/,/tests/orange-allergy-test/,5,3.0,,3,yes,no,
2026-09-28,orange allergy testing,desktop,not-ranking-yet,/tests/orange-allergy-test/,/tests/orange-allergy-test/,5,,,3,no,no,
2026-09-28,osmolality,phone,next-in-line,/tests/osmolality-and-osmolal-gap/,/tests/osmolality-and-osmolal-gap/,4,4.0,,24973,yes,yes,
2026-09-28,osmolality,desktop,next-in-line,/tests/osmolality-and-osmolal-gap/,/tests/osmolality-and-osmolal-gap/,5,,,24973,yes,yes,
2026-09-28,osmolality calc,phone,next-in-line,/tests/osmolality-and-osmolal-gap/,/tests/osmolality-and-osmolal-gap/,5,4.5,,4821,yes,yes,
2026-09-28,osmolality calc,desktop,next-in-line,/tests/osmolality-and-osmolal-gap/,/tests/osmolality-and-osmolal-gap/,5,,,4821,yes,yes,
2026-09-28,osteoporosis diagnosis,phone,category,/osteoporosis-testing/,/osteoporosis-testing/,40,34.0,,13,yes,no,
2026-09-28,osteoporosis diagnosis,desktop,category,/osteoporosis-testing/,/osteoporosis-testing/,36,,,13,yes,no,
2026-09-28,osteoporosis screening,phone,category,/osteoporosis-testing/,/osteoporosis-testing/,36,37.0,,13,yes,no,
2026-09-28,osteoporosis screening,desktop,category,/osteoporosis-testing/,/osteoporosis-testing/,46,,,13,yes,no,
2026-09-28,pancreatic elastase fecal,phone,next-in-line,/tests/stool-elastase/,/tests/stool-elastase/,12,101.0,,1481,yes,no,
2026-09-28,pancreatic elastase fecal,desktop,next-in-line,/tests/stool-elastase/,/tests/stool-elastase/,12,,,1481,yes,no,
2026-09-28,parathyroid hormone test,phone,kept,/tests/parathyroid-hormone-pth/,/tests/parathyroid-hormone-pth/,24,24.5,,46,yes,no,
2026-09-28,parathyroid hormone test,desktop,kept,/tests/parathyroid-hormone-pth/,/tests/parathyroid-hormone-pth/,22,,,46,yes,no,
2026-09-28,partial thromboplastin time,phone,kept,/tests/partial-thromboplastin-time-ptt-aptt/,/tests/partial-thromboplastin-time-ptt-aptt/,10,11.0,,62,yes,no,
2026-09-28,partial thromboplastin time,desktop,kept,/tests/partial-thromboplastin-time-ptt-aptt/,,,,,62,yes,yes,
2026-09-28,parvovirus b19 igg,phone,next-in-line,/tests/parvovirus-b19/,/tests/parvovirus-b19/,2,2.0,,533,yes,yes,
2026-09-28,parvovirus b19 igg,desktop,next-in-line,/tests/parvovirus-b19/,/tests/parvovirus-b19/,2,,,533,yes,yes,
2026-09-28,parvovirus test,phone,next-in-line,/tests/parvovirus-b19/,/tests/parvovirus-b19/,22,18.0,,1522,yes,no,
2026-09-28,parvovirus test,desktop,next-in-line,/tests/parvovirus-b19/,/tests/parvovirus-b19/,21,,,1522,yes,no,
2026-09-28,pcr molecular diagnostic test,phone,next-in-line,/tests/molecular-pcr-covid-19-test/,/tests/molecular-pcr-covid-19-test/,5,5.5,,5600,no,no,
2026-09-28,pcr molecular diagnostic test,desktop,next-in-line,/tests/molecular-pcr-covid-19-test/,/tests/molecular-pcr-covid-19-test/,3,,,5600,no,no,
2026-09-28,pcr test,phone,next-in-line,/tests/molecular-pcr-covid-19-test/,/tests/molecular-pcr-covid-19-test/,15,16.0,,662,yes,no,
2026-09-28,pcr test,desktop,next-in-line,/tests/molecular-pcr-covid-19-test/,/tests/molecular-pcr-covid-19-test/,23,,,662,yes,no,
2026-09-28,peanut allergy blood test,phone,not-ranking-yet,/tests/peanut-allergy-test/,/tests/allergy-blood-testing/,74,25.0,,3,yes,yes,other page ranks
2026-09-28,peanut allergy blood test,desktop,not-ranking-yet,/tests/peanut-allergy-test/,,,,,3,yes,no,
2026-09-28,peanut allergy test,phone,not-ranking-yet,/tests/peanut-allergy-test/,,,67.0,,26,yes,yes,
2026-09-28,peanut allergy test,desktop,not-ranking-yet,/tests/peanut-allergy-test/,,,,,26,yes,yes,
2026-09-28,peanut allergy testing,phone,not-ranking-yet,/tests/peanut-allergy-test/,,,60.0,,14,yes,yes,
2026-09-28,peanut allergy testing,desktop,not-ranking-yet,/tests/peanut-allergy-test/,,,,,14,yes,yes,
2026-09-28,peptide test,phone,selling-test-page,/tests/c-peptide/,,,101.0,,859,yes,no,
2026-09-28,peptide test,desktop,selling-test-page,/tests/c-peptide/,,,,,859,yes,no,
2026-09-28,perimenopause test,phone,category,/menopause-testing/,/tests/menopause-testing/,20,20.0,,698,yes,no,other page ranks
2026-09-28,perimenopause test,desktop,category,/menopause-testing/,/tests/menopause-testing/,19,,,698,yes,no,
2026-09-28,phosphorus blood test,phone,next-in-line,/tests/phosphorus/,/tests/phosphorus/,6,6.0,,3310,yes,yes,
2026-09-28,phosphorus blood test,desktop,next-in-line,/tests/phosphorus/,/tests/phosphorus/,8,,,3310,yes,yes,
2026-09-28,phosphorus test,phone,next-in-line,/tests/phosphorus/,/tests/phosphorus/,2,2.0,,291,yes,yes,
2026-09-28,phosphorus test,desktop,next-in-line,/tests/phosphorus/,/tests/phosphorus/,2,,,291,yes,yes,
2026-09-28,platelet count,phone,next-in-line,/tests/platelet-count/,/tests/platelet-count/,8,10.0,,22946,yes,yes,refresh
2026-09-28,platelet count,desktop,next-in-line,/tests/platelet-count/,/tests/platelet-count/,9,,,22946,yes,yes,
2026-09-28,plt blood test,phone,next-in-line,/tests/platelet-count/,/tests/platelet-function-tests/,55,49.0,,4207,yes,no,other page ranks
2026-09-28,plt blood test,desktop,next-in-line,/tests/platelet-count/,/tests/platelet-count/,6,,,4207,yes,no,
2026-09-28,pneumonia test,phone,category,/pneumonia-testing/,/pneumonia-testing/,8,7.0,,673,yes,yes,
2026-09-28,pneumonia test,desktop,category,/pneumonia-testing/,/pneumonia-testing/,7,,,673,yes,yes,
2026-09-28,pork allergy test,phone,not-ranking-yet,/tests/pork-allergy-test/,/tests/pork-allergy-test/,8,8.5,,17,yes,yes,
2026-09-28,pork allergy test,desktop,not-ranking-yet,/tests/pork-allergy-test/,/tests/pork-allergy-test/,8,,,17,yes,yes,
2026-09-28,potassium blood test,phone,next-in-line,/tests/potassium/,/tests/potassium/,11,17.0,,56,yes,no,
2026-09-28,potassium blood test,desktop,next-in-line,/tests/potassium/,/tests/potassium/,21,,,56,yes,no,
2026-09-28,potassium test,phone,next-in-line,/tests/potassium/,,,51.5,,365,yes,yes,
2026-09-28,potassium test,desktop,next-in-line,/tests/potassium/,/tests/potassium/,2,,,365,yes,yes,
2026-09-28,prealbumin,phone,next-in-line,/tests/prealbumin/,/tests/prealbumin/,13,57.0,,3468,yes,yes,
2026-09-28,prealbumin,desktop,next-in-line,/tests/prealbumin/,/tests/prealbumin/,13,,,3468,yes,yes,
2026-09-28,prealbumin blood test,phone,next-in-line,/tests/prealbumin/,/tests/prealbumin/,4,6.0,,588,yes,no,
2026-09-28,prealbumin blood test,desktop,next-in-line,/tests/prealbumin/,/tests/prealbumin/,6,,,588,yes,yes,
2026-09-28,pregnancy blood test,phone,selling-test-page,/tests/pregnancy-test-hcg/,,,101.0,,592,yes,no,
2026-09-28,pregnancy blood test,desktop,selling-test-page,/tests/pregnancy-test-hcg/,,,,,592,yes,no,
2026-09-28,pregnancy test,phone,selling-test-page,/tests/pregnancy-test-hcg/,,,101.0,,239,yes,no,
2026-09-28,pregnancy test,desktop,selling-test-page,/tests/pregnancy-test-hcg/,,,,,239,yes,no,
2026-09-28,pregnancy test blood hcg fasting required,desktop,leaving,/tests/pregnancy-test-hcg/,/tests/pregnancy-test-hcg/,4,,,156,yes,no,
2026-09-28,pregnenolone blood test,phone,selling-test-page,/tests/pregnenolone/,/tests/pregnenolone/,6,6.0,,270,yes,yes,
2026-09-28,pregnenolone blood test,desktop,selling-test-page,/tests/pregnenolone/,/tests/pregnenolone/,6,,,270,yes,yes,
2026-09-28,pregnenolone lc/ms,phone,selling-test-page,/tests/pregnenolone/,/tests/pregnenolone/,6,6.0,,44,yes,yes,
2026-09-28,pregnenolone lc/ms,desktop,selling-test-page,/tests/pregnenolone/,/tests/pregnenolone/,7,,,44,yes,yes,
2026-09-28,pregnenolone test,phone,selling-test-page,/tests/pregnenolone/,/tests/pregnenolone/,7,5.0,,81,yes,yes,
2026-09-28,pregnenolone test,desktop,selling-test-page,/tests/pregnenolone/,/tests/pregnenolone/,4,,,81,yes,yes,
2026-09-28,progesterone blood test,phone,selling-test-page,/tests/progesterone/,/tests/progesterone/,28,28.5,,53,yes,no,
2026-09-28,progesterone blood test,desktop,selling-test-page,/tests/progesterone/,/tests/progesterone/,26,,,53,yes,no,
2026-09-28,progesterone blood test to check ovulation,phone,selling-test-page,/tests/progesterone/,/tests/progesterone/,13,16.5,,1819,no,no,
2026-09-28,progesterone blood test to check ovulation,desktop,selling-test-page,/tests/progesterone/,/tests/progesterone/,25,,,1819,no,no,
2026-09-28,progesterone test,phone,selling-test-page,/tests/progesterone/,,,60.0,,176,yes,yes,
2026-09-28,progesterone test,desktop,selling-test-page,/tests/progesterone/,,,,,176,yes,yes,
2026-09-28,prolactin,phone,selling-test-page,/tests/prolactin/,,,101.0,,75,yes,no,
2026-09-28,prolactin,desktop,selling-test-page,/tests/prolactin/,,,,,75,yes,no,
2026-09-28,prolactin blood test,phone,selling-test-page,/tests/prolactin/,/tests/prolactin/,9,7.5,,3681,yes,yes,
2026-09-28,prolactin blood test,desktop,selling-test-page,/tests/prolactin/,/tests/prolactin/,9,,,3681,yes,yes,
2026-09-28,prolactin test,phone,selling-test-page,/tests/prolactin/,/tests/prolactin/,13,14.0,,1668,yes,yes,refresh
2026-09-28,prolactin test,desktop,selling-test-page,/tests/prolactin/,,,,,1668,yes,yes,
2026-09-28,protein blood test,phone,next-in-line,/tests/protein-c-and-protein-s/,/tests/total-protein-albumin-globulin-ag-ratio/,8,8.0,,752,yes,no,other page ranks
2026-09-28,protein blood test,desktop,next-in-line,/tests/protein-c-and-protein-s/,/tests/total-protein-albumin-globulin-ag-ratio/,8,,,752,yes,no,
2026-09-28,protein c,phone,next-in-line,/tests/protein-c-and-protein-s/,/tests/protein-c-and-protein-s/,15,14.0,,400,yes,no,
2026-09-28,protein c,desktop,next-in-line,/tests/protein-c-and-protein-s/,/tests/protein-c-and-protein-s/,15,,,400,yes,no,
2026-09-28,protein creatinine ratio,phone,selling-test-page,/tests/urine-protein-and-urine-protein-creatinine-ratio/,/tests/urine-protein-and-urine-protein-creatinine-ratio/,18,17.0,,541,yes,no,
2026-09-28,protein creatinine ratio,desktop,selling-test-page,/tests/urine-protein-and-urine-protein-creatinine-ratio/,/tests/urine-protein-and-urine-protein-creatinine-ratio/,19,,,541,yes,yes,
2026-09-28,protein creatinine ratio urine,desktop,leaving,/tests/urine-protein-and-urine-protein-creatinine-ratio/,/tests/urine-protein-and-urine-protein-creatinine-ratio/,8,,,611,yes,yes,
2026-09-28,prothrombin time,phone,kept,/tests/prothrombin-time-and-international-normalized-ratio-ptinr/,/tests/prothrombin-time-and-international-normalized-ratio-ptinr/,27,26.0,,166,yes,no,
2026-09-28,prothrombin time,desktop,kept,/tests/prothrombin-time-and-international-normalized-ratio-ptinr/,/tests/prothrombin-time-and-international-normalized-ratio-ptinr/,32,,,166,yes,no,
2026-09-28,prothrombin time test,phone,kept,/tests/prothrombin-time-and-international-normalized-ratio-ptinr/,/tests/prothrombin-time-and-international-normalized-ratio-ptinr/,34,33.0,,16,yes,no,
2026-09-28,prothrombin time test,desktop,kept,/tests/prothrombin-time-and-international-normalized-ratio-ptinr/,/tests/prothrombin-time-and-international-normalized-ratio-ptinr/,35,,,16,yes,no,
2026-09-28,protime-inr,phone,selling-test-page,/tests/prothrombin-time-and-international-normalized-ratio-ptinr/,/tests/prothrombin-time-and-international-normalized-ratio-ptinr/,6,7.0,,1024,yes,yes,
2026-09-28,protime-inr,desktop,selling-test-page,/tests/prothrombin-time-and-international-normalized-ratio-ptinr/,/tests/prothrombin-time-and-international-normalized-ratio-ptinr/,6,,,1024,yes,no,
2026-09-28,psa,phone,selling-test-page,/tests/prostate-specific-antigen-psa/,,,101.0,,9477,yes,no,
2026-09-28,psa,desktop,selling-test-page,/tests/prostate-specific-antigen-psa/,,,,,9477,no,no,
2026-09-28,psa blood test fasting,phone,selling-test-page,/tests/prostate-specific-antigen-psa/,/tests/prostate-specific-antigen-psa/,2,2.0,,171,yes,yes,
2026-09-28,psa blood test fasting,desktop,selling-test-page,/tests/prostate-specific-antigen-psa/,/tests/prostate-specific-antigen-psa/,4,,,171,yes,yes,
2026-09-28,psoriatic arthritis blood tests,phone,category,/psoriatic-arthritis-testing/,/psoriatic-arthritis-testing/,6,6.0,,2858,yes,yes,
2026-09-28,psoriatic arthritis blood tests,desktop,category,/psoriatic-arthritis-testing/,/psoriatic-arthritis-testing/,7,,,2858,yes,yes,
2026-09-28,psoriatic arthritis workup,phone,category,/psoriatic-arthritis-testing/,,,53.5,,2500,yes,yes,
2026-09-28,psoriatic arthritis workup,desktop,category,/psoriatic-arthritis-testing/,/psoriatic-arthritis-testing/,6,,,2500,yes,yes,
2026-09-28,pt inr,phone,selling-test-page,/tests/prothrombin-time-and-international-normalized-ratio-ptinr/,/tests/prothrombin-time-and-international-normalized-ratio-ptinr/,26,25.0,,103,yes,no,
2026-09-28,pt inr,desktop,selling-test-page,/tests/prothrombin-time-and-international-normalized-ratio-ptinr/,/tests/prothrombin-time-and-international-normalized-ratio-ptinr/,32,,,103,yes,no,
2026-09-28,pth,phone,selling-test-page,/tests/parathyroid-hormone-pth/,/tests/parathyroid-hormone-pth/,24,25.0,,8,yes,no,
2026-09-28,pth,desktop,selling-test-page,/tests/parathyroid-hormone-pth/,/tests/parathyroid-hormone-pth/,21,,,8,yes,no,
2026-09-28,pth blood test,phone,selling-test-page,/tests/parathyroid-hormone-pth/,/tests/parathyroid-hormone-pth/,15,14.0,,421,yes,no,
2026-09-28,pth blood test,desktop,selling-test-page,/tests/parathyroid-hormone-pth/,/tests/parathyroid-hormone-pth/,15,,,421,yes,yes,
2026-09-28,pth test,phone,selling-test-page,/tests/parathyroid-hormone-pth/,/tests/parathyroid-hormone-pth/,19,16.0,,121,yes,yes,
2026-09-28,pth test,desktop,selling-test-page,/tests/parathyroid-hormone-pth/,/tests/parathyroid-hormone-pth/,19,,,121,yes,yes,
2026-09-28,ptinr full form,desktop,leaving,/tests/prothrombin-time-and-international-normalized-ratio-ptinr/,/tests/prothrombin-time-and-international-normalized-ratio-ptinr/,14,,,25,yes,yes,
2026-09-28,ptt,phone,next-in-line,/tests/partial-thromboplastin-time-ptt-aptt/,/tests/partial-thromboplastin-time-ptt-aptt/,6,101.0,,7510,yes,yes,
2026-09-28,ptt,desktop,next-in-line,/tests/partial-thromboplastin-time-ptt-aptt/,/tests/partial-thromboplastin-time-ptt-aptt/,4,,,7510,yes,yes,
2026-09-28,ptt blood test,phone,next-in-line,/tests/partial-thromboplastin-time-ptt-aptt/,/tests/partial-thromboplastin-time-ptt-aptt/,7,7.0,,4268,yes,yes,
2026-09-28,ptt blood test,desktop,next-in-line,/tests/partial-thromboplastin-time-ptt-aptt/,/tests/partial-thromboplastin-time-ptt-aptt/,9,,,4268,yes,yes,
2026-09-28,ptt test,phone,kept,/tests/partial-thromboplastin-time-ptt-aptt/,/tests/partial-thromboplastin-time-ptt-aptt/,10,10.0,,329,yes,yes,
2026-09-28,ptt test,desktop,kept,/tests/partial-thromboplastin-time-ptt-aptt/,/tests/partial-thromboplastin-time-ptt-aptt/,9,,,329,yes,yes,
2026-09-28,pulmonary function test,phone,category,/pulmonary-testing/,/pulmonary-testing/,7,6.5,,6070,yes,no,
2026-09-28,pulmonary function test,desktop,category,/pulmonary-testing/,/pulmonary-testing/,7,,,6070,yes,no,
2026-09-28,pulmonary test,phone,category,/pulmonary-testing/,/pulmonary-testing/,9,7.5,,828,no,no,
2026-09-28,pulmonary test,desktop,category,/pulmonary-testing/,/pulmonary-testing/,7,,,828,yes,no,
2026-09-28,ra factor test,phone,kept,/tests/rheumatoid-factor-rf/,/tests/rheumatoid-factor-rf/,30,28.0,,23,yes,no,
2026-09-28,ra factor test,desktop,kept,/tests/rheumatoid-factor-rf/,/tests/rheumatoid-factor-rf/,31,,,23,yes,no,
2026-09-28,raspberry allergy test,phone,not-ranking-yet,/tests/raspberry-allergy-test/,/tests/raspberry-allergy-test/,3,3.0,,8,no,no,
2026-09-28,raspberry allergy test,desktop,not-ranking-yet,/tests/raspberry-allergy-test/,/tests/raspberry-allergy-test/,3,,,8,yes,no,
2026-09-28,rbc,phone,next-in-line,/tests/red-blood-cell-count-rbc/,,,101.0,,518,no,no,
2026-09-28,rbc,desktop,next-in-line,/tests/red-blood-cell-count-rbc/,,,,,518,yes,no,
2026-09-28,rdw,phone,next-in-line,/tests/rdw-test/,/tests/rdw-test/,7,9.0,,12800,yes,yes,refresh
2026-09-28,rdw,desktop,next-in-line,/tests/rdw-test/,/tests/rdw-test/,7,,,12800,yes,yes,
2026-09-28,rdw blood test,phone,next-in-line,/tests/rdw-test/,/tests/rdw-test/,22,6.0,,106069,yes,no,
2026-09-28,rdw blood test,desktop,next-in-line,/tests/rdw-test/,/tests/rdw-test/,22,,,106069,yes,no,
2026-09-28,red blood cell count,phone,next-in-line,/tests/red-blood-cell-count-rbc/,/tests/red-blood-cell-count-rbc/,25,24.0,,270,yes,no,
2026-09-28,red blood cell count,desktop,next-in-line,/tests/red-blood-cell-count-rbc/,/tests/red-blood-cell-count-rbc/,25,,,270,yes,no,
2026-09-28,redmond std testing,phone,kept,(city pages),/std-testing/redmond-or/,5,4.0,,380,no,no,
2026-09-28,redmond std testing,desktop,kept,(city pages),/std-testing/auburn-wa/,8,,,380,yes,yes,
2026-09-28,renal function panel,phone,selling-test-page,/tests/renal-panel/,/tests/renal-panel/,5,5.0,,4348,yes,yes,
2026-09-28,renal function panel,desktop,selling-test-page,/tests/renal-panel/,/tests/renal-panel/,4,,,4348,yes,yes,
2026-09-28,renal function panel test,phone,kept,/tests/renal-panel/,/tests/renal-panel/,2,2.0,,309,yes,yes,
2026-09-28,renal function panel test,desktop,kept,/tests/renal-panel/,/tests/renal-panel/,2,,,309,yes,yes,
2026-09-28,renal function test,phone,kept,/tests/renal-panel/,/tests/renal-panel/,7,5.5,,977,yes,yes,
2026-09-28,renal function test,desktop,kept,/tests/renal-panel/,/tests/renal-panel/,8,,,977,yes,yes,
2026-09-28,renal panel,phone,selling-test-page,/tests/renal-panel/,/tests/renal-panel/,3,3.0,,1455,yes,yes,
2026-09-28,renal panel,desktop,selling-test-page,/tests/renal-panel/,/tests/renal-panel/,3,,,1455,yes,yes,
2026-09-28,repeat lipid panel after starting statin,desktop,leaving,/tests/statin-check-up-panel/,/tests/statin-check-up-panel/,2,,,49,yes,yes,
2026-09-28,reticulocyte,phone,next-in-line,/tests/reticulocytes/,/tests/reticulocytes/,17,14.0,,3171,yes,no,refresh
2026-09-28,reticulocyte,desktop,next-in-line,/tests/reticulocytes/,/tests/reticulocytes/,15,,,3171,yes,no,
2026-09-28,reticulocyte count,phone,next-in-line,/tests/reticulocytes/,/tests/reticulocytes/,10,10.0,,9594,yes,yes,refresh
2026-09-28,reticulocyte count,desktop,next-in-line,/tests/reticulocytes/,,,,,9594,yes,yes,
2026-09-28,rf test,phone,selling-test-page,/tests/rheumatoid-factor-rf/,/tests/rheumatoid-factor-rf/,23,23.0,,1018,yes,no,
2026-09-28,rf test,desktop,selling-test-page,/tests/rheumatoid-factor-rf/,,,,,1018,yes,no,
2026-09-28,rf+test,phone,selling-test-page,/tests/rheumatoid-factor-rf/,/tests/rheumatoid-factor-rf/,32,23.0,,0,yes,no,
2026-09-28,rf+test,desktop,selling-test-page,/tests/rheumatoid-factor-rf/,/tests/rheumatoid-factor-rf/,26,,,0,yes,no,
2026-09-28,rheumatoid arthritis diagnosis,phone,category,/rheumatoid-arthritis-testing/,/rheumatoid-arthritis-testing/,37,32.0,,106,yes,no,
2026-09-28,rheumatoid arthritis diagnosis,desktop,category,/rheumatoid-arthritis-testing/,/rheumatoid-arthritis-testing/,29,,,106,yes,no,
2026-09-28,rheumatoid arthritis test,phone,category,/rheumatoid-arthritis-testing/,/rheumatoid-arthritis-testing/,14,101.0,,134,yes,no,
2026-09-28,rheumatoid arthritis test,desktop,category,/rheumatoid-arthritis-testing/,/rheumatoid-arthritis-testing/,27,,,134,yes,no,
2026-09-28,rheumatoid factor,phone,selling-test-page,/tests/rheumatoid-factor-rf/,/tests/rheumatoid-factor-rf/,36,28.5,,51,yes,no,
2026-09-28,rheumatoid factor,desktop,selling-test-page,/tests/rheumatoid-factor-rf/,/tests/rheumatoid-factor-rf/,22,,,51,yes,no,
2026-09-28,rheumatoid factor test,phone,kept,/tests/rheumatoid-factor-rf/,/tests/rheumatoid-factor-rf/,26,25.5,,8,yes,no,
2026-09-28,rheumatoid factor test,desktop,kept,/tests/rheumatoid-factor-rf/,/tests/rheumatoid-factor-rf/,23,,,8,yes,no,
2026-09-28,rpr blood test,phone,std-pages,/std-testing/rpr-test/,/std-testing/rpr-test/,6,7.0,,4404,yes,yes,
2026-09-28,rpr blood test,desktop,std-pages,/std-testing/rpr-test/,/std-testing/rpr-test/,6,,,4404,yes,yes,
2026-09-28,rpr lab,phone,std-pages,/std-testing/rpr-test/,/std-testing/rpr-test/,10,11.0,,347,yes,yes,
2026-09-28,rpr lab,desktop,std-pages,/std-testing/rpr-test/,/std-testing/rpr-test/,10,,,347,yes,no,
2026-09-28,rpr lab test,phone,std-pages,/std-testing/rpr-test/,/std-testing/rpr-test/,22,12.0,,957,yes,no,
2026-09-28,rpr lab test,desktop,std-pages,/std-testing/rpr-test/,/std-testing/rpr-test/,11,,,957,yes,no,
2026-09-28,rpr qualitative,phone,std-pages,/std-testing/rpr-test/,,,51.5,,346,yes,yes,
2026-09-28,rpr qualitative,desktop,std-pages,/std-testing/rpr-test/,/std-testing/rpr-test/,2,,,346,yes,yes,
2026-09-28,rpr quantitative,phone,std-pages,/std-testing/rpr-test/,/std-testing/rpr-test/,1,1.0,,188,yes,yes,
2026-09-28,rpr quantitative,desktop,std-pages,/std-testing/rpr-test/,,,,,188,yes,yes,
2026-09-28,rpr screen,phone,std-pages,/std-testing/rpr-test/,,,101.0,,377,yes,yes,
2026-09-28,rpr screen,desktop,std-pages,/std-testing/rpr-test/,/std-testing/rpr-test/,9,,,377,yes,yes,
2026-09-28,rpr syphilis,phone,std-pages,/std-testing/rpr-test/,/std-testing/rpr-test/,15,24.5,,188,yes,no,
2026-09-28,rpr syphilis,desktop,std-pages,/std-testing/rpr-test/,,,,,188,yes,no,
2026-09-28,rpr test,phone,std-pages,/std-testing/rpr-test/,/tests/syphilis-test/,47,29.0,,5566,yes,yes,other page ranks
2026-09-28,rpr test,desktop,std-pages,/std-testing/rpr-test/,/std-testing/rpr-test/,11,,,5566,yes,yes,
2026-09-28,rpr testing,phone,std-pages,/std-testing/rpr-test/,/std-testing/rpr-test/,9,8.0,,191,yes,yes,
2026-09-28,rpr testing,desktop,std-pages,/std-testing/rpr-test/,/std-testing/rpr-test/,8,,,191,yes,no,
2026-09-28,rpr titer,phone,std-pages,/std-testing/rpr-test/,/std-testing/rpr-test/,7,7.0,,1286,yes,no,
2026-09-28,rpr titer,desktop,std-pages,/std-testing/rpr-test/,/std-testing/rpr-test/,5,,,1286,yes,no,
2026-09-28,rubella antibodies test,phone,kept,/tests/rubella-igg-immunity-test/,/tests/rubella-test/,28,14.0,,93,yes,no,other page ranks
2026-09-28,rubella antibodies test,desktop,kept,/tests/rubella-igg-immunity-test/,/tests/rubella-test/,28,,,93,yes,no,
2026-09-28,rubella blood test,phone,selling-test-page,/tests/rubella-igg-immunity-test/,/tests/rubella-test/,4,4.0,,161,yes,yes,other page ranks
2026-09-28,rubella blood test,desktop,selling-test-page,/tests/rubella-igg-immunity-test/,/tests/rubella-test/,4,,,161,yes,yes,
2026-09-28,rubella test,phone,selling-test-page,/tests/rubella-igg-immunity-test/,/tests/rubella-test/,3,3.0,,189,yes,yes,other page ranks
2026-09-28,rubella test,desktop,selling-test-page,/tests/rubella-igg-immunity-test/,/tests/rubella-test/,3,,,189,yes,no,
2026-09-28,rubella titer,phone,selling-test-page,/tests/rubella-igg-immunity-test/,/tests/rubella-test/,16,14.0,,507,yes,no,other page ranks
2026-09-28,rubella titer,desktop,selling-test-page,/tests/rubella-igg-immunity-test/,/tests/rubella-test/,14,,,507,yes,no,
2026-09-28,rubella titer test,phone,kept,/tests/rubella-igg-immunity-test/,/tests/rubella-test/,17,17.0,,199,yes,no,other page ranks
2026-09-28,rubella titer test,desktop,kept,/tests/rubella-igg-immunity-test/,/tests/rubella-test/,17,,,199,yes,yes,
2026-09-28,salmon allergy test,phone,not-ranking-yet,/tests/salmon-allergy-test/,/tests/salmon-allergy-test/,6,6.0,,5,yes,yes,
2026-09-28,salmon allergy test,desktop,not-ranking-yet,/tests/salmon-allergy-test/,/tests/salmon-allergy-test/,8,,,5,yes,yes,
2026-09-28,semaglutide compound side effects,phone,treatments,/treatments/compounded-semaglutide-side-effects/,,,53.0,,208,no,no,
2026-09-28,semaglutide compound side effects,desktop,treatments,/treatments/compounded-semaglutide-side-effects/,/treatments/compounded-semaglutide-side-effects/,5,,,208,yes,yes,
2026-09-28,semaglutide dosing,phone,treatments,/treatments/compounded-semaglutide-dosage-chart/,,,51.5,,10378,no,no,
2026-09-28,semaglutide dosing,desktop,treatments,/treatments/compounded-semaglutide-dosage-chart/,/treatments/compounded-semaglutide-dosage-chart/,2,,,10378,yes,yes,
2026-09-28,semaglutide dosing chart,phone,treatments,/treatments/compounded-semaglutide-dosage-chart/,,,51.0,,2611,no,no,
2026-09-28,semaglutide dosing chart,desktop,treatments,/treatments/compounded-semaglutide-dosage-chart/,/treatments/compounded-semaglutide-dosage-chart/,1,,,2611,yes,yes,
2026-09-28,semaglutide vs tirzepatide,phone,treatments,/treatments/tirzepatide-vs-semaglutide/,,,52.0,,40820,no,no,
2026-09-28,semaglutide vs tirzepatide,desktop,treatments,/treatments/tirzepatide-vs-semaglutide/,/treatments/tirzepatide-vs-semaglutide/,3,,,40820,yes,yes,
2026-09-28,sermorelin,phone,treatments,/treatments/sermorelin/,/treatments/sermorelin-benefits/,4,4.0,,87771,yes,yes,other page ranks
2026-09-28,sermorelin,desktop,treatments,/treatments/sermorelin/,/treatments/sermorelin-benefits/,4,,,87771,yes,yes,
2026-09-28,sermorelin benefits,phone,treatments,/treatments/sermorelin-benefits/,,,51.5,,5582,no,no,
2026-09-28,sermorelin benefits,desktop,treatments,/treatments/sermorelin-benefits/,/treatments/sermorelin-benefits/,2,,,5582,yes,yes,
2026-09-28,sermorelin injections,phone,treatments,/treatments/sermorelin/,/treatments/sermorelin-benefits/,1,1.0,,1183,yes,yes,other page ranks
2026-09-28,sermorelin injections,desktop,treatments,/treatments/sermorelin/,/treatments/sermorelin-benefits/,1,,,1183,yes,yes,
2026-09-28,sermorelin itchy hands,phone,treatments,/treatments/sermorelin-side-effects/,,,52.5,,11,no,no,
2026-09-28,sermorelin itchy hands,desktop,treatments,/treatments/sermorelin-side-effects/,/treatments/sermorelin-side-effects/,4,,,11,yes,yes,
2026-09-28,sermorelin peptide,phone,treatments,/treatments/sermorelin/,/treatments/sermorelin-benefits/,2,3.0,,38459,yes,yes,other page ranks
2026-09-28,sermorelin peptide,desktop,treatments,/treatments/sermorelin/,/treatments/sermorelin-benefits/,3,,,38459,yes,yes,
2026-09-28,sermorelin side effects,phone,treatments,/treatments/sermorelin-side-effects/,,,52.5,,6375,no,no,
2026-09-28,sermorelin side effects,desktop,treatments,/treatments/sermorelin-side-effects/,/treatments/sermorelin/,4,,,6375,yes,yes,
2026-09-28,sermorelin therapy,phone,treatments,/treatments/sermorelin/,/treatments/sermorelin-benefits/,2,2.0,,1141,yes,yes,other page ranks
2026-09-28,sermorelin therapy,desktop,treatments,/treatments/sermorelin/,/treatments/sermorelin-benefits/,2,,,1141,yes,yes,
2026-09-28,serum pregnancy test fasting required,desktop,leaving,/tests/pregnancy-test-hcg/,/tests/pregnancy-test-hcg/,2,,,106,yes,no,
2026-09-28,sex hormone binding globulin,phone,selling-test-page,/tests/sex-hormone-binding-globulin-shbg/,/tests/sex-hormone-binding-globulin-shbg/,28,27.0,,110,yes,no,
2026-09-28,sex hormone binding globulin,desktop,selling-test-page,/tests/sex-hormone-binding-globulin-shbg/,,,,,110,yes,no,
2026-09-28,sexually transmitted diseases test price,phone,std-pages,/std-test-pricing/,/std-testing/atlanta-ga/,6,6.0,,2005,no,no,other page ranks
2026-09-28,sexually transmitted diseases test price,desktop,std-pages,/std-test-pricing/,/std-testing/atlanta-ga/,15,,,2005,no,no,
2026-09-28,shbg blood test,phone,selling-test-page,/tests/sex-hormone-binding-globulin-shbg/,,,10.0,,1963,yes,yes,refresh
2026-09-28,shbg blood test,desktop,selling-test-page,/tests/sex-hormone-binding-globulin-shbg/,/tests/sex-hormone-binding-globulin-shbg/,8,,,1963,yes,yes,
2026-09-28,shbg test,phone,selling-test-page,/tests/sex-hormone-binding-globulin-shbg/,/tests/sex-hormone-binding-globulin-shbg/,13,10.5,,2201,yes,no,refresh
2026-09-28,shbg test,desktop,selling-test-page,/tests/sex-hormone-binding-globulin-shbg/,/tests/sex-hormone-binding-globulin-shbg/,11,,,2201,yes,no,
2026-09-28,shingles blood test,phone,kept,/tests/chickenpox-and-shingles-tests/,/tests/chickenpox-and-shingles-tests/,7,6.5,,252,yes,yes,
2026-09-28,shingles blood test,desktop,kept,/tests/chickenpox-and-shingles-tests/,/tests/chickenpox-and-shingles-tests/,7,,,252,yes,yes,
2026-09-28,shingles test,phone,kept,/tests/chickenpox-and-shingles-tests/,/tests/chickenpox-and-shingles-tests/,7,7.0,,485,yes,yes,
2026-09-28,shingles test,desktop,kept,/tests/chickenpox-and-shingles-tests/,/tests/chickenpox-and-shingles-tests/,7,,,485,yes,yes,
2026-09-28,shrimp allergy test,phone,not-ranking-yet,/tests/shrimp-allergy-test/,/tests/shrimp-allergy-test/,10,37.0,,13,yes,yes,
2026-09-28,shrimp allergy test,desktop,not-ranking-yet,/tests/shrimp-allergy-test/,/tests/shrimp-allergy-test/,12,,,13,yes,yes,
2026-09-28,sickle cell disease test,phone,selling-test-page,/tests/sickle-cell-disease-test/,/tests/sickle-cell-tests/,10,11.0,,96,yes,yes,other page ranks
2026-09-28,sickle cell disease test,desktop,selling-test-page,/tests/sickle-cell-disease-test/,/tests/sickle-cell-tests/,15,,,96,yes,no,
2026-09-28,sickle cell test,phone,next-in-line,/tests/sickle-cell-tests/,/tests/sickle-cell-tests/,8,9.0,,2511,yes,yes,refresh
2026-09-28,sickle cell test,desktop,next-in-line,/tests/sickle-cell-tests/,/tests/sickle-cell-tests/,8,,,2511,yes,yes,
2026-09-28,sickle cell testing,phone,next-in-line,/tests/sickle-cell-tests/,/tests/sickle-cell-disease-test/,65,39.0,,436,yes,yes,other page ranks
2026-09-28,sickle cell testing,desktop,next-in-line,/tests/sickle-cell-tests/,/tests/sickle-cell-tests/,11,,,436,yes,no,
2026-09-28,sleep apnea diagnosis,phone,category,/sleep-apnea-testing/,/sleep-apnea-testing/,21,21.5,,544,yes,no,
2026-09-28,sleep apnea diagnosis,desktop,category,/sleep-apnea-testing/,/sleep-apnea-testing/,24,,,544,yes,no,
2026-09-28,sleep apnea test,phone,category,/sleep-apnea-testing/,/sleep-apnea-testing/,12,8.0,,14538,yes,no,refresh
2026-09-28,sleep apnea test,desktop,category,/sleep-apnea-testing/,/sleep-apnea-testing/,13,,,14538,yes,no,
2026-09-28,smooth muscle ab screen,phone,next-in-line,/tests/smooth-muscle-antibody-sma-and-f-actin-antibody/,/tests/smooth-muscle-antibody-sma-and-f-actin-antibody/,11,10.0,,107,yes,yes,
2026-09-28,smooth muscle ab screen,desktop,next-in-line,/tests/smooth-muscle-antibody-sma-and-f-actin-antibody/,,,,,107,yes,yes,
2026-09-28,sodium blood test,phone,next-in-line,/tests/sodium/,/tests/sodium/,16,10.5,,3190,yes,yes,refresh
2026-09-28,sodium blood test,desktop,next-in-line,/tests/sodium/,/tests/sodium/,18,,,3190,yes,no,
2026-09-28,standard std panel,phone,std-pages,/std-testing/standard-std-panel/,/std-testing/standard-std-panel/,1,1.0,,213,no,no,
2026-09-28,standard std panel,desktop,std-pages,/std-testing/standard-std-panel/,/std-testing/standard-std-panel/,1,,,213,no,no,
2026-09-28,statin check up panel,phone,kept,/tests/statin-check-up-panel/,/tests/statin-check-up-panel/,1,1.0,,34,no,no,
2026-09-28,statin check up panel,desktop,kept,/tests/statin-check-up-panel/,/tests/statin-check-up-panel/,1,,,34,yes,yes,
2026-09-28,std blood test,phone,std-pages,/std-testing/,/std-testing/san-diego-ca/,12,45.5,,8748,no,no,
2026-09-28,std blood test,desktop,std-pages,/std-testing/,/std-testing/,17,,,8748,no,no,
2026-09-28,std bump on penis,phone,std-pages,/std-testing/,/articles/bumps-on-head-penis/,1,1.0,,21,yes,yes,other page ranks
2026-09-28,std bump on penis,desktop,std-pages,/std-testing/,/articles/bumps-on-head-penis/,1,,,21,yes,yes,
2026-09-28,std check,phone,std-pages,/std-testing/,/std-testing/baltimore-md/,8,12.0,,7122,no,no,refresh
2026-09-28,std check,desktop,std-pages,/std-testing/,/std-testing/baltimore-md/,7,,,7122,no,no,
2026-09-28,std check test,phone,std-pages,/std-testing/,/tests/at-home-std-test/,12,11.5,,2706,no,no,refresh; other page ranks
2026-09-28,std check test,desktop,std-pages,/std-testing/,/tests/at-home-std-test/,13,,,2706,yes,no,
2026-09-28,std clinic,phone,std-pages,(city pages),/std-testing/sarasota-fl/,96,92.0,,2407,yes,no,
2026-09-28,std clinic,desktop,std-pages,(city pages),/std-testing/los-angeles-ca/,16,,,2407,no,no,
2026-09-28,std exam cost,phone,std-pages,/std-test-pricing/,/std-test-pricing/,1,1.0,,2185,yes,no,
2026-09-28,std exam cost,desktop,std-pages,/std-test-pricing/,/std-test-pricing/,1,,,2185,no,no,
2026-09-28,std panel,phone,std-pages,/std-testing/standard-std-panel/,/std-testing/standard-std-panel/,1,1.0,,3372,yes,no,
2026-09-28,std panel,desktop,std-pages,/std-testing/standard-std-panel/,/std-testing/standard-std-panel/,1,,,3372,yes,yes,
2026-09-28,std panel test,phone,std-pages,/std-testing/standard-std-panel/,/std-testing/san-diego-ca/,11,9.0,,1520,no,no,refresh; other page ranks
2026-09-28,std panel test,desktop,std-pages,/std-testing/standard-std-panel/,/std-testing/standard-std-panel/,6,,,1520,yes,yes,
2026-09-28,std screening,phone,std-pages,/std-testing/,/std-testing/north-carolina/,10,8.5,,8083,yes,no,refresh
2026-09-28,std screening,desktop,std-pages,/std-testing/,/std-testing/north-carolina/,6,,,8083,no,no,
2026-09-28,std test,phone,std-pages,/std-testing/,/std-testing/atlanta-ga/,6,7.5,,22872,yes,no,
2026-09-28,std test,desktop,std-pages,/std-testing/,/std-testing/los-angeles-ca/,6,,,22872,no,no,
2026-09-28,std test carson city nevada,phone,std-city,/std-testing/carson-city-nv/,/std-testing/carson-city-nv/,5,5.0,,267,no,no,
2026-09-28,std test carson city nevada,desktop,std-city,/std-testing/carson-city-nv/,/std-testing/carson-city-nv/,2,,,267,no,no,
2026-09-28,std test cost,phone,std-pages,/std-test-pricing/,/std-test-pricing/,2,1.0,,486,no,no,
2026-09-28,std test cost,desktop,std-pages,/std-test-pricing/,/std-test-pricing/,1,,,486,no,no,
2026-09-28,std test cypress california,phone,std-city,/std-testing/cypress-ca/,/std-testing/cypress-ca/,4,4.0,,236,no,no,
2026-09-28,std test cypress california,desktop,std-city,/std-testing/cypress-ca/,/std-testing/cypress-ca/,23,,,236,no,no,
2026-09-28,std test doral florida,phone,std-city,/std-testing/doral-fl/,/std-testing/doral-fl/,4,4.0,,238,no,no,
2026-09-28,std test doral florida,desktop,std-city,/std-testing/doral-fl/,/std-testing/doral-fl/,2,,,238,yes,yes,
2026-09-28,std test euless texas,phone,std-city,/std-testing/euless-tx/,/std-testing/euless-tx/,4,4.0,,200,no,no,
2026-09-28,std test euless texas,desktop,std-city,/std-testing/euless-tx/,/std-testing/euless-tx/,2,,,200,no,no,
2026-09-28,std test for women,phone,std-pages,/std-testing/,/tests/at-home-std-test/,19,14.0,,29,yes,no,other page ranks
2026-09-28,std test for women,desktop,std-pages,/std-testing/,/tests/at-home-std-test/,16,,,29,yes,no,
2026-09-28,std test price,phone,std-pages,/std-test-pricing/,/std-test-pricing/,1,1.0,,6885,yes,no,
2026-09-28,std test price,desktop,std-pages,/std-test-pricing/,/std-test-pricing/,1,,,6885,no,no,
2026-09-28,std test pricing,phone,std-pages,/std-test-pricing/,/std-test-pricing/,2,1.0,,223,no,no,
2026-09-28,std test pricing,desktop,std-pages,/std-test-pricing/,/std-test-pricing/,2,,,223,no,no,
2026-09-28,std testing,phone,std-pages,/std-testing/,/std-testing/,22,14.5,,58070,no,no,refresh
2026-09-28,std testing,desktop,std-pages,/std-testing/,/std-testing/california/,10,,,58070,yes,yes,
2026-09-28,std testing abilene tx,phone,std-city,/std-testing/abilene-tx/,/std-testing/abilene-tx/,5,6.0,,135,no,no,
2026-09-28,std testing abilene tx,desktop,std-city,/std-testing/abilene-tx/,/std-testing/abilene-tx/,5,,,135,no,no,
2026-09-28,std testing addison,phone,std-city,/std-testing/addison-il/,/std-testing/addison-il/,6,7.0,,185,no,no,
2026-09-28,std testing addison,desktop,std-city,/std-testing/addison-il/,/std-testing/addison-il/,7,,,185,no,no,
2026-09-28,std testing akron oh,phone,std-city,/std-testing/akron-oh/,/std-testing/akron-oh/,7,7.0,,247,no,no,
2026-09-28,std testing akron oh,desktop,std-city,/std-testing/akron-oh/,/std-testing/akron-oh/,7,,,247,no,no,
2026-09-28,std testing albany ga,phone,std-city,/std-testing/albany-ga/,/std-testing/albany-ga/,4,4.0,,146,no,no,
2026-09-28,std testing albany ga,desktop,std-city,/std-testing/albany-ga/,/std-testing/albany-ga/,4,,,146,no,no,
2026-09-28,std testing albany ny,phone,std-city,/std-testing/albany-ny/,/std-testing/albany-ny/,3,4.0,,243,yes,no,
2026-09-28,std testing albany ny,desktop,std-city,/std-testing/albany-ny/,/std-testing/albany-ny/,5,,,243,yes,yes,
2026-09-28,std testing albuquerque nm,phone,std-city,/std-testing/albuquerque-nm/,/std-testing/albuquerque-nm/,6,6.0,,236,no,no,
2026-09-28,std testing albuquerque nm,desktop,std-city,/std-testing/albuquerque-nm/,/std-testing/albuquerque-nm/,3,,,236,no,no,
2026-09-28,std testing alexandria la,phone,std-city,/std-testing/alexandria-la/,/std-testing/alexandria-la/,4,4.0,,305,no,no,
2026-09-28,std testing alexandria la,desktop,std-city,/std-testing/alexandria-la/,/std-testing/alexandria-la/,4,,,305,no,no,
2026-09-28,std testing alexandria va,phone,std-city,/std-testing/alexandria-va/,/std-testing/alexandria-va/,3,3.5,,225,yes,no,
2026-09-28,std testing alexandria va,desktop,std-city,/std-testing/alexandria-va/,/std-testing/alexandria-va/,2,,,225,yes,yes,
2026-09-28,std testing allen tx,phone,std-city,/std-testing/allen-tx/,/std-testing/allen-tx/,4,4.0,,155,no,no,
2026-09-28,std testing allen tx,desktop,std-city,/std-testing/allen-tx/,/std-testing/allen-tx/,4,,,155,no,no,
2026-09-28,std testing allentown pa,phone,std-city,/std-testing/allentown-pa/,/std-testing/allentown-pa/,6,6.0,,221,no,no,
2026-09-28,std testing allentown pa,desktop,std-city,/std-testing/allentown-pa/,/std-testing/bethlehem-pa/,22,,,221,no,no,
2026-09-28,std testing alpharetta,phone,std-city,/std-testing/alpharetta-ga/,/std-testing/alpharetta-ga/,3,2.5,,317,yes,yes,
2026-09-28,std testing alpharetta,desktop,std-city,/std-testing/alpharetta-ga/,/std-testing/alpharetta-ga/,2,,,317,yes,yes,
2026-09-28,std testing altamonte springs,phone,std-city,/std-testing/altamonte-springs-fl/,/std-testing/altamonte-springs-fl/,7,7.0,,125,no,no,
2026-09-28,std testing altamonte springs,desktop,std-city,/std-testing/altamonte-springs-fl/,/std-testing/altamonte-springs-fl/,7,,,125,no,no,
2026-09-28,std testing alton il,phone,std-city,/std-testing/alton-il/,/std-testing/alton-il/,5,5.0,,179,no,no,
2026-09-28,std testing alton il,desktop,std-city,/std-testing/alton-il/,/std-testing/alton-il/,5,,,179,no,no,
2026-09-28,std testing amarillo tx,phone,std-city,/std-testing/amarillo-tx/,/std-testing/amarillo-tx/,5,5.0,,107,no,no,
2026-09-28,std testing amarillo tx,desktop,std-city,/std-testing/amarillo-tx/,/std-testing/amarillo-tx/,5,,,107,no,no,
2026-09-28,std testing ames,phone,std-city,/std-testing/ames-ia/,/std-testing/ames-ia/,6,6.0,,233,no,no,
2026-09-28,std testing ames,desktop,std-city,/std-testing/ames-ia/,/std-testing/ames-ia/,6,,,233,no,no,
2026-09-28,std testing ames ia,phone,std-city,/std-testing/ames-ia/,/std-testing/ames-ia/,6,6.0,,277,no,no,
2026-09-28,std testing ames ia,desktop,std-city,/std-testing/ames-ia/,/std-testing/ames-ia/,7,,,277,no,no,
2026-09-28,std testing anaheim ca,phone,std-city,/std-testing/anaheim-ca/,/std-testing/anaheim-ca/,6,5.0,,178,no,no,
2026-09-28,std testing anaheim ca,desktop,std-city,/std-testing/anaheim-ca/,/std-testing/anaheim-ca/,6,,,178,no,no,
2026-09-28,std testing anchorage ak,phone,std-city,/std-testing/anchorage-ak/,/std-testing/anchorage-ak/,5,5.0,,150,no,no,
2026-09-28,std testing anchorage ak,desktop,std-city,/std-testing/anchorage-ak/,/std-testing/anchorage-ak/,4,,,150,no,no,
2026-09-28,std testing anderson sc,phone,std-city,/std-testing/anderson-sc/,/std-testing/anderson-sc/,24,14.0,,149,no,no,
2026-09-28,std testing anderson sc,desktop,std-city,/std-testing/anderson-sc/,/std-testing/anderson-sc/,1,,,149,no,no,
2026-09-28,std testing ann arbor mi,phone,std-city,/std-testing/ann-arbor-mi/,/std-testing/ann-arbor-mi/,4,4.0,,313,no,no,
2026-09-28,std testing ann arbor mi,desktop,std-city,/std-testing/ann-arbor-mi/,/std-testing/ann-arbor-mi/,4,,,313,no,no,
2026-09-28,std testing annandale va,phone,std-city,/std-testing/annandale-va/,/std-testing/annandale-va/,5,5.5,,186,no,no,
2026-09-28,std testing annandale va,desktop,std-city,/std-testing/annandale-va/,/std-testing/annandale-va/,6,,,186,no,no,
2026-09-28,std testing annapolis,phone,std-city,/std-testing/annapolis-md/,/std-testing/annapolis-md/,8,8.0,,288,no,no,
2026-09-28,std testing annapolis,desktop,std-city,/std-testing/annapolis-md/,/std-testing/annapolis-md/,8,,,288,no,no,
2026-09-28,std testing apple valley,phone,std-city,/std-testing/apple-valley-ca/,/std-testing/apple-valley-ca/,7,7.0,,136,yes,no,
2026-09-28,std testing apple valley,desktop,std-city,/std-testing/apple-valley-ca/,/std-testing/apple-valley-ca/,6,,,136,no,no,
2026-09-28,std testing apple valley ca,phone,std-city,/std-testing/apple-valley-ca/,/std-testing/apple-valley-ca/,7,7.0,,97,no,no,
2026-09-28,std testing apple valley ca,desktop,std-city,/std-testing/apple-valley-ca/,/std-testing/apple-valley-ca/,7,,,97,no,no,
2026-09-28,std testing arcadia,phone,std-city,/std-testing/arcadia-ca/,/std-testing/glendora-ca/,4,4.0,,148,no,no,other page ranks
2026-09-28,std testing arcadia,desktop,std-city,/std-testing/arcadia-ca/,/std-testing/arcadia-ca/,4,,,148,no,no,
2026-09-28,std testing arlington heights il,phone,std-city,/std-testing/arlington-heights-il/,/std-testing/arlington-heights-il/,4,4.0,,157,no,no,
2026-09-28,std testing arlington heights il,desktop,std-city,/std-testing/arlington-heights-il/,/std-testing/arlington-heights-il/,4,,,157,no,no,
2026-09-28,std testing arlington tx,phone,std-city,/std-testing/arlington-tx/,/std-testing/arlington-tx/,7,7.0,,287,no,no,
2026-09-28,std testing arlington tx,desktop,std-city,/std-testing/arlington-tx/,/std-testing/arlington-tx/,8,,,287,no,no,
2026-09-28,std testing arlington va,phone,std-city,/std-testing/arlington-va/,/std-testing/arlington-va/,5,5.0,,230,no,no,
2026-09-28,std testing arlington va,desktop,std-city,/std-testing/arlington-va/,/std-testing/arlington-va/,6,,,230,yes,yes,
2026-09-28,std testing asheville nc,phone,std-city,/std-testing/asheville-nc/,/std-testing/asheville-nc/,8,8.0,,249,no,no,
2026-09-28,std testing asheville nc,desktop,std-city,/std-testing/asheville-nc/,/std-testing/asheville-nc/,8,,,249,no,no,
2026-09-28,std testing athens ga,phone,std-city,/std-testing/athens-ga/,/std-testing/athens-ga/,1,2.5,,236,yes,yes,
2026-09-28,std testing athens ga,desktop,std-city,/std-testing/athens-ga/,/std-testing/athens-ga/,1,,,236,yes,yes,
2026-09-28,std testing auburn al,phone,std-city,/std-testing/auburn-al/,/std-testing/auburn-al/,4,4.0,,99,no,no,
2026-09-28,std testing auburn al,desktop,std-city,/std-testing/auburn-al/,/std-testing/auburn-al/,5,,,99,no,no,
2026-09-28,std testing auburn wa,phone,std-city,/std-testing/auburn-wa/,/std-testing/auburn-wa/,3,3.0,,133,yes,no,
2026-09-28,std testing auburn wa,desktop,std-city,/std-testing/auburn-wa/,/std-testing/auburn-wa/,2,,,133,no,no,
2026-09-28,std testing augusta ga,phone,std-city,/std-testing/augusta-ga/,/std-testing/augusta-ga/,4,4.0,,272,no,no,
2026-09-28,std testing augusta ga,desktop,std-city,/std-testing/augusta-ga/,/std-testing/augusta-ga/,4,,,272,no,no,
2026-09-28,std testing aurora co,phone,std-city,/std-testing/aurora-co/,/std-testing/aurora-co/,6,6.0,,278,no,no,
2026-09-28,std testing aurora co,desktop,std-city,/std-testing/aurora-co/,/std-testing/aurora-co/,6,,,278,no,no,
2026-09-28,std testing aurora il,phone,std-city,/std-testing/aurora-il/,/std-testing/aurora-il/,5,5.0,,124,no,no,
2026-09-28,std testing aurora il,desktop,std-city,/std-testing/aurora-il/,/std-testing/aurora-il/,2,,,124,no,no,
2026-09-28,std testing aventura,phone,std-city,/std-testing/aventura-fl/,/std-testing/aventura-fl/,6,3.0,,207,yes,no,
2026-09-28,std testing aventura,desktop,std-city,/std-testing/aventura-fl/,/std-testing/aventura-fl/,5,,,207,no,no,
2026-09-28,std testing avondale az,phone,std-city,/std-testing/avondale-az/,/std-testing/avondale-az/,6,6.0,,238,no,no,
2026-09-28,std testing avondale az,desktop,std-city,/std-testing/avondale-az/,/std-testing/avondale-az/,6,,,238,no,no,
2026-09-28,std testing bakersfield ca,phone,std-city,/std-testing/bakersfield-ca/,/std-testing/bakersfield-ca/,7,7.0,,77,no,no,
2026-09-28,std testing bakersfield ca,desktop,std-city,/std-testing/bakersfield-ca/,/std-testing/bakersfield-ca/,7,,,77,no,no,
2026-09-28,std testing battle creek mi,phone,std-city,/std-testing/battle-creek-mi/,/std-testing/battle-creek-mi/,4,4.0,,159,no,no,
2026-09-28,std testing battle creek mi,desktop,std-city,/std-testing/battle-creek-mi/,/std-testing/battle-creek-mi/,4,,,159,no,no,
2026-09-28,std testing baytown tx,phone,std-city,/std-testing/baytown-tx/,/std-testing/baytown-tx/,6,6.0,,76,no,no,
2026-09-28,std testing baytown tx,desktop,std-city,/std-testing/baytown-tx/,/std-testing/baytown-tx/,6,,,76,no,no,
2026-09-28,std testing beaumont tx,phone,std-city,/std-testing/beaumont-tx/,/std-testing/beaumont-tx/,4,4.5,,152,no,no,
2026-09-28,std testing beaumont tx,desktop,std-city,/std-testing/beaumont-tx/,/std-testing/beaumont-tx/,4,,,152,no,no,
2026-09-28,std testing beavercreek,phone,std-city,/std-testing/beavercreek-oh/,/std-testing/beavercreek-oh/,4,4.0,,156,no,no,
2026-09-28,std testing beavercreek,desktop,std-city,/std-testing/beavercreek-oh/,/std-testing/beavercreek-oh/,1,,,156,no,no,
2026-09-28,std testing beaverton or,phone,std-city,/std-testing/tualatin-or/,/std-testing/beaverton-or/,5,5.0,,291,no,no,
2026-09-28,std testing beaverton or,desktop,std-city,/std-testing/tualatin-or/,/std-testing/beaverton-or/,22,,,291,yes,yes,
2026-09-28,std testing bellevue wa,phone,std-city,/std-testing/bellevue-wa/,/std-testing/bellevue-wa/,5,5.0,,270,no,no,
2026-09-28,std testing bellevue wa,desktop,std-city,/std-testing/bellevue-wa/,/std-testing/bellevue-wa/,5,,,270,no,no,
2026-09-28,std testing bellingham wa,phone,std-city,/std-testing/bellingham-wa/,/std-testing/bellingham-wa/,6,6.0,,135,no,no,
2026-09-28,std testing bellingham wa,desktop,std-city,/std-testing/bellingham-wa/,/std-testing/bellingham-wa/,6,,,135,yes,yes,
2026-09-28,std testing bentonville,phone,std-city,/std-testing/bentonville-ar/,/std-testing/bentonville-ar/,5,5.0,,362,no,no,
2026-09-28,std testing bentonville,desktop,std-city,/std-testing/bentonville-ar/,/std-testing/bentonville-ar/,5,,,362,no,no,
2026-09-28,std testing berkeley ca,phone,std-city,/std-testing/berkeley-ca/,/std-testing/berkeley-ca/,4,4.0,,121,yes,no,
2026-09-28,std testing berkeley ca,desktop,std-city,/std-testing/berkeley-ca/,/std-testing/berkeley-ca/,3,,,121,yes,no,
2026-09-28,std testing berwyn il,phone,std-city,/std-testing/berwyn-il/,/std-testing/berwyn-il/,6,5.5,,203,no,no,
2026-09-28,std testing berwyn il,desktop,std-city,/std-testing/berwyn-il/,/std-testing/berwyn-il/,3,,,203,no,no,
2026-09-28,std testing bethlehem pa,phone,std-city,/std-testing/bethlehem-pa/,/std-testing/bethlehem-pa/,2,4.0,,176,yes,no,
2026-09-28,std testing bethlehem pa,desktop,std-city,/std-testing/bethlehem-pa/,/std-testing/bethlehem-pa/,21,,,176,no,no,
2026-09-28,std testing beverly,phone,std-city,/std-testing/beverly-ma/,/std-testing/beverly-ma/,5,6.0,,259,no,no,
2026-09-28,std testing beverly,desktop,std-city,/std-testing/beverly-ma/,/std-testing/beverly-hills-ca/,5,,,259,no,no,
2026-09-28,std testing billings mt,phone,std-city,/std-testing/billings-mt/,/std-testing/billings-mt/,6,6.0,,90,no,no,
2026-09-28,std testing billings mt,desktop,std-city,/std-testing/billings-mt/,/std-testing/billings-mt/,6,,,90,no,no,
2026-09-28,std testing binghamton ny,phone,std-city,/std-testing/binghamton-ny/,/std-testing/binghamton-ny/,7,7.0,,87,no,no,
2026-09-28,std testing binghamton ny,desktop,std-city,/std-testing/binghamton-ny/,/std-testing/holbrook-ny/,8,,,87,no,no,
2026-09-28,std testing birmingham al,phone,std-city,/std-testing/birmingham-al/,/std-testing/birmingham-al/,9,9.0,,308,no,no,
2026-09-28,std testing birmingham al,desktop,std-city,/std-testing/birmingham-al/,/std-testing/birmingham-al/,9,,,308,yes,no,
2026-09-28,std testing bismarck nd,phone,std-city,/std-testing/bismarck-nd/,/std-testing/bismarck-nd/,5,5.0,,171,no,no,
2026-09-28,std testing bismarck nd,desktop,std-city,/std-testing/bismarck-nd/,/std-testing/bismarck-nd/,6,,,171,no,no,
2026-09-28,std testing blacksburg va,phone,std-city,/std-testing/blacksburg-va/,/std-testing/blacksburg-va/,6,6.0,,161,no,no,
2026-09-28,std testing blacksburg va,desktop,std-city,/std-testing/blacksburg-va/,/std-testing/blacksburg-va/,6,,,161,no,no,
2026-09-28,std testing bloomington il,phone,std-city,/std-testing/bloomington-il/,/std-testing/bloomington-il/,5,5.0,,114,yes,yes,
2026-09-28,std testing bloomington il,desktop,std-city,/std-testing/bloomington-il/,/std-testing/bloomington-il/,2,,,114,no,no,
2026-09-28,std testing bloomsburg pa,phone,std-city,/std-testing/bloomsburg-pa/,/std-testing/bloomsburg-pa/,4,4.0,,108,yes,no,
2026-09-28,std testing bloomsburg pa,desktop,std-city,/std-testing/bloomsburg-pa/,/std-testing/bloomsburg-pa/,3,,,108,no,no,
2026-09-28,std testing blue springs,phone,std-city,/std-testing/blue-springs-mo/,/std-testing/blue-springs-mo/,5,5.0,,228,no,no,
2026-09-28,std testing blue springs,desktop,std-city,/std-testing/blue-springs-mo/,/std-testing/blue-springs-mo/,5,,,228,no,no,
2026-09-28,std testing boca raton fl,phone,std-city,/std-testing/boca-raton-fl/,/std-testing/boca-raton-fl/,4,4.0,,164,no,no,
2026-09-28,std testing boca raton fl,desktop,std-city,/std-testing/boca-raton-fl/,/std-testing/boca-raton-fl/,4,,,164,no,no,
2026-09-28,std testing bolingbrook,phone,std-city,/std-testing/bolingbrook-il/,/std-testing/blue-island-il/,7,7.0,,125,no,no,other page ranks
2026-09-28,std testing bolingbrook,desktop,std-city,/std-testing/bolingbrook-il/,/std-testing/bolingbrook-il/,7,,,125,no,no,
2026-09-28,std testing bossier city,phone,std-city,/std-testing/bossier-city-la/,/std-testing/bossier-city-la/,6,6.0,,170,no,no,
2026-09-28,std testing bossier city,desktop,std-city,/std-testing/bossier-city-la/,/std-testing/bossier-city-la/,5,,,170,no,no,
2026-09-28,std testing bothell wa,phone,std-city,/std-testing/bothell-wa/,/std-testing/bothell-wa/,5,5.0,,356,no,no,
2026-09-28,std testing bothell wa,desktop,std-city,/std-testing/bothell-wa/,/std-testing/bothell-wa/,5,,,356,no,no,
2026-09-28,std testing boulder co,phone,std-city,/std-testing/boulder-co/,/std-testing/boulder-co/,8,8.0,,122,no,no,
2026-09-28,std testing boulder co,desktop,std-city,/std-testing/boulder-co/,/std-testing/boulder-co/,8,,,122,no,no,
2026-09-28,std testing bowie md,phone,std-city,/std-testing/bowie-md/,/std-testing/bowie-md/,4,4.0,,100,no,no,
2026-09-28,std testing bowie md,desktop,std-city,/std-testing/bowie-md/,/std-testing/bowie-md/,4,,,100,no,no,
2026-09-28,std testing bowling green ky,phone,std-city,/std-testing/bowling-green-ky/,/std-testing/bowling-green-ky/,5,5.0,,191,no,no,
2026-09-28,std testing bowling green ky,desktop,std-city,/std-testing/bowling-green-ky/,/std-testing/bowling-green-ky/,5,,,191,no,no,
2026-09-28,std testing boynton beach fl,phone,std-city,/std-testing/boynton-beach-fl/,/std-testing/boynton-beach-fl/,4,4.0,,158,no,no,
2026-09-28,std testing boynton beach fl,desktop,std-city,/std-testing/boynton-beach-fl/,/std-testing/boynton-beach-fl/,4,,,158,no,no,
2026-09-28,std testing bozeman,phone,std-city,/std-testing/bozeman-mt/,/std-testing/bozeman-mt/,7,5.0,,246,no,no,
2026-09-28,std testing bozeman,desktop,std-city,/std-testing/bozeman-mt/,/std-testing/bozeman-mt/,7,,,246,no,no,
2026-09-28,std testing bradenton,phone,std-city,/std-testing/bradenton-fl/,/std-testing/bradenton-fl/,5,6.0,,220,no,no,
2026-09-28,std testing bradenton,desktop,std-city,/std-testing/bradenton-fl/,/std-testing/bradenton-fl/,5,,,220,no,no,
2026-09-28,std testing brandon fl,phone,std-city,/std-testing/brandon-fl/,/std-testing/brandon-fl/,5,5.0,,183,no,no,
2026-09-28,std testing brandon fl,desktop,std-city,/std-testing/brandon-fl/,/std-testing/brandon-fl/,8,,,183,no,no,
2026-09-28,std testing brea ca,phone,std-city,/std-testing/brea-ca/,/std-testing/brea-ca/,5,5.0,,112,no,no,
2026-09-28,std testing brea ca,desktop,std-city,/std-testing/brea-ca/,/std-testing/brea-ca/,5,,,112,no,no,
2026-09-28,std testing bremerton wa,phone,std-city,/std-testing/bremerton-wa/,/std-testing/bremerton-wa/,2,2.0,,106,yes,no,
2026-09-28,std testing bremerton wa,desktop,std-city,/std-testing/bremerton-wa/,/std-testing/parkland-wa/,6,,,106,yes,yes,
2026-09-28,std testing brentwood,phone,std-city,/std-testing/brentwood-ca/,/std-testing/brentwood-ca/,6,6.0,,278,no,no,
2026-09-28,std testing brentwood,desktop,std-city,/std-testing/brentwood-ca/,/std-testing/brentwood-ny/,6,,,278,no,no,
2026-09-28,std testing brentwood tn,phone,std-city,/std-testing/brentwood-tn/,/std-testing/brentwood-tn/,8,8.0,,204,no,no,
2026-09-28,std testing brentwood tn,desktop,std-city,/std-testing/brentwood-tn/,/std-testing/brentwood-tn/,8,,,204,no,no,
2026-09-28,std testing bridgeport ct,phone,std-city,/std-testing/bridgeport-ct/,/std-testing/bridgeport-ct/,5,5.0,,160,no,no,
2026-09-28,std testing bridgeport ct,desktop,std-city,/std-testing/bridgeport-ct/,/std-testing/bridgeport-ct/,2,,,160,no,no,
2026-09-28,std testing bristol,phone,std-city,/std-testing/bristol-ct/,/std-testing/bristol-ct/,5,2.0,,249,no,no,
2026-09-28,std testing bristol,desktop,std-city,/std-testing/bristol-ct/,/std-testing/bristol-ct/,2,,,249,yes,no,
2026-09-28,std testing brockton ma,phone,std-city,/std-testing/brockton-ma/,/std-testing/brockton-ma/,2,2.0,,86,yes,no,
2026-09-28,std testing brockton ma,desktop,std-city,/std-testing/brockton-ma/,/std-testing/brockton-ma/,1,,,86,yes,no,
2026-09-28,std testing broken arrow ok,phone,std-city,/std-testing/broken-arrow-ok/,/std-testing/broken-arrow-ok/,4,4.0,,146,no,no,
2026-09-28,std testing broken arrow ok,desktop,std-city,/std-testing/broken-arrow-ok/,/std-testing/broken-arrow-ok/,4,,,146,no,no,
2026-09-28,std testing bronx ny,phone,std-city,/std-testing/bronx-ny/,/std-testing/bronx-ny/,6,4.0,,204,no,no,
2026-09-28,std testing bronx ny,desktop,std-city,/std-testing/bronx-ny/,/std-testing/bronx-ny/,3,,,204,no,no,
2026-09-28,std testing brookhaven,phone,std-city,/std-testing/brookhaven-ga/,/std-testing/brookhaven-ga/,1,1.0,,216,no,no,
2026-09-28,std testing brookhaven,desktop,std-city,/std-testing/brookhaven-ga/,/std-testing/brookhaven-ga/,1,,,216,yes,no,
2026-09-28,std testing broomfield co,phone,std-city,/std-testing/broomfield-co/,/std-testing/broomfield-co/,6,5.0,,121,no,no,
2026-09-28,std testing broomfield co,desktop,std-city,/std-testing/broomfield-co/,/std-testing/broomfield-co/,6,,,121,no,no,
2026-09-28,std testing bryan tx,phone,std-city,/std-testing/bryan-tx/,/std-testing/bryan-tx/,3,4.0,,140,yes,no,
2026-09-28,std testing bryan tx,desktop,std-city,/std-testing/bryan-tx/,/std-testing/bryan-tx/,2,,,140,no,no,
2026-09-28,std testing buffalo grove,phone,std-city,/std-testing/buffalo-grove-il/,/std-testing/buffalo-grove-il/,7,6.0,,246,no,no,
2026-09-28,std testing buffalo grove,desktop,std-city,/std-testing/buffalo-grove-il/,/std-testing/buffalo-grove-il/,6,,,246,no,no,
2026-09-28,std testing buffalo ny,phone,std-city,/std-testing/buffalo-ny/,/std-testing/buffalo-ny/,7,7.0,,322,no,no,
2026-09-28,std testing buffalo ny,desktop,std-city,/std-testing/buffalo-ny/,/std-testing/buffalo-ny/,7,,,322,no,no,
2026-09-28,std testing bullhead city,phone,std-city,/std-testing/bullhead-city-az/,/std-testing/bullhead-city-az/,2,2.0,,117,yes,yes,
2026-09-28,std testing bullhead city,desktop,std-city,/std-testing/bullhead-city-az/,/std-testing/bullhead-city-az/,2,,,117,no,no,
2026-09-28,std testing burbank ca,phone,std-city,/std-testing/burbank-ca/,/std-testing/burbank-ca/,5,5.0,,137,no,no,
2026-09-28,std testing burbank ca,desktop,std-city,/std-testing/burbank-ca/,/std-testing/burbank-ca/,4,,,137,yes,yes,
2026-09-28,std testing burien wa,phone,std-city,/std-testing/burien-wa/,/std-testing/burien-wa/,5,5.0,,329,no,no,
2026-09-28,std testing burien wa,desktop,std-city,/std-testing/burien-wa/,/std-testing/burien-wa/,5,,,329,no,no,
2026-09-28,std testing burleson,phone,std-city,/std-testing/burleson-tx/,/std-testing/burleson-tx/,8,8.0,,281,no,no,
2026-09-28,std testing burleson,desktop,std-city,/std-testing/burleson-tx/,/std-testing/burleson-tx/,8,,,281,no,no,
2026-09-28,std testing burlington nc,phone,std-city,/std-testing/burlington-nc/,/std-testing/burlington-nc/,4,4.0,,169,no,no,
2026-09-28,std testing burlington nc,desktop,std-city,/std-testing/burlington-nc/,/std-testing/burlington-nc/,23,,,169,no,no,
2026-09-28,std testing burlington vt,phone,std-city,/std-testing/burlington-vt/,/std-testing/vermont/,5,5.0,,92,no,no,other page ranks
2026-09-28,std testing burlington vt,desktop,std-city,/std-testing/burlington-vt/,/std-testing/vermont/,5,,,92,no,no,
2026-09-28,std testing canton oh,phone,std-city,/std-testing/canton-oh/,/std-testing/canton-oh/,6,7.0,,210,no,no,
2026-09-28,std testing canton oh,desktop,std-city,/std-testing/canton-oh/,/std-testing/canton-oh/,6,,,210,no,no,
2026-09-28,std testing cape coral fl,phone,std-city,/std-testing/cape-coral-fl/,/std-testing/cape-coral-fl/,6,6.0,,139,no,no,
2026-09-28,std testing cape coral fl,desktop,std-city,/std-testing/cape-coral-fl/,/std-testing/cape-coral-fl/,25,,,139,yes,no,
2026-09-28,std testing carbondale il,phone,std-city,/std-testing/carbondale-il/,/std-testing/carbondale-il/,5,5.0,,72,no,no,
2026-09-28,std testing carbondale il,desktop,std-city,/std-testing/carbondale-il/,/std-testing/carbondale-il/,5,,,72,no,no,
2026-09-28,std testing carrollton tx,phone,std-city,/std-testing/carrollton-tx/,/std-testing/carrollton-tx/,5,5.0,,84,no,no,
2026-09-28,std testing carrollton tx,desktop,std-city,/std-testing/carrollton-tx/,/std-testing/carrollton-tx/,5,,,84,no,no,
2026-09-28,std testing cary nc,phone,std-city,/std-testing/cary-nc/,/std-testing/cary-nc/,6,6.0,,260,no,no,
2026-09-28,std testing cary nc,desktop,std-city,/std-testing/cary-nc/,/std-testing/cary-nc/,6,,,260,no,no,
2026-09-28,std testing casa grande,phone,std-city,/std-testing/casa-grande-az/,/std-testing/casa-grande-az/,4,4.0,,158,no,no,
2026-09-28,std testing casa grande,desktop,std-city,/std-testing/casa-grande-az/,/std-testing/casa-grande-az/,4,,,158,no,no,
2026-09-28,std testing castle rock,phone,std-city,/std-testing/castle-rock-co/,/std-testing/castle-rock-co/,8,8.0,,167,no,no,
2026-09-28,std testing castle rock,desktop,std-city,/std-testing/castle-rock-co/,/std-testing/castle-rock-co/,8,,,167,no,no,
2026-09-28,std testing cedar hill,phone,std-city,/std-testing/cedar-hill-tx/,/std-testing/cedar-hill-tx/,7,7.0,,213,no,no,
2026-09-28,std testing cedar hill,desktop,std-city,/std-testing/cedar-hill-tx/,/std-testing/cedar-hill-tx/,7,,,213,no,no,
2026-09-28,std testing cedar park tx,phone,std-city,/std-testing/cedar-park-tx/,/std-testing/cedar-park-tx/,7,7.0,,137,no,no,
2026-09-28,std testing cedar park tx,desktop,std-city,/std-testing/cedar-park-tx/,/std-testing/cedar-park-tx/,7,,,137,no,no,
2026-09-28,std testing cedar rapids ia,phone,std-city,/std-testing/cedar-rapids-ia/,/std-testing/cedar-rapids-ia/,5,5.0,,277,no,no,
2026-09-28,std testing cedar rapids ia,desktop,std-city,/std-testing/cedar-rapids-ia/,/std-testing/cedar-rapids-ia/,5,,,277,yes,yes,
2026-09-28,std testing centennial co,phone,std-city,/std-testing/centennial-co/,/std-testing/centennial-co/,4,2.0,,201,no,no,
2026-09-28,std testing centennial co,desktop,std-city,/std-testing/centennial-co/,/std-testing/centennial-co/,1,,,201,yes,yes,
2026-09-28,std testing chambersburg pa,phone,std-city,/std-testing/chambersburg-pa/,/std-testing/chambersburg-pa/,3,3.0,,87,yes,no,
2026-09-28,std testing chambersburg pa,desktop,std-city,/std-testing/chambersburg-pa/,/std-testing/chambersburg-pa/,2,,,87,no,no,
2026-09-28,std testing champaign il,phone,std-city,/std-testing/champaign-il/,/std-testing/champaign-il/,5,5.0,,270,no,no,
2026-09-28,std testing champaign il,desktop,std-city,/std-testing/champaign-il/,/std-testing/champaign-il/,5,,,270,no,no,
2026-09-28,std testing chandler az,phone,std-city,/std-testing/chandler-az/,/std-testing/chandler-az/,4,4.0,,285,no,no,
2026-09-28,std testing chandler az,desktop,std-city,/std-testing/chandler-az/,/std-testing/chandler-az/,4,,,285,no,no,
2026-09-28,std testing chapel hill,phone,std-city,/std-testing/chapel-hill-nc/,/std-testing/chapel-hill-nc/,8,8.0,,162,no,no,
2026-09-28,std testing chapel hill,desktop,std-city,/std-testing/chapel-hill-nc/,/std-testing/chapel-hill-nc/,27,,,162,no,no,
2026-09-28,std testing charleston sc,phone,std-city,/std-testing/charleston-sc/,/std-testing/charleston-sc/,8,8.0,,312,no,no,
2026-09-28,std testing charleston sc,desktop,std-city,/std-testing/charleston-sc/,/std-testing/charleston-sc/,8,,,312,no,no,
2026-09-28,std testing charleston wv,phone,std-city,/std-testing/charleston-wv/,/std-testing/charleston-wv/,5,5.0,,153,no,no,
2026-09-28,std testing charleston wv,desktop,std-city,/std-testing/charleston-wv/,/std-testing/charleston-wv/,5,,,153,no,no,
2026-09-28,std testing charlotte nc,phone,std-city,/std-testing/charlotte-nc/,/std-testing/charlotte-nc/,8,8.0,,420,no,no,
2026-09-28,std testing charlotte nc,desktop,std-city,/std-testing/charlotte-nc/,/std-testing/charlotte-nc/,8,,,420,no,no,
2026-09-28,std testing charlottesville va,phone,std-city,/std-testing/charlottesville-va/,/std-testing/charlottesville-va/,6,6.0,,82,no,no,
2026-09-28,std testing charlottesville va,desktop,std-city,/std-testing/charlottesville-va/,/std-testing/charlottesville-va/,6,,,82,no,no,
2026-09-28,std testing chattanooga tn,phone,std-city,/std-testing/chattanooga-tn/,/std-testing/chattanooga-tn/,4,4.0,,74,no,no,
2026-09-28,std testing chattanooga tn,desktop,std-city,/std-testing/chattanooga-tn/,/std-testing/chattanooga-tn/,4,,,74,no,no,
2026-09-28,std testing chesapeake va,phone,std-city,/std-testing/chesapeake-va/,/std-testing/chesapeake-va/,5,5.0,,266,no,no,
2026-09-28,std testing chesapeake va,desktop,std-city,/std-testing/chesapeake-va/,/std-testing/chesapeake-va/,4,,,266,yes,yes,
2026-09-28,std testing chesterfield,phone,std-city,/std-testing/chesterfield-mo/,/std-testing/chesterfield-mo/,6,6.0,,273,no,no,
2026-09-28,std testing chesterfield,desktop,std-city,/std-testing/chesterfield-mo/,/std-testing/chesterfield-mo/,3,,,273,yes,no,
2026-09-28,std testing cheyenne wy,phone,std-city,/std-testing/cheyenne-wy/,/std-testing/cheyenne-wy/,5,5.0,,224,no,no,
2026-09-28,std testing cheyenne wy,desktop,std-city,/std-testing/cheyenne-wy/,/std-testing/cheyenne-wy/,5,,,224,no,no,
2026-09-28,std testing chino ca,phone,std-city,/std-testing/chino-hills-ca/,/std-testing/chino-hills-ca/,5,5.0,,126,no,no,
2026-09-28,std testing chino ca,desktop,std-city,/std-testing/chino-hills-ca/,/std-testing/chino-hills-ca/,5,,,126,no,no,
2026-09-28,std testing cicero il,phone,std-city,/std-testing/cicero-il/,/std-testing/cicero-il/,5,5.0,,144,no,no,
2026-09-28,std testing cicero il,desktop,std-city,/std-testing/cicero-il/,/std-testing/cicero-il/,5,,,144,no,no,
2026-09-28,std testing clarksburg md,phone,std-city,/std-testing/clarksburg-md/,/std-testing/clarksburg-md/,4,4.0,,391,no,no,
2026-09-28,std testing clarksburg md,desktop,std-city,/std-testing/clarksburg-md/,/std-testing/clarksburg-md/,4,,,391,no,no,
2026-09-28,std testing clarksville tn,phone,std-city,/std-testing/clarksville-tn/,/std-testing/clarksville-tn/,4,4.0,,184,no,no,
2026-09-28,std testing clarksville tn,desktop,std-city,/std-testing/clarksville-tn/,/std-testing/clarksville-tn/,4,,,184,no,no,
2026-09-28,std testing clearwater fl,phone,std-city,/std-testing/clearwater-fl/,/std-testing/clearwater-fl/,7,7.0,,200,no,no,
2026-09-28,std testing clearwater fl,desktop,std-city,/std-testing/clearwater-fl/,/std-testing/clearwater-fl/,7,,,200,no,no,
2026-09-28,std testing cleveland oh,phone,std-city,/std-testing/cleveland-oh/,/std-testing/north-ridgeville-oh/,6,5.0,,317,no,no,other page ranks
2026-09-28,std testing cleveland oh,desktop,std-city,/std-testing/cleveland-oh/,/std-testing/cleveland-oh/,5,,,317,no,no,
2026-09-28,std testing clifton nj,phone,std-city,/std-testing/clifton-nj/,/std-testing/clifton-nj/,5,5.0,,65,no,no,
2026-09-28,std testing clifton nj,desktop,std-city,/std-testing/clifton-nj/,/std-testing/clifton-nj/,5,,,65,no,no,
2026-09-28,std testing coeur d alene id,phone,std-city,/std-testing/coeur-d-alene-id/,/std-testing/coeur-d-alene-id/,4,4.0,,87,no,no,
2026-09-28,std testing coeur d alene id,desktop,std-city,/std-testing/coeur-d-alene-id/,/std-testing/coeur-d-alene-id/,4,,,87,no,no,
2026-09-28,std testing colorado springs co,phone,std-city,/std-testing/colorado-springs-co/,/std-testing/colorado-springs-co/,5,5.0,,179,no,no,
2026-09-28,std testing colorado springs co,desktop,std-city,/std-testing/colorado-springs-co/,/std-testing/colorado-springs-co/,5,,,179,no,no,
2026-09-28,std testing columbia md,phone,std-city,/std-testing/columbia-md/,/std-testing/columbia-md/,7,4.0,,171,no,no,
2026-09-28,std testing columbia md,desktop,std-city,/std-testing/columbia-md/,/std-testing/clarksburg-md/,10,,,171,no,no,
2026-09-28,std testing columbia mo,phone,std-city,/std-testing/columbia-mo/,/std-testing/columbia-mo/,6,6.0,,215,no,no,
2026-09-28,std testing columbia mo,desktop,std-city,/std-testing/columbia-mo/,/std-testing/columbia-mo/,6,,,215,no,no,
2026-09-28,std testing columbia sc,phone,std-city,/std-testing/columbia-sc/,/std-testing/columbia-sc/,8,8.0,,396,no,no,
2026-09-28,std testing columbia sc,desktop,std-city,/std-testing/columbia-sc/,/std-testing/columbia-sc/,8,,,396,no,no,
2026-09-28,std testing columbus ga,phone,std-city,/std-testing/columbus-ga/,/std-testing/columbus-ga/,5,5.0,,171,no,no,
2026-09-28,std testing columbus ga,desktop,std-city,/std-testing/columbus-ga/,/std-testing/columbus-ga/,4,,,171,no,no,
2026-09-28,std testing concord ca,phone,std-city,/std-testing/concord-ca/,/std-testing/concord-ca/,6,4.0,,179,no,no,
2026-09-28,std testing concord ca,desktop,std-city,/std-testing/concord-ca/,/std-testing/concord-ca/,6,,,179,no,no,
2026-09-28,std testing concord nc,phone,std-city,/std-testing/concord-nc/,/std-testing/concord-nc/,5,5.0,,172,yes,yes,
2026-09-28,std testing concord nc,desktop,std-city,/std-testing/concord-nc/,/std-testing/concord-nc/,5,,,172,no,no,
2026-09-28,std testing conroe tx,phone,std-city,/std-testing/conroe-tx/,/std-testing/conroe-tx/,4,4.0,,196,no,no,
2026-09-28,std testing conroe tx,desktop,std-city,/std-testing/conroe-tx/,/std-testing/woodlands-tx/,19,,,196,no,no,
2026-09-28,std testing conway ar,phone,std-city,/std-testing/conway-ar/,/std-testing/conway-ar/,4,4.0,,153,no,no,
2026-09-28,std testing conway ar,desktop,std-city,/std-testing/conway-ar/,/std-testing/conway-ar/,4,,,153,no,no,
2026-09-28,std testing coppell,phone,std-city,/std-testing/coppell-tx/,/std-testing/coppell-tx/,1,1.0,,191,no,no,
2026-09-28,std testing coppell,desktop,std-city,/std-testing/coppell-tx/,/std-testing/coppell-tx/,1,,,191,no,no,
2026-09-28,std testing coral gables,phone,std-city,/std-testing/coral-gables-fl/,/std-testing/coral-gables-fl/,3,2.0,,360,no,no,
2026-09-28,std testing coral gables,desktop,std-city,/std-testing/coral-gables-fl/,/std-testing/coral-gables-fl/,4,,,360,no,no,
2026-09-28,std testing coral springs fl,phone,std-city,/std-testing/coral-springs-fl/,/std-testing/coral-springs-fl/,5,4.0,,142,no,no,
2026-09-28,std testing coral springs fl,desktop,std-city,/std-testing/coral-springs-fl/,/std-testing/coral-springs-fl/,4,,,142,no,no,
2026-09-28,std testing corvallis or,phone,std-city,/std-testing/corvallis-or/,/std-testing/corvallis-or/,4,6.0,,124,no,no,
2026-09-28,std testing corvallis or,desktop,std-city,/std-testing/corvallis-or/,/std-testing/corvallis-or/,6,,,124,yes,yes,
2026-09-28,std testing cost,phone,std-pages,/std-test-pricing/,/std-test-pricing/,1,1.0,,539,no,no,
2026-09-28,std testing cost,desktop,std-pages,/std-test-pricing/,/std-test-pricing/,1,,,539,no,no,
2026-09-28,std testing costa mesa ca,phone,std-city,/std-testing/costa-mesa-ca/,/std-testing/costa-mesa-ca/,21,2.0,,188,no,no,
2026-09-28,std testing costa mesa ca,desktop,std-city,/std-testing/costa-mesa-ca/,/std-testing/costa-mesa-ca/,21,,,188,no,no,
2026-09-28,std testing covington,phone,std-city,/std-testing/covington-la/,/std-testing/covington-la/,5,5.0,,411,no,no,
2026-09-28,std testing covington,desktop,std-city,/std-testing/covington-la/,/std-testing/covington-la/,5,,,411,no,no,
2026-09-28,std testing covington la,phone,std-city,/std-testing/covington-la/,/std-testing/covington-la/,5,5.0,,209,no,no,
2026-09-28,std testing covington la,desktop,std-city,/std-testing/covington-la/,/std-testing/covington-la/,5,,,209,no,no,
2026-09-28,std testing covington wa,phone,std-city,/std-testing/covington-wa/,/std-testing/covington-wa/,4,4.0,,293,no,no,
2026-09-28,std testing covington wa,desktop,std-city,/std-testing/covington-wa/,/std-testing/covington-wa/,4,,,293,no,no,
2026-09-28,std testing crystal lake,phone,std-city,/std-testing/crystal-lake-il/,/std-testing/crystal-lake-il/,3,3.0,,200,no,no,
2026-09-28,std testing crystal lake,desktop,std-city,/std-testing/crystal-lake-il/,/std-testing/crystal-lake-il/,2,,,200,no,no,
2026-09-28,std testing culver city,phone,std-city,/std-testing/culver-city-ca/,/std-testing/culver-city-ca/,5,5.0,,165,no,no,
2026-09-28,std testing culver city,desktop,std-city,/std-testing/culver-city-ca/,/std-testing/culver-city-ca/,21,,,165,no,no,
2026-09-28,std testing cypress ca,phone,std-city,/std-testing/cypress-ca/,/std-testing/cypress-ca/,4,4.0,,177,no,no,
2026-09-28,std testing cypress ca,desktop,std-city,/std-testing/cypress-ca/,/std-testing/cypress-ca/,4,,,177,no,no,
2026-09-28,std testing danbury ct,phone,std-city,/std-testing/danbury-ct/,/std-testing/danbury-ct/,6,6.0,,61,no,no,
2026-09-28,std testing danbury ct,desktop,std-city,/std-testing/danbury-ct/,/std-testing/danbury-ct/,6,,,61,no,no,
2026-09-28,std testing danville ca,phone,std-city,/std-testing/danville-ca/,/std-testing/danville-ca/,4,4.0,,306,no,no,
2026-09-28,std testing danville ca,desktop,std-city,/std-testing/danville-ca/,/std-testing/danville-ca/,23,,,306,no,no,
2026-09-28,std testing danville va,phone,std-city,/std-testing/danville-va/,/std-testing/danville-va/,4,2.5,,108,no,no,
2026-09-28,std testing danville va,desktop,std-city,/std-testing/danville-va/,/std-testing/mclean-va/,7,,,108,no,no,
2026-09-28,std testing davenport ia,phone,std-city,/std-testing/davenport-ia/,/std-testing/davenport-ia/,24,12.5,,268,no,no,
2026-09-28,std testing davenport ia,desktop,std-city,/std-testing/davenport-ia/,/std-testing/davenport-ia/,2,,,268,no,no,
2026-09-28,std testing davie fl,phone,std-city,/std-testing/davie-fl/,/std-testing/davie-fl/,4,4.0,,94,no,no,
2026-09-28,std testing davie fl,desktop,std-city,/std-testing/davie-fl/,/std-testing/davie-fl/,4,,,94,no,no,
2026-09-28,std testing davis ca,phone,std-city,/std-testing/davis-ca/,/std-testing/davis-ca/,3,3.0,,106,yes,no,
2026-09-28,std testing davis ca,desktop,std-city,/std-testing/davis-ca/,/std-testing/davis-ca/,2,,,106,no,no,
2026-09-28,std testing dayton oh,phone,std-city,/std-testing/dayton-oh/,/std-testing/dayton-oh/,6,6.0,,245,no,no,
2026-09-28,std testing dayton oh,desktop,std-city,/std-testing/dayton-oh/,/std-testing/dayton-oh/,6,,,245,no,no,
2026-09-28,std testing daytona beach fl,phone,std-city,/std-testing/daytona-beach-fl/,/std-testing/daytona-beach-fl/,6,6.0,,158,no,no,
2026-09-28,std testing daytona beach fl,desktop,std-city,/std-testing/daytona-beach-fl/,/std-testing/daytona-beach-fl/,6,,,158,no,no,
2026-09-28,std testing dearborn mi,phone,std-city,/std-testing/dearborn-mi/,/std-testing/dearborn-mi/,4,4.0,,194,no,no,
2026-09-28,std testing dearborn mi,desktop,std-city,/std-testing/dearborn-mi/,/std-testing/dearborn-mi/,4,,,194,no,no,
2026-09-28,std testing decatur ga,phone,std-city,/std-testing/decatur-ga/,/std-testing/decatur-ga/,7,7.0,,186,no,no,
2026-09-28,std testing decatur ga,desktop,std-city,/std-testing/decatur-ga/,/std-testing/decatur-ga/,7,,,186,no,no,
2026-09-28,std testing deerfield beach fl,phone,std-city,/std-testing/deerfield-beach-fl/,/std-testing/deerfield-beach-fl/,4,4.0,,288,no,no,
2026-09-28,std testing deerfield beach fl,desktop,std-city,/std-testing/deerfield-beach-fl/,/std-testing/deerfield-beach-fl/,4,,,288,no,no,
2026-09-28,std testing dekalb il,phone,std-city,/std-testing/east-moline-il/,/std-testing/dekalb-il/,8,5.0,,124,no,no,
2026-09-28,std testing dekalb il,desktop,std-city,/std-testing/east-moline-il/,/std-testing/dekalb-il/,7,,,124,no,no,
2026-09-28,std testing delray beach,phone,std-city,/std-testing/delray-beach-fl/,/std-testing/delray-beach-fl/,4,4.0,,334,no,no,
2026-09-28,std testing delray beach,desktop,std-city,/std-testing/delray-beach-fl/,/std-testing/delray-beach-fl/,5,,,334,no,no,
2026-09-28,std testing delray beach fl,phone,std-city,/std-testing/delray-beach-fl/,/std-testing/delray-beach-fl/,4,4.0,,260,no,no,
2026-09-28,std testing delray beach fl,desktop,std-city,/std-testing/delray-beach-fl/,/std-testing/delray-beach-fl/,4,,,260,no,no,
2026-09-28,std testing denton tx,phone,std-city,/std-testing/denton-tx/,/std-testing/denton-tx/,8,7.0,,122,no,no,
2026-09-28,std testing denton tx,desktop,std-city,/std-testing/denton-tx/,/std-testing/denton-tx/,7,,,122,yes,yes,
2026-09-28,std testing des plaines,phone,std-city,/std-testing/des-plaines-il/,/std-testing/des-plaines-il/,4,4.0,,213,no,no,
2026-09-28,std testing des plaines,desktop,std-city,/std-testing/des-plaines-il/,/std-testing/des-plaines-il/,3,,,213,yes,yes,
2026-09-28,std testing desoto tx,phone,std-city,/std-testing/desoto-tx/,/std-testing/desoto-tx/,5,5.0,,111,no,no,
2026-09-28,std testing desoto tx,desktop,std-city,/std-testing/desoto-tx/,/std-testing/desoto-tx/,5,,,111,no,no,
2026-09-28,std testing diamond bar,phone,std-city,/std-testing/diamond-bar-ca/,/std-testing/diamond-bar-ca/,3,3.0,,169,no,no,
2026-09-28,std testing diamond bar,desktop,std-city,/std-testing/diamond-bar-ca/,/std-testing/diamond-bar-ca/,4,,,169,no,no,
2026-09-28,std testing dover de,phone,std-city,/std-testing/dover-de/,/std-testing/dover-de/,5,5.5,,156,no,no,
2026-09-28,std testing dover de,desktop,std-city,/std-testing/dover-de/,/std-testing/dover-de/,5,,,156,no,no,
2026-09-28,std testing draper,phone,std-city,/std-testing/draper-ut/,/std-testing/draper-ut/,1,2.5,,395,no,no,
2026-09-28,std testing draper,desktop,std-city,/std-testing/draper-ut/,/std-testing/draper-ut/,5,,,395,no,no,
2026-09-28,std testing dubuque,phone,std-city,/std-testing/dubuque-ia/,/std-testing/dubuque-ia/,4,4.0,,229,no,no,
2026-09-28,std testing dubuque,desktop,std-city,/std-testing/dubuque-ia/,/std-testing/dubuque-ia/,4,,,229,no,no,
2026-09-28,std testing duluth mn,phone,std-city,/std-testing/duluth-mn/,/std-testing/duluth-mn/,5,5.0,,124,no,no,
2026-09-28,std testing duluth mn,desktop,std-city,/std-testing/duluth-mn/,/std-testing/duluth-mn/,3,,,124,no,no,
2026-09-28,std testing dunedin fl,phone,std-city,/std-testing/dunedin-fl/,/std-testing/dunedin-fl/,5,5.0,,87,no,no,
2026-09-28,std testing dunedin fl,desktop,std-city,/std-testing/dunedin-fl/,/std-testing/dunedin-fl/,5,,,87,no,no,
2026-09-28,std testing durango co,phone,std-city,/std-testing/durango-co/,/std-testing/durango-co/,4,4.0,,85,no,no,
2026-09-28,std testing durango co,desktop,std-city,/std-testing/durango-co/,/std-testing/durango-co/,5,,,85,no,no,
2026-09-28,std testing durham nc,phone,std-city,/std-testing/durham-nc/,/std-testing/durham-nc/,7,7.0,,252,no,no,
2026-09-28,std testing durham nc,desktop,std-city,/std-testing/durham-nc/,/std-testing/durham-nc/,7,,,252,no,no,
2026-09-28,std testing east lansing,phone,std-city,/std-testing/lansing-mi/,/std-testing/lansing-mi/,4,4.0,,242,no,no,
2026-09-28,std testing east lansing,desktop,std-city,/std-testing/lansing-mi/,/std-testing/burton-mi/,7,,,242,no,no,
2026-09-28,std testing eau claire wi,phone,std-city,/std-testing/eau-claire-wi/,/std-testing/eau-claire-wi/,5,5.0,,69,no,no,
2026-09-28,std testing eau claire wi,desktop,std-city,/std-testing/eau-claire-wi/,/std-testing/eau-claire-wi/,5,,,69,no,no,
2026-09-28,std testing edina,phone,std-city,/std-testing/edina-mn/,/std-testing/lakeville-mn/,4,4.0,,253,no,no,other page ranks
2026-09-28,std testing edina,desktop,std-city,/std-testing/edina-mn/,/std-testing/edina-mn/,5,,,253,no,no,
2026-09-28,std testing edinburg tx,phone,std-city,/std-testing/edinburg-tx/,/std-testing/edinburg-tx/,4,2.0,,153,no,no,
2026-09-28,std testing edinburg tx,desktop,std-city,/std-testing/edinburg-tx/,/std-testing/edinburg-tx/,1,,,153,yes,yes,
2026-09-28,std testing edmond ok,phone,std-city,/std-testing/edmond-ok/,/std-testing/ponca-city-ok/,10,7.5,,164,no,no,other page ranks
2026-09-28,std testing edmond ok,desktop,std-city,/std-testing/edmond-ok/,/std-testing/edmond-ok/,5,,,164,no,no,
2026-09-28,std testing edwardsville il,phone,std-city,/std-testing/edwardsville-il/,/std-testing/edwardsville-il/,4,4.0,,121,no,no,
2026-09-28,std testing edwardsville il,desktop,std-city,/std-testing/edwardsville-il/,/std-testing/edwardsville-il/,4,,,121,no,no,
2026-09-28,std testing el centro ca,phone,std-city,/std-testing/el-centro-ca/,/std-testing/el-centro-ca/,5,3.0,,73,no,no,
2026-09-28,std testing el centro ca,desktop,std-city,/std-testing/el-centro-ca/,/std-testing/el-centro-ca/,2,,,73,no,no,
2026-09-28,std testing el paso tx,phone,std-city,/std-testing/el-paso-tx/,/std-testing/el-paso-tx/,6,6.0,,104,no,no,
2026-09-28,std testing el paso tx,desktop,std-city,/std-testing/el-paso-tx/,/std-testing/el-paso-tx/,6,,,104,no,no,
2026-09-28,std testing elgin il,phone,std-city,/std-testing/elgin-il/,/std-testing/elgin-il/,4,4.0,,177,no,no,
2026-09-28,std testing elgin il,desktop,std-city,/std-testing/elgin-il/,/std-testing/elgin-il/,4,,,177,no,no,
2026-09-28,std testing elizabeth nj,phone,std-city,/std-testing/elizabeth-nj/,/std-testing/elizabeth-nj/,8,8.0,,169,no,no,
2026-09-28,std testing elizabeth nj,desktop,std-city,/std-testing/elizabeth-nj/,/std-testing/elizabeth-nj/,7,,,169,no,no,
2026-09-28,std testing elizabethtown ky,phone,std-city,/std-testing/elizabethtown-ky/,/std-testing/elizabethtown-ky/,4,4.0,,176,no,no,
2026-09-28,std testing elizabethtown ky,desktop,std-city,/std-testing/elizabethtown-ky/,/std-testing/elizabethtown-ky/,4,,,176,no,no,
2026-09-28,std testing elmhurst,phone,std-city,/std-testing/elmhurst-il/,/std-testing/elmhurst-il/,4,4.0,,146,no,no,
2026-09-28,std testing elmhurst,desktop,std-city,/std-testing/elmhurst-il/,/std-testing/elmhurst-il/,4,,,146,yes,no,
2026-09-28,std testing englewood co,phone,std-city,/std-testing/lakewood-co/,/std-testing/lakewood-co/,26,12.0,,283,no,no,
2026-09-28,std testing englewood co,desktop,std-city,/std-testing/lakewood-co/,/std-testing/lakewood-co/,12,,,283,no,no,
2026-09-28,std testing enid,phone,std-city,/std-testing/enid-ok/,/std-testing/ponca-city-ok/,8,8.0,,157,no,no,other page ranks
2026-09-28,std testing enid,desktop,std-city,/std-testing/enid-ok/,/std-testing/enid-ok/,5,,,157,no,no,
2026-09-28,std testing eugene or,phone,std-city,/std-testing/eugene-or/,/std-testing/eugene-or/,5,5.0,,194,no,no,
2026-09-28,std testing eugene or,desktop,std-city,/std-testing/eugene-or/,/std-testing/eugene-or/,5,,,194,no,no,
2026-09-28,std testing evanston il,phone,std-city,/std-testing/evanston-il/,/std-testing/evanston-il/,5,5.0,,167,no,no,
2026-09-28,std testing evanston il,desktop,std-city,/std-testing/evanston-il/,/std-testing/evanston-il/,5,,,167,no,no,
2026-09-28,std testing everett wa,phone,std-city,/std-testing/everett-wa/,/std-testing/everett-wa/,7,7.0,,83,no,no,
2026-09-28,std testing everett wa,desktop,std-city,/std-testing/everett-wa/,/std-testing/everett-wa/,7,,,83,no,no,
2026-09-28,std testing fairbanks ak,phone,std-city,/std-testing/fairbanks-ak/,/std-testing/fairbanks-ak/,5,5.0,,158,no,no,
2026-09-28,std testing fairbanks ak,desktop,std-city,/std-testing/fairbanks-ak/,/std-testing/fairbanks-ak/,5,,,158,no,no,
2026-09-28,std testing fairfield ca,phone,std-city,/std-testing/fairfield-ca/,/std-testing/fairfield-ca/,4,4.0,,65,yes,no,
2026-09-28,std testing fairfield ca,desktop,std-city,/std-testing/fairfield-ca/,/std-testing/fairfield-ca/,4,,,65,no,no,
2026-09-28,std testing fall river ma,phone,std-city,/std-testing/fall-river-ma/,/std-testing/fall-river-ma/,5,5.0,,155,no,no,
2026-09-28,std testing fall river ma,desktop,std-city,/std-testing/fall-river-ma/,/std-testing/fall-river-ma/,5,,,155,no,no,
2026-09-28,std testing falls church va,phone,std-city,/std-testing/falls-church-va/,/std-testing/falls-church-va/,4,4.0,,224,yes,no,
2026-09-28,std testing falls church va,desktop,std-city,/std-testing/falls-church-va/,/std-testing/falls-church-va/,3,,,224,yes,no,
2026-09-28,std testing farmington hills mi,phone,std-city,/std-testing/farmington-hills-mi/,/std-testing/farmington-hills-mi/,4,4.0,,173,no,no,
2026-09-28,std testing farmington hills mi,desktop,std-city,/std-testing/farmington-hills-mi/,/std-testing/farmington-hills-mi/,4,,,173,no,no,
2026-09-28,std testing farmington nm,phone,std-city,/std-testing/farmington-nm/,/std-testing/farmington-nm/,5,5.0,,112,no,no,
2026-09-28,std testing farmington nm,desktop,std-city,/std-testing/farmington-nm/,/std-testing/farmington-nm/,2,,,112,no,no,
2026-09-28,std testing fayetteville ar,phone,std-city,/std-testing/fayetteville-ar/,/std-testing/fayetteville-ar/,5,6.0,,195,no,no,
2026-09-28,std testing fayetteville ar,desktop,std-city,/std-testing/fayetteville-ar/,/std-testing/fayetteville-ar/,5,,,195,yes,no,
2026-09-28,std testing fayetteville nc,phone,std-city,/std-testing/fayetteville-nc/,/std-testing/fayetteville-nc/,26,7.0,,205,no,no,
2026-09-28,std testing fayetteville nc,desktop,std-city,/std-testing/fayetteville-nc/,/std-testing/fayetteville-nc/,7,,,205,no,no,
2026-09-28,std testing federal way wa,phone,std-city,/std-testing/federal-way-wa/,/std-testing/federal-way-wa/,6,6.0,,151,no,no,
2026-09-28,std testing federal way wa,desktop,std-city,/std-testing/federal-way-wa/,/std-testing/federal-way-wa/,6,,,151,no,no,
2026-09-28,std testing findlay oh,phone,std-city,/std-testing/findlay-oh/,/std-testing/findlay-oh/,5,5.0,,138,no,no,
2026-09-28,std testing findlay oh,desktop,std-city,/std-testing/findlay-oh/,/std-testing/findlay-oh/,5,,,138,no,no,
2026-09-28,std testing flagstaff az,phone,std-city,/std-testing/flagstaff-az/,/std-testing/flagstaff-az/,5,5.0,,119,no,no,
2026-09-28,std testing flagstaff az,desktop,std-city,/std-testing/flagstaff-az/,/std-testing/flagstaff-az/,5,,,119,no,no,
2026-09-28,std testing flint mi,phone,std-city,/std-testing/flint-mi/,/std-testing/flint-mi/,6,6.0,,137,no,no,
2026-09-28,std testing flint mi,desktop,std-city,/std-testing/flint-mi/,/std-testing/okemos-mi/,6,,,137,no,no,
2026-09-28,std testing florence sc,phone,std-city,/std-testing/florence-sc/,/std-testing/florence-sc/,5,5.0,,222,no,no,
2026-09-28,std testing florence sc,desktop,std-city,/std-testing/florence-sc/,/std-testing/florence-sc/,5,,,222,no,no,
2026-09-28,std testing florissant,phone,std-city,/std-testing/florissant-mo/,/std-testing/florissant-mo/,4,4.0,,298,no,no,
2026-09-28,std testing florissant,desktop,std-city,/std-testing/florissant-mo/,/std-testing/florissant-mo/,4,,,298,no,no,
2026-09-28,std testing flower mound tx,phone,std-city,/std-testing/flower-mound-tx/,/std-testing/flower-mound-tx/,4,4.0,,75,no,no,
2026-09-28,std testing flower mound tx,desktop,std-city,/std-testing/flower-mound-tx/,/std-testing/flower-mound-tx/,4,,,75,no,no,
2026-09-28,std testing folsom ca,phone,std-city,/std-testing/folsom-ca/,/std-testing/folsom-ca/,4,4.0,,159,no,no,
2026-09-28,std testing folsom ca,desktop,std-city,/std-testing/folsom-ca/,/std-testing/folsom-ca/,4,,,159,no,no,
2026-09-28,std testing fontana ca,phone,std-city,/std-testing/fontana-ca/,/std-testing/fontana-ca/,6,6.0,,325,no,no,
2026-09-28,std testing fontana ca,desktop,std-city,/std-testing/fontana-ca/,/std-testing/fontana-ca/,6,,,325,no,no,
2026-09-28,std testing for men,phone,std-pages,/std-testing/,/std-testing/,8,8.5,,225,no,no,
2026-09-28,std testing for men,desktop,std-pages,/std-testing/,/std-testing/,8,,,225,no,no,
2026-09-28,std testing fort collins co,phone,std-city,/std-testing/fort-collins-co/,/std-testing/fort-collins-co/,8,8.0,,164,no,no,
2026-09-28,std testing fort collins co,desktop,std-city,/std-testing/fort-collins-co/,/std-testing/fort-collins-co/,8,,,164,no,no,
2026-09-28,std testing fort lauderdale fl,phone,std-city,/std-testing/lauderdale-lakes-fl/,/std-testing/fort-lauderdale-fl/,8,8.0,,186,no,no,
2026-09-28,std testing fort lauderdale fl,desktop,std-city,/std-testing/lauderdale-lakes-fl/,/std-testing/fort-lauderdale-fl/,8,,,186,yes,no,
2026-09-28,std testing fort pierce,phone,std-city,/std-testing/fort-pierce-fl/,/std-testing/fort-pierce-fl/,6,6.0,,221,no,no,
2026-09-28,std testing fort pierce,desktop,std-city,/std-testing/fort-pierce-fl/,/std-testing/fort-pierce-fl/,6,,,221,no,no,
2026-09-28,std testing fort smith ar,phone,std-city,/std-testing/fort-smith-ar/,/std-testing/fort-smith-ar/,4,4.0,,190,no,no,
2026-09-28,std testing fort smith ar,desktop,std-city,/std-testing/fort-smith-ar/,/std-testing/fort-smith-ar/,4,,,190,no,no,
2026-09-28,std testing fort walton beach fl,phone,std-city,/std-testing/fort-walton-beach-fl/,/std-testing/fort-walton-beach-fl/,5,3.5,,83,no,no,
2026-09-28,std testing fort walton beach fl,desktop,std-city,/std-testing/fort-walton-beach-fl/,/std-testing/fort-walton-beach-fl/,5,,,83,no,no,
2026-09-28,std testing franklin tn,phone,std-city,/std-testing/franklin-tn/,/std-testing/franklin-tn/,5,5.0,,86,no,no,
2026-09-28,std testing franklin tn,desktop,std-city,/std-testing/franklin-tn/,/std-testing/franklin-tn/,24,,,86,no,no,
2026-09-28,std testing frederick md,phone,std-city,/std-testing/frederick-md/,/std-testing/frederick-md/,26,16.0,,185,no,no,
2026-09-28,std testing frederick md,desktop,std-city,/std-testing/frederick-md/,/std-testing/frederick-md/,6,,,185,no,no,
2026-09-28,std testing fredericksburg va,phone,std-city,/std-testing/fredericksburg-va/,/std-testing/fredericksburg-va/,5,3.0,,133,no,no,
2026-09-28,std testing fredericksburg va,desktop,std-city,/std-testing/fredericksburg-va/,/std-testing/fredericksburg-va/,5,,,133,no,no,
2026-09-28,std testing fremont ca,phone,std-city,/std-testing/fremont-ca/,/std-testing/fremont-ca/,5,5.0,,175,no,no,
2026-09-28,std testing fremont ca,desktop,std-city,/std-testing/fremont-ca/,/std-testing/fremont-ca/,5,,,175,no,no,
2026-09-28,std testing fresno ca,phone,std-city,/std-testing/fresno-ca/,/std-testing/fresno-ca/,18,8.0,,97,no,no,
2026-09-28,std testing fresno ca,desktop,std-city,/std-testing/fresno-ca/,/std-testing/fresno-ca/,8,,,97,no,no,
2026-09-28,std testing friendswood,phone,std-city,/std-testing/friendswood-tx/,/std-testing/friendswood-tx/,5,5.0,,227,no,no,
2026-09-28,std testing friendswood,desktop,std-city,/std-testing/friendswood-tx/,/std-testing/friendswood-tx/,5,,,227,yes,no,
2026-09-28,std testing gadsden al,phone,std-city,/std-testing/gadsden-al/,/std-testing/gadsden-al/,5,5.0,,79,no,no,
2026-09-28,std testing gadsden al,desktop,std-city,/std-testing/gadsden-al/,/std-testing/gadsden-al/,5,,,79,no,no,
2026-09-28,std testing gainesville fl,phone,std-city,/std-testing/gainesville-fl/,/std-testing/gainesville-fl/,7,7.0,,249,no,no,
2026-09-28,std testing gainesville fl,desktop,std-city,/std-testing/gainesville-fl/,/std-testing/gainesville-fl/,7,,,249,no,no,
2026-09-28,std testing gainesville ga,phone,std-city,/std-testing/gainesville-ga/,/std-testing/gainesville-ga/,4,4.0,,152,no,no,
2026-09-28,std testing gainesville ga,desktop,std-city,/std-testing/gainesville-ga/,/std-testing/gainesville-ga/,4,,,152,no,no,
2026-09-28,std testing galveston,phone,std-city,/std-testing/galveston-tx/,/std-testing/galveston-tx/,21,5.0,,342,no,no,
2026-09-28,std testing galveston,desktop,std-city,/std-testing/galveston-tx/,/std-testing/galveston-tx/,2,,,342,no,no,
2026-09-28,std testing garden grove ca,phone,std-city,/std-testing/garden-grove-ca/,/std-testing/garden-grove-ca/,4,4.0,,201,no,no,
2026-09-28,std testing garden grove ca,desktop,std-city,/std-testing/garden-grove-ca/,/std-testing/garden-grove-ca/,4,,,201,no,no,
2026-09-28,std testing garland tx,phone,std-city,/std-testing/garland-tx/,/std-testing/garland-tx/,4,2.0,,199,no,no,
2026-09-28,std testing garland tx,desktop,std-city,/std-testing/garland-tx/,/std-testing/garland-tx/,4,,,199,no,no,
2026-09-28,std testing georgetown tx,phone,std-city,/std-testing/georgetown-tx/,/std-testing/georgetown-tx/,7,7.0,,162,no,no,
2026-09-28,std testing georgetown tx,desktop,std-city,/std-testing/georgetown-tx/,/std-testing/georgetown-tx/,7,,,162,no,no,
2026-09-28,std testing germantown md,phone,std-city,/std-testing/germantown-md/,/std-testing/germantown-md/,5,5.0,,182,no,no,
2026-09-28,std testing germantown md,desktop,std-city,/std-testing/germantown-md/,/std-testing/germantown-md/,5,,,182,no,no,
2026-09-28,std testing germantown tn,phone,std-city,/std-testing/germantown-tn/,/std-testing/germantown-tn/,4,4.0,,289,no,no,
2026-09-28,std testing germantown tn,desktop,std-city,/std-testing/germantown-tn/,/std-testing/germantown-tn/,4,,,289,no,no,
2026-09-28,std testing gillette wy,phone,std-city,/std-testing/gillette-wy/,/std-testing/gillette-wy/,7,7.0,,191,no,no,
2026-09-28,std testing gillette wy,desktop,std-city,/std-testing/gillette-wy/,/std-testing/gillette-wy/,7,,,191,no,no,
2026-09-28,std testing glendale az,phone,std-city,/std-testing/glendale-az/,/std-testing/glendale-az/,8,8.0,,225,no,no,
2026-09-28,std testing glendale az,desktop,std-city,/std-testing/glendale-az/,/std-testing/glendale-az/,8,,,225,no,no,
2026-09-28,std testing glendale ca,phone,std-city,/std-testing/glendale-ca/,/std-testing/glendale-ca/,5,5.0,,127,no,no,
2026-09-28,std testing glendale ca,desktop,std-city,/std-testing/glendale-ca/,/std-testing/glendale-ca/,5,,,127,no,no,
2026-09-28,std testing glenview,phone,std-city,/std-testing/glenview-il/,/std-testing/glenview-il/,4,4.0,,155,no,no,
2026-09-28,std testing glenview,desktop,std-city,/std-testing/glenview-il/,/std-testing/glenview-il/,4,,,155,no,no,
2026-09-28,std testing glenview il,phone,std-city,/std-testing/glenview-il/,/std-testing/glenview-il/,4,4.0,,182,no,no,
2026-09-28,std testing glenview il,desktop,std-city,/std-testing/glenview-il/,/std-testing/glenview-il/,4,,,182,no,no,
2026-09-28,std testing goldsboro nc,phone,std-city,/std-testing/goldsboro-nc/,/std-testing/goldsboro-nc/,4,4.0,,90,no,no,
2026-09-28,std testing goldsboro nc,desktop,std-city,/std-testing/goldsboro-nc/,/std-testing/goldsboro-nc/,4,,,90,no,no,
2026-09-28,std testing goodyear az,phone,std-city,/std-testing/goodyear-az/,/std-testing/goodyear-az/,5,5.0,,253,no,no,
2026-09-28,std testing goodyear az,desktop,std-city,/std-testing/goodyear-az/,/std-testing/goodyear-az/,5,,,253,no,no,
2026-09-28,std testing grand island,phone,std-city,/std-testing/grand-island-ne/,/std-testing/grand-island-ne/,4,4.0,,238,yes,no,
2026-09-28,std testing grand island,desktop,std-city,/std-testing/grand-island-ne/,/,4,,,238,no,no,
2026-09-28,std testing grand junction co,phone,std-city,/std-testing/grand-junction-co/,/std-testing/grand-junction-co/,4,4.0,,52,no,no,
2026-09-28,std testing grand junction co,desktop,std-city,/std-testing/grand-junction-co/,/std-testing/grand-junction-co/,4,,,52,no,no,
2026-09-28,std testing grand prairie tx,phone,std-city,/std-testing/grand-prairie-tx/,/std-testing/grand-prairie-tx/,7,7.0,,145,no,no,
2026-09-28,std testing grand prairie tx,desktop,std-city,/std-testing/grand-prairie-tx/,/std-testing/grand-prairie-tx/,7,,,145,no,no,
2026-09-28,std testing grapevine,phone,std-city,/std-testing/grapevine-tx/,/std-testing/grapevine-tx/,2,2.0,,134,no,no,
2026-09-28,std testing grapevine,desktop,std-city,/std-testing/grapevine-tx/,/std-testing/grapevine-tx/,4,,,134,no,no,
2026-09-28,std testing great falls,phone,std-city,/std-testing/great-falls-mt/,/std-testing/great-falls-mt/,6,6.0,,124,no,no,
2026-09-28,std testing great falls,desktop,std-city,/std-testing/great-falls-mt/,/std-testing/great-falls-mt/,4,,,124,no,no,
2026-09-28,std testing greeley co,phone,std-city,/std-testing/greeley-co/,/std-testing/greeley-co/,6,6.0,,74,no,no,
2026-09-28,std testing greeley co,desktop,std-city,/std-testing/greeley-co/,/std-testing/greeley-co/,6,,,74,no,no,
2026-09-28,std testing green bay wi,phone,std-city,/std-testing/green-bay-wi/,/std-testing/green-bay-wi/,6,6.0,,127,no,no,
2026-09-28,std testing green bay wi,desktop,std-city,/std-testing/green-bay-wi/,/std-testing/green-bay-wi/,6,,,127,no,no,
2026-09-28,std testing greenfield,phone,std-city,/std-testing/greenfield-wi/,/std-testing/greenfield-in/,3,3.0,,231,no,no,
2026-09-28,std testing greenfield,desktop,std-city,/std-testing/greenfield-wi/,/std-testing/greenfield-wi/,3,,,231,yes,yes,
2026-09-28,std testing greensboro nc,phone,std-city,/std-testing/greensboro-nc/,/std-testing/greensboro-nc/,6,5.5,,221,no,no,
2026-09-28,std testing greensboro nc,desktop,std-city,/std-testing/greensboro-nc/,/std-testing/greensboro-nc/,6,,,221,no,no,
2026-09-28,std testing greenville nc,phone,std-city,/std-testing/greenville-nc/,/std-testing/greenville-nc/,5,5.0,,239,yes,no,
2026-09-28,std testing greenville nc,desktop,std-city,/std-testing/greenville-nc/,/std-testing/greenville-nc/,5,,,239,yes,no,
2026-09-28,std testing greenville sc,phone,std-city,/std-testing/greenville-sc/,/std-testing/greenville-sc/,6,6.0,,351,no,no,
2026-09-28,std testing greenville sc,desktop,std-city,/std-testing/greenville-sc/,/std-testing/greenville-sc/,5,,,351,no,no,
2026-09-28,std testing gulfport ms,phone,std-city,/std-testing/gulfport-ms/,/std-testing/gulfport-ms/,1,4.0,,276,no,no,
2026-09-28,std testing gulfport ms,desktop,std-city,/std-testing/gulfport-ms/,/std-testing/gulfport-ms/,4,,,276,no,no,
2026-09-28,std testing hagerstown md,phone,std-city,/std-testing/hagerstown-md/,/std-testing/hagerstown-md/,5,5.0,,165,no,no,
2026-09-28,std testing hagerstown md,desktop,std-city,/std-testing/hagerstown-md/,/std-testing/hagerstown-md/,5,,,165,no,no,
2026-09-28,std testing haines city fl,phone,std-city,/std-testing/haines-city-fl/,/std-testing/haines-city-fl/,5,5.0,,220,no,no,
2026-09-28,std testing haines city fl,desktop,std-city,/std-testing/haines-city-fl/,/std-testing/haines-city-fl/,5,,,220,no,no,
2026-09-28,std testing hamilton,phone,std-city,/std-testing/hamilton-oh/,/std-testing/hamilton-oh/,10,10.0,,207,no,no,
2026-09-28,std testing hamilton,desktop,std-city,/std-testing/hamilton-oh/,/std-testing/hamilton-oh/,10,,,207,no,no,
2026-09-28,std testing hammond in,phone,std-city,/std-testing/hammond-la/,/std-testing/hammond-la/,6,6.0,,167,no,no,
2026-09-28,std testing hammond in,desktop,std-city,/std-testing/hammond-la/,/std-testing/hammond-la/,6,,,167,no,no,
2026-09-28,std testing hammond la,phone,std-city,/std-testing/hammond-la/,/std-testing/hammond-la/,4,4.0,,152,no,no,
2026-09-28,std testing hammond la,desktop,std-city,/std-testing/hammond-la/,/std-testing/hammond-la/,4,,,152,no,no,
2026-09-28,std testing hampton va,phone,std-city,/std-testing/hampton-va/,/std-testing/hampton-va/,5,5.0,,211,no,no,
2026-09-28,std testing hampton va,desktop,std-city,/std-testing/hampton-va/,/std-testing/hampton-va/,5,,,211,no,no,
2026-09-28,std testing harlingen tx,phone,std-city,/std-testing/harlingen-tx/,/std-testing/harlingen-tx/,5,5.0,,81,no,no,
2026-09-28,std testing harlingen tx,desktop,std-city,/std-testing/harlingen-tx/,/std-testing/harlingen-tx/,5,,,81,no,no,
2026-09-28,std testing harrisburg pa,phone,std-city,/std-testing/harrisburg-pa/,/std-testing/harrisburg-pa/,7,7.0,,100,no,no,
2026-09-28,std testing harrisburg pa,desktop,std-city,/std-testing/harrisburg-pa/,/std-testing/harrisburg-pa/,7,,,100,no,no,
2026-09-28,std testing hartford ct,phone,std-city,/std-testing/hartford-ct/,/std-testing/hartford-ct/,5,5.0,,306,no,no,
2026-09-28,std testing hartford ct,desktop,std-city,/std-testing/hartford-ct/,/std-testing/hartford-ct/,5,,,306,no,no,
2026-09-28,std testing hattiesburg ms,phone,std-city,/std-testing/hattiesburg-ms/,/std-testing/hattiesburg-ms/,4,4.0,,218,no,no,
2026-09-28,std testing hattiesburg ms,desktop,std-city,/std-testing/hattiesburg-ms/,/std-testing/hattiesburg-ms/,1,,,218,no,no,
2026-09-28,std testing haverhill,phone,std-city,/std-testing/haverhill-ma/,/std-testing/haverhill-ma/,7,7.0,,109,no,no,
2026-09-28,std testing haverhill,desktop,std-city,/std-testing/haverhill-ma/,/std-testing/haverhill-ma/,7,,,109,no,no,
2026-09-28,std testing hawthorne ca,phone,std-city,/std-testing/hawthorne-ca/,/std-testing/hawthorne-ca/,6,6.0,,137,no,no,
2026-09-28,std testing hawthorne ca,desktop,std-city,/std-testing/hawthorne-ca/,/std-testing/hawthorne-ca/,6,,,137,no,no,
2026-09-28,std testing hayward ca,phone,std-city,/std-testing/hayward-ca/,/std-testing/hayward-ca/,3,3.0,,114,yes,no,
2026-09-28,std testing hayward ca,desktop,std-city,/std-testing/hayward-ca/,/std-testing/hayward-ca/,2,,,114,no,no,
2026-09-28,std testing hazleton pa,phone,std-city,/std-testing/hazleton-pa/,/std-testing/hazleton-pa/,4,4.0,,120,yes,no,
2026-09-28,std testing hazleton pa,desktop,std-city,/std-testing/hazleton-pa/,/std-testing/hazleton-pa/,3,,,120,yes,no,
2026-09-28,std testing hempstead,phone,std-city,/std-testing/elmont-ny/,/std-testing/hempstead-ny/,5,5.5,,342,no,no,
2026-09-28,std testing hempstead,desktop,std-city,/std-testing/elmont-ny/,/std-testing/hempstead-ny/,3,,,342,yes,yes,
2026-09-28,std testing henderson nv,phone,std-city,/std-testing/henderson-nv/,/std-testing/henderson-nv/,6,6.0,,185,no,no,
2026-09-28,std testing henderson nv,desktop,std-city,/std-testing/henderson-nv/,/std-testing/henderson-nv/,3,,,185,yes,yes,
2026-09-28,std testing high point nc,phone,std-city,/std-testing/high-point-nc/,/std-testing/high-point-nc/,7,6.5,,205,no,no,
2026-09-28,std testing high point nc,desktop,std-city,/std-testing/high-point-nc/,/std-testing/high-point-nc/,7,,,205,no,no,
2026-09-28,std testing highlands ranch co,phone,std-city,/std-testing/highlands-ranch-co/,/std-testing/highlands-ranch-co/,4,1.0,,128,no,no,
2026-09-28,std testing highlands ranch co,desktop,std-city,/std-testing/highlands-ranch-co/,/std-testing/highlands-ranch-co/,1,,,128,no,no,
2026-09-28,std testing hillsboro or,phone,std-city,/std-testing/hillsboro-or/,/std-testing/hillsboro-or/,4,4.0,,216,no,no,
2026-09-28,std testing hillsboro or,desktop,std-city,/std-testing/hillsboro-or/,/std-testing/hillsboro-or/,4,,,216,no,no,
2026-09-28,std testing hobbs nm,phone,std-city,/std-testing/hobbs-nm/,/std-testing/hobbs-nm/,4,4.0,,105,no,no,
2026-09-28,std testing hobbs nm,desktop,std-city,/std-testing/hobbs-nm/,/std-testing/hobbs-nm/,4,,,105,no,no,
2026-09-28,std testing hoboken,phone,std-city,/std-testing/hoboken-nj/,/std-testing/hoboken-nj/,7,7.0,,235,no,no,
2026-09-28,std testing hoboken,desktop,std-city,/std-testing/hoboken-nj/,/std-testing/hoboken-nj/,8,,,235,no,no,
2026-09-28,std testing hoffman estates,phone,std-city,/std-testing/hoffman-estates-il/,/std-testing/hoffman-estates-il/,2,2.0,,243,no,no,
2026-09-28,std testing hoffman estates,desktop,std-city,/std-testing/hoffman-estates-il/,/std-testing/hoffman-estates-il/,2,,,243,yes,yes,
2026-09-28,std testing holland mi,phone,std-city,/std-testing/holland-mi/,/std-testing/holland-mi/,6,6.0,,157,no,no,
2026-09-28,std testing holland mi,desktop,std-city,/std-testing/holland-mi/,/std-testing/holland-mi/,6,,,157,no,no,
2026-09-28,std testing hollywood fl,phone,std-city,/std-testing/hollywood-fl/,/std-testing/hollywood-fl/,4,4.0,,288,no,no,
2026-09-28,std testing hollywood fl,desktop,std-city,/std-testing/hollywood-fl/,/std-testing/hollywood-fl/,4,,,288,no,no,
2026-09-28,std testing homestead,phone,std-city,/std-testing/homestead-fl/,/std-testing/homestead-fl/,4,4.0,,150,no,no,
2026-09-28,std testing homestead,desktop,std-city,/std-testing/homestead-fl/,/std-testing/homestead-fl/,4,,,150,no,no,
2026-09-28,std testing honolulu hi,phone,std-city,/std-testing/hawaii/,/std-testing/hawaii/,7,7.0,,235,no,no,
2026-09-28,std testing honolulu hi,desktop,std-city,/std-testing/hawaii/,/std-testing/hawaii/,7,,,235,no,no,
2026-09-28,std testing hoover al,phone,std-city,/std-testing/hoover-al/,/std-testing/hoover-al/,4,4.0,,252,no,no,
2026-09-28,std testing hoover al,desktop,std-city,/std-testing/hoover-al/,/std-testing/hoover-al/,4,,,252,no,no,
2026-09-28,std testing houma la,phone,std-city,/std-testing/houma-la/,/std-testing/houma-la/,4,1.0,,157,no,no,
2026-09-28,std testing houma la,desktop,std-city,/std-testing/houma-la/,/std-testing/houma-la/,1,,,157,yes,no,
2026-09-28,std testing huntersville,phone,std-city,/std-testing/huntersville-nc/,/std-testing/huntersville-nc/,5,5.0,,249,no,no,
2026-09-28,std testing huntersville,desktop,std-city,/std-testing/huntersville-nc/,/std-testing/huntersville-nc/,5,,,249,no,no,
2026-09-28,std testing huntington beach ca,phone,std-city,/std-testing/huntington-beach-ca/,/std-testing/huntington-beach-ca/,6,6.0,,203,no,no,
2026-09-28,std testing huntington beach ca,desktop,std-city,/std-testing/huntington-beach-ca/,/std-testing/huntington-beach-ca/,5,,,203,yes,no,
2026-09-28,std testing huntington wv,phone,std-city,/std-testing/huntington-wv/,/std-testing/huntington-wv/,5,5.0,,143,no,no,
2026-09-28,std testing huntington wv,desktop,std-city,/std-testing/huntington-wv/,/std-testing/huntington-wv/,23,,,143,no,no,
2026-09-28,std testing huntsville al,phone,std-city,/std-testing/vestavia-hills-al/,/std-testing/huntsville-al/,5,5.0,,327,no,no,
2026-09-28,std testing huntsville al,desktop,std-city,/std-testing/vestavia-hills-al/,/std-testing/huntsville-al/,5,,,327,no,no,
2026-09-28,std testing hurst tx,phone,std-city,/std-testing/hurst-tx/,/std-testing/hurst-tx/,5,5.0,,296,no,no,
2026-09-28,std testing hurst tx,desktop,std-city,/std-testing/hurst-tx/,/std-testing/hurst-tx/,5,,,296,no,no,
2026-09-28,std testing in biloxi ms,phone,std-city,/std-testing/biloxi-ms/,/std-testing/gulfport-ms/,14,10.0,,319,no,no,other page ranks
2026-09-28,std testing in biloxi ms,desktop,std-city,/std-testing/biloxi-ms/,/std-testing/gulfport-ms/,17,,,319,no,no,
2026-09-28,std testing in dunwoody,phone,std-city,/std-testing/dunwoody-ga/,/std-testing/dunwoody-ga/,6,5.0,,270,no,no,
2026-09-28,std testing in dunwoody,desktop,std-city,/std-testing/dunwoody-ga/,/std-testing/dunwoody-ga/,6,,,270,yes,no,
2026-09-28,std testing independence mo,phone,std-city,/std-testing/independence-mo/,/std-testing/independence-mo/,4,4.0,,167,no,no,
2026-09-28,std testing independence mo,desktop,std-city,/std-testing/independence-mo/,/std-testing/independence-mo/,4,,,167,no,no,
2026-09-28,std testing indianapolis in,phone,std-city,/std-testing/indianapolis-in/,/std-testing/indianapolis-in/,6,6.0,,247,no,no,
2026-09-28,std testing indianapolis in,desktop,std-city,/std-testing/indianapolis-in/,/std-testing/indianapolis-in/,6,,,247,no,no,
2026-09-28,std testing irvine ca,phone,std-city,/std-testing/irvine-ca/,/std-testing/irvine-ca/,4,4.0,,272,no,no,
2026-09-28,std testing irvine ca,desktop,std-city,/std-testing/irvine-ca/,/std-testing/irvine-ca/,4,,,272,no,no,
2026-09-28,std testing irving tx,phone,std-city,/std-testing/irving-tx/,/std-testing/irving-tx/,4,4.0,,190,no,no,
2026-09-28,std testing irving tx,desktop,std-city,/std-testing/irving-tx/,/std-testing/irving-tx/,4,,,190,no,no,
2026-09-28,std testing issaquah wa,phone,std-city,/blood-testing/issaquah-wa/,/std-testing/issaquah-wa/,6,6.0,,343,no,no,
2026-09-28,std testing issaquah wa,desktop,std-city,/blood-testing/issaquah-wa/,/std-testing/issaquah-wa/,6,,,343,no,no,
2026-09-28,std testing ithaca ny,phone,std-city,/std-testing/ithaca-ny/,/std-testing/ithaca-ny/,6,6.0,,79,no,no,
2026-09-28,std testing ithaca ny,desktop,std-city,/std-testing/ithaca-ny/,/std-testing/ithaca-ny/,6,,,79,no,no,
2026-09-28,std testing jackson mi,phone,std-city,/std-testing/jackson-mi/,/std-testing/jackson-mi/,5,5.0,,178,no,no,
2026-09-28,std testing jackson mi,desktop,std-city,/std-testing/jackson-mi/,/std-testing/jackson-mi/,2,,,178,no,no,
2026-09-28,std testing jackson ms,phone,std-city,/std-testing/jackson-ms/,/std-testing/jackson-ms/,5,5.0,,228,no,no,
2026-09-28,std testing jackson ms,desktop,std-city,/std-testing/jackson-ms/,/std-testing/jackson-ms/,5,,,228,no,no,
2026-09-28,std testing jackson tn,phone,std-city,/std-testing/jackson-tn/,/std-testing/jackson-tn/,5,5.0,,81,no,no,
2026-09-28,std testing jackson tn,desktop,std-city,/std-testing/jackson-tn/,/std-testing/jackson-tn/,5,,,81,no,no,
2026-09-28,std testing jacksonville fl,phone,std-city,/std-testing/jacksonville-beach-fl/,/std-testing/jacksonville-beach-fl/,7,7.0,,501,no,no,
2026-09-28,std testing jacksonville fl,desktop,std-city,/std-testing/jacksonville-beach-fl/,/std-testing/jacksonville-beach-fl/,7,,,501,no,no,
2026-09-28,std testing jacksonville nc,phone,std-city,/std-testing/jacksonville-nc/,/std-testing/jacksonville-nc/,5,5.0,,192,no,no,
2026-09-28,std testing jacksonville nc,desktop,std-city,/std-testing/jacksonville-nc/,/std-testing/jacksonville-nc/,5,,,192,no,no,
2026-09-28,std testing janesville wi,phone,std-city,/std-testing/janesville-wi/,/std-testing/janesville-wi/,5,5.0,,286,yes,no,
2026-09-28,std testing janesville wi,desktop,std-city,/std-testing/janesville-wi/,/std-testing/janesville-wi/,5,,,286,yes,yes,
2026-09-28,std testing jefferson city mo,phone,std-city,/std-testing/jefferson-city-mo/,/std-testing/jefferson-city-mo/,5,5.0,,89,no,no,
2026-09-28,std testing jefferson city mo,desktop,std-city,/std-testing/jefferson-city-mo/,/std-testing/jefferson-city-mo/,5,,,89,no,no,
2026-09-28,std testing johns creek ga,phone,std-city,/std-testing/johns-creek-ga/,/std-testing/johns-creek-ga/,3,3.0,,212,no,no,
2026-09-28,std testing johns creek ga,desktop,std-city,/std-testing/johns-creek-ga/,/std-testing/johns-creek-ga/,3,,,212,no,no,
2026-09-28,std testing johnson city tn,phone,std-city,/std-testing/johnson-city-tn/,/std-testing/johnson-city-tn/,4,4.0,,74,no,no,
2026-09-28,std testing johnson city tn,desktop,std-city,/std-testing/johnson-city-tn/,/std-testing/johnson-city-tn/,4,,,74,no,no,
2026-09-28,std testing joliet il,phone,std-city,/std-testing/joliet-il/,/std-testing/joliet-il/,4,4.0,,145,no,no,
2026-09-28,std testing joliet il,desktop,std-city,/std-testing/joliet-il/,/std-testing/joliet-il/,4,,,145,no,no,
2026-09-28,std testing jonesboro ar,phone,std-city,/std-testing/jonesboro-ar/,/std-testing/jonesboro-ar/,4,4.0,,175,no,no,
2026-09-28,std testing jonesboro ar,desktop,std-city,/std-testing/jonesboro-ar/,/std-testing/jonesboro-ar/,4,,,175,no,no,
2026-09-28,std testing joplin mo,phone,std-city,/std-testing/joplin-mo/,/std-testing/joplin-mo/,6,6.0,,181,no,no,
2026-09-28,std testing joplin mo,desktop,std-city,/std-testing/joplin-mo/,/std-testing/joplin-mo/,6,,,181,no,no,
2026-09-28,std testing kansas city mo,phone,std-city,/std-testing/kansas-city-ks/,/std-testing/kansas-city-ks/,7,7.0,,169,no,no,
2026-09-28,std testing kansas city mo,desktop,std-city,/std-testing/kansas-city-ks/,/std-testing/kansas-city-ks/,7,,,169,no,no,
2026-09-28,std testing katy tx,phone,std-city,/std-testing/katy-tx/,/std-testing/katy-tx/,25,14.5,,112,no,no,
2026-09-28,std testing katy tx,desktop,std-city,/std-testing/katy-tx/,/std-testing/katy-tx/,5,,,112,no,no,
2026-09-28,std testing keizer,phone,std-city,/std-testing/keizer-or/,/std-testing/keizer-or/,1,1.5,,167,no,no,
2026-09-28,std testing keizer,desktop,std-city,/std-testing/keizer-or/,/std-testing/keizer-or/,1,,,167,yes,yes,
2026-09-28,std testing keller tx,phone,std-city,/std-testing/keller-tx/,/std-testing/keller-tx/,4,1.0,,140,no,no,
2026-09-28,std testing keller tx,desktop,std-city,/std-testing/keller-tx/,/std-testing/keller-tx/,4,,,140,no,no,
2026-09-28,std testing kennesaw ga,phone,std-city,/std-testing/kennesaw-ga/,/std-testing/kennesaw-ga/,5,6.0,,224,no,no,
2026-09-28,std testing kennesaw ga,desktop,std-city,/std-testing/kennesaw-ga/,/std-testing/kennesaw-ga/,5,,,224,no,no,
2026-09-28,std testing kenosha wi,phone,std-city,/std-testing/kenosha-wi/,/std-testing/kenosha-wi/,8,8.0,,80,no,no,
2026-09-28,std testing kenosha wi,desktop,std-city,/std-testing/kenosha-wi/,/std-testing/kenosha-wi/,8,,,80,no,no,
2026-09-28,std testing kent wa,phone,std-city,/std-testing/kent-wa/,/std-testing/kent-wa/,4,4.0,,268,no,no,
2026-09-28,std testing kent wa,desktop,std-city,/std-testing/kent-wa/,/std-testing/kent-wa/,4,,,268,no,no,
2026-09-28,std testing kettering,phone,std-city,/std-testing/kettering-oh/,/std-testing/kettering-oh/,3,3.0,,159,no,no,
2026-09-28,std testing kettering,desktop,std-city,/std-testing/kettering-oh/,/std-testing/kettering-oh/,1,,,159,yes,yes,
2026-09-28,std testing kingwood tx,phone,std-city,/std-testing/kingwood-tx/,/std-testing/kingwood-tx/,6,6.0,,88,no,no,
2026-09-28,std testing kingwood tx,desktop,std-city,/std-testing/kingwood-tx/,/std-testing/kingwood-tx/,3,,,88,no,no,
2026-09-28,std testing kirkland wa,phone,std-city,/std-testing/kirkland-wa/,/std-testing/kirkland-wa/,4,4.0,,293,no,no,
2026-09-28,std testing kirkland wa,desktop,std-city,/std-testing/kirkland-wa/,/std-testing/kirkland-wa/,4,,,293,no,no,
2026-09-28,std testing kissimmee fl,phone,std-city,/std-testing/kissimmee-fl/,/std-testing/kissimmee-fl/,7,7.0,,122,no,no,
2026-09-28,std testing kissimmee fl,desktop,std-city,/std-testing/kissimmee-fl/,/std-testing/kissimmee-fl/,7,,,122,no,no,
2026-09-28,std testing knoxville tn,phone,std-city,/std-testing/knoxville-tn/,/std-testing/knoxville-tn/,7,7.0,,138,no,no,
2026-09-28,std testing knoxville tn,desktop,std-city,/std-testing/knoxville-tn/,/std-testing/knoxville-tn/,7,,,138,no,no,
2026-09-28,std testing la crosse wi,phone,std-city,/std-testing/la-crosse-wi/,/std-testing/la-crosse-wi/,5,3.0,,76,no,no,
2026-09-28,std testing la crosse wi,desktop,std-city,/std-testing/la-crosse-wi/,/std-testing/la-crosse-wi/,5,,,76,no,no,
2026-09-28,std testing la mesa,phone,std-city,/std-testing/la-mesa-ca/,/std-testing/la-mesa-ca/,2,2.5,,336,no,no,
2026-09-28,std testing la mesa,desktop,std-city,/std-testing/la-mesa-ca/,/std-testing/la-mesa-ca/,1,,,336,no,no,
2026-09-28,std testing la quinta,phone,std-city,/blood-testing/la-quinta-ca/,/std-testing/la-quinta-ca/,4,4.5,,240,no,no,
2026-09-28,std testing la quinta,desktop,std-city,/blood-testing/la-quinta-ca/,/std-testing/la-quinta-ca/,5,,,240,no,no,
2026-09-28,std testing la quinta ca,phone,std-city,/std-testing/la-quinta-ca/,/std-testing/la-quinta-ca/,3,4.0,,193,no,no,
2026-09-28,std testing la quinta ca,desktop,std-city,/std-testing/la-quinta-ca/,/std-testing/la-quinta-ca/,1,,,193,no,no,
2026-09-28,std testing lacey wa,phone,std-city,/std-testing/lacey-wa/,/std-testing/lacey-wa/,6,5.0,,243,no,no,
2026-09-28,std testing lacey wa,desktop,std-city,/std-testing/lacey-wa/,/std-testing/lacey-wa/,6,,,243,no,no,
2026-09-28,std testing lafayette la,phone,std-city,/std-testing/lafayette-la/,/std-testing/lafayette-la/,5,5.0,,268,no,no,
2026-09-28,std testing lafayette la,desktop,std-city,/std-testing/lafayette-la/,/std-testing/lafayette-la/,5,,,268,no,no,
2026-09-28,std testing laguna niguel,phone,std-city,/std-testing/laguna-niguel-ca/,/std-testing/laguna-niguel-ca/,5,5.0,,250,no,no,
2026-09-28,std testing laguna niguel,desktop,std-city,/std-testing/laguna-niguel-ca/,/std-testing/laguna-niguel-ca/,5,,,250,no,no,
2026-09-28,std testing laguna niguel ca,phone,std-city,/std-testing/laguna-niguel-ca/,/std-testing/laguna-niguel-ca/,5,5.0,,241,no,no,
2026-09-28,std testing laguna niguel ca,desktop,std-city,/std-testing/laguna-niguel-ca/,/std-testing/laguna-niguel-ca/,4,,,241,no,no,
2026-09-28,std testing lake charles la,phone,std-city,/std-testing/lake-charles-la/,/std-testing/lake-charles-la/,5,5.0,,125,no,no,
2026-09-28,std testing lake charles la,desktop,std-city,/std-testing/lake-charles-la/,/std-testing/lake-charles-la/,46,,,125,no,no,
2026-09-28,std testing lake forest ca,phone,std-city,/std-testing/lake-forest-ca/,/std-testing/lake-forest-ca/,4,4.0,,333,no,no,
2026-09-28,std testing lake forest ca,desktop,std-city,/std-testing/lake-forest-ca/,/std-testing/lake-forest-ca/,4,,,333,no,no,
2026-09-28,std testing lake havasu city,phone,std-city,/std-testing/lake-havasu-city-az/,/std-testing/lake-havasu-city-az/,8,8.0,,215,no,no,
2026-09-28,std testing lake havasu city,desktop,std-city,/std-testing/lake-havasu-city-az/,/std-testing/lake-havasu-city-az/,8,,,215,no,no,
2026-09-28,std testing lakeland fl,phone,std-city,/std-testing/lakeland-fl/,/std-testing/lakeland-fl/,6,6.0,,97,no,no,
2026-09-28,std testing lakeland fl,desktop,std-city,/std-testing/lakeland-fl/,/std-testing/lakeland-fl/,3,,,97,no,no,
2026-09-28,std testing lakewood co,phone,std-city,/std-testing/lakewood-co/,/std-testing/lakewood-co/,6,6.0,,190,no,no,
2026-09-28,std testing lakewood co,desktop,std-city,/std-testing/lakewood-co/,/std-testing/lakewood-co/,6,,,190,no,no,
2026-09-28,std testing lancaster ca,phone,std-city,/std-testing/lancaster-ca/,/std-testing/lancaster-ca/,25,5.0,,148,no,no,
2026-09-28,std testing lancaster ca,desktop,std-city,/std-testing/lancaster-ca/,/std-testing/lancaster-ca/,5,,,148,no,no,
2026-09-28,std testing lansing mi,phone,std-city,/std-testing/lansing-mi/,/std-testing/lansing-mi/,6,6.0,,339,no,no,
2026-09-28,std testing lansing mi,desktop,std-city,/std-testing/lansing-mi/,/std-testing/lansing-mi/,6,,,339,no,no,
2026-09-28,std testing laredo tx,phone,std-city,/std-testing/laredo-tx/,/std-testing/laredo-tx/,7,7.0,,138,no,no,
2026-09-28,std testing laredo tx,desktop,std-city,/std-testing/laredo-tx/,/std-testing/laredo-tx/,7,,,138,no,no,
2026-09-28,std testing largo fl,phone,std-city,/std-testing/largo-fl/,/std-testing/largo-fl/,5,5.0,,201,no,no,
2026-09-28,std testing largo fl,desktop,std-city,/std-testing/largo-fl/,/std-testing/largo-fl/,5,,,201,no,no,
2026-09-28,std testing las cruces nm,phone,std-city,/std-testing/las-cruces-nm/,/std-testing/las-cruces-nm/,5,5.0,,90,no,no,
2026-09-28,std testing las cruces nm,desktop,std-city,/std-testing/las-cruces-nm/,/std-testing/las-cruces-nm/,5,,,90,no,no,
2026-09-28,std testing lawrence ks,phone,std-city,/std-testing/lawrence-ks/,/std-testing/lawrence-ks/,5,5.0,,103,no,no,
2026-09-28,std testing lawrence ks,desktop,std-city,/std-testing/lawrence-ks/,/std-testing/lawrence-ks/,5,,,103,no,no,
2026-09-28,std testing lawrence ma,phone,std-city,/std-testing/lawrence-ma/,/std-testing/lawrence-ma/,2,2.0,,215,no,no,
2026-09-28,std testing lawrence ma,desktop,std-city,/std-testing/lawrence-ma/,/std-testing/lawrence-ma/,2,,,215,no,no,
2026-09-28,std testing lawton ok,phone,std-city,/std-testing/lawton-ok/,/std-testing/lawton-ok/,4,4.0,,179,no,no,
2026-09-28,std testing lawton ok,desktop,std-city,/std-testing/lawton-ok/,/std-testing/lawton-ok/,4,,,179,no,no,
2026-09-28,std testing league city tx,phone,std-city,/std-testing/league-city-tx/,/std-testing/league-city-tx/,8,8.0,,77,no,no,
2026-09-28,std testing league city tx,desktop,std-city,/std-testing/league-city-tx/,/std-testing/league-city-tx/,5,,,77,no,no,
2026-09-28,std testing lees summit,phone,std-city,/std-testing/lees-summit-mo/,/std-testing/lees-summit-mo/,4,4.0,,162,no,no,
2026-09-28,std testing lees summit,desktop,std-city,/std-testing/lees-summit-mo/,/std-testing/lees-summit-mo/,4,,,162,no,no,
2026-09-28,std testing lees summit mo,phone,std-city,/std-testing/lees-summit-mo/,/std-testing/lees-summit-mo/,5,4.5,,59,no,no,
2026-09-28,std testing lees summit mo,desktop,std-city,/std-testing/lees-summit-mo/,/std-testing/lees-summit-mo/,23,,,59,no,no,
2026-09-28,std testing leesburg va,phone,std-city,/std-testing/leesburg-va/,/std-testing/leesburg-va/,5,2.0,,182,no,no,
2026-09-28,std testing leesburg va,desktop,std-city,/std-testing/leesburg-va/,/std-testing/leesburg-va/,2,,,182,yes,yes,
2026-09-28,std testing lewisville tx,phone,std-city,/std-testing/lewisville-tx/,/std-testing/lewisville-tx/,5,5.0,,206,no,no,
2026-09-28,std testing lewisville tx,desktop,std-city,/std-testing/lewisville-tx/,/std-testing/lewisville-tx/,5,,,206,no,no,
2026-09-28,std testing lexington ky,phone,std-city,/std-testing/lexington-ky/,/std-testing/lexington-ky/,5,5.0,,238,no,no,
2026-09-28,std testing lexington ky,desktop,std-city,/std-testing/lexington-ky/,/std-testing/lexington-ky/,5,,,238,no,no,
2026-09-28,std testing lincoln ne,phone,std-city,/std-testing/lincoln-ne/,/std-testing/lincoln-ne/,7,7.0,,277,no,no,
2026-09-28,std testing lincoln ne,desktop,std-city,/std-testing/lincoln-ne/,/std-testing/lincoln-ne/,4,,,277,no,no,
2026-09-28,std testing little elm tx,phone,std-city,/std-testing/little-elm-tx/,/std-testing/little-elm-tx/,2,4.5,,199,no,no,
2026-09-28,std testing little elm tx,desktop,std-city,/std-testing/little-elm-tx/,/std-testing/little-elm-tx/,1,,,199,no,no,
2026-09-28,std testing little rock ar,phone,std-city,/std-testing/little-rock-ar/,/std-testing/little-rock-ar/,5,5.0,,203,no,no,
2026-09-28,std testing little rock ar,desktop,std-city,/std-testing/little-rock-ar/,/std-testing/little-rock-ar/,5,,,203,no,no,
2026-09-28,std testing littleton,phone,std-city,/std-testing/littleton-co/,/std-testing/littleton-co/,4,4.0,,319,no,no,
2026-09-28,std testing littleton,desktop,std-city,/std-testing/littleton-co/,/std-testing/littleton-co/,4,,,319,no,no,
2026-09-28,std testing livermore ca,phone,std-city,/std-testing/livermore-ca/,/std-testing/livermore-ca/,4,4.0,,135,no,no,
2026-09-28,std testing livermore ca,desktop,std-city,/std-testing/livermore-ca/,/std-testing/livermore-ca/,4,,,135,no,no,
2026-09-28,std testing livonia mi,phone,std-city,/std-testing/livonia-mi/,/std-testing/eastpointe-mi/,6,2.0,,197,no,no,other page ranks
2026-09-28,std testing livonia mi,desktop,std-city,/std-testing/livonia-mi/,/std-testing/livonia-mi/,2,,,197,yes,yes,
2026-09-28,std testing long beach ca,phone,std-city,/std-testing/long-beach-ca/,/std-testing/long-beach-ca/,7,7.0,,101,no,no,
2026-09-28,std testing long beach ca,desktop,std-city,/std-testing/long-beach-ca/,/std-testing/lynwood-ca/,12,,,101,no,no,
2026-09-28,std testing longmont co,phone,std-city,/std-testing/longmont-co/,/std-testing/longmont-co/,4,4.0,,121,no,no,
2026-09-28,std testing longmont co,desktop,std-city,/std-testing/longmont-co/,/std-testing/longmont-co/,4,,,121,no,no,
2026-09-28,std testing longview tx,phone,std-city,/std-testing/longview-tx/,/std-testing/longview-tx/,4,4.0,,173,no,no,
2026-09-28,std testing longview tx,desktop,std-city,/std-testing/longview-tx/,/std-testing/longview-tx/,4,,,173,no,no,
2026-09-28,std testing louisville ky,phone,std-city,/std-testing/louisville-ky/,/std-testing/louisville-ky/,7,7.0,,261,no,no,
2026-09-28,std testing louisville ky,desktop,std-city,/std-testing/louisville-ky/,/std-testing/louisville-ky/,7,,,261,no,no,
2026-09-28,std testing loveland co,phone,std-city,/std-testing/loveland-co/,/std-testing/loveland-co/,5,5.0,,221,no,no,
2026-09-28,std testing loveland co,desktop,std-city,/std-testing/loveland-co/,/std-testing/loveland-co/,5,,,221,no,no,
2026-09-28,std testing lowell ma,phone,std-city,/std-testing/lowell-ma/,/std-testing/lowell-ma/,5,5.0,,176,no,no,
2026-09-28,std testing lowell ma,desktop,std-city,/std-testing/lowell-ma/,/std-testing/lowell-ma/,5,,,176,no,no,
2026-09-28,std testing lubbock tx,phone,std-city,/std-testing/lubbock-tx/,/std-testing/lubbock-tx/,6,6.0,,85,no,no,
2026-09-28,std testing lubbock tx,desktop,std-city,/std-testing/lubbock-tx/,/std-testing/lubbock-tx/,6,,,85,no,no,
2026-09-28,std testing lynn ma,phone,std-city,/std-testing/lynn-ma/,/std-testing/lynn-ma/,6,6.0,,117,no,no,
2026-09-28,std testing lynn ma,desktop,std-city,/std-testing/lynn-ma/,/std-testing/lynn-ma/,6,,,117,no,no,
2026-09-28,std testing lynwood,phone,std-city,/std-testing/lynnwood-wa/,/std-testing/lynnwood-wa/,5,3.0,,191,no,no,
2026-09-28,std testing lynwood,desktop,std-city,/std-testing/lynnwood-wa/,/std-testing/lynnwood-wa/,5,,,191,no,no,
2026-09-28,std testing macon ga,phone,std-city,/std-testing/macon-ga/,/std-testing/macon-ga/,4,4.0,,198,no,no,
2026-09-28,std testing macon ga,desktop,std-city,/std-testing/macon-ga/,/std-testing/macon-ga/,4,,,198,no,no,
2026-09-28,std testing madison ms,phone,std-city,/std-testing/madison-ms/,/std-testing/madison-ms/,5,5.0,,287,no,no,
2026-09-28,std testing madison ms,desktop,std-city,/std-testing/madison-ms/,/std-testing/madison-ms/,5,,,287,no,no,
2026-09-28,std testing madison wi,phone,std-city,/std-testing/madison-wi/,/std-testing/madison-wi/,7,7.0,,273,no,no,
2026-09-28,std testing madison wi,desktop,std-city,/std-testing/madison-wi/,/std-testing/madison-wi/,7,,,273,no,no,
2026-09-28,std testing malden ma,phone,std-city,/std-testing/malden-ma/,/std-testing/malden-ma/,3,3.0,,123,yes,no,
2026-09-28,std testing malden ma,desktop,std-city,/std-testing/malden-ma/,/std-testing/malden-ma/,2,,,123,no,no,
2026-09-28,std testing manassas va,phone,std-city,/std-testing/manassas-va/,/std-testing/west-falls-church-va/,9,6.5,,204,no,no,other page ranks
2026-09-28,std testing manassas va,desktop,std-city,/std-testing/manassas-va/,/std-testing/manassas-va/,4,,,204,no,no,
2026-09-28,std testing manchester nh,phone,std-city,/std-testing/manchester-nh/,/std-testing/manchester-nh/,6,6.0,,178,no,no,
2026-09-28,std testing manchester nh,desktop,std-city,/std-testing/manchester-nh/,/std-testing/manchester-nh/,6,,,178,no,no,
2026-09-28,std testing manhattan ny,phone,std-city,/std-testing/manhattan-ny/,/std-testing/manhattan-ny/,9,9.0,,135,no,no,
2026-09-28,std testing manhattan ny,desktop,std-city,/std-testing/manhattan-ny/,/std-testing/manhattan-ny/,7,,,135,no,no,
2026-09-28,std testing mankato mn,phone,std-city,/std-testing/mankato-mn/,/std-testing/mankato-mn/,7,7.0,,81,yes,no,
2026-09-28,std testing mankato mn,desktop,std-city,/std-testing/mankato-mn/,/std-testing/mankato-mn/,6,,,81,no,no,
2026-09-28,std testing mansfield tx,phone,std-city,/std-testing/mansfield-tx/,/std-testing/forney-tx/,7,5.0,,226,no,no,other page ranks
2026-09-28,std testing mansfield tx,desktop,std-city,/std-testing/mansfield-tx/,/std-testing/mansfield-tx/,3,,,226,no,no,
2026-09-28,std testing manteca ca,phone,std-city,/std-testing/manteca-ca/,/std-testing/manteca-ca/,5,5.0,,66,no,no,
2026-09-28,std testing manteca ca,desktop,std-city,/std-testing/manteca-ca/,/std-testing/manteca-ca/,5,,,66,no,no,
2026-09-28,std testing margate,phone,std-city,/std-testing/margate-fl/,/std-testing/margate-fl/,5,4.5,,311,no,no,
2026-09-28,std testing margate,desktop,std-city,/std-testing/margate-fl/,/std-testing/margate-fl/,2,,,311,no,no,
2026-09-28,std testing maricopa,phone,std-city,/std-testing/maricopa-az/,/std-testing/maricopa-az/,4,4.0,,302,yes,no,
2026-09-28,std testing maricopa,desktop,std-city,/std-testing/maricopa-az/,/std-testing/maricopa-az/,3,,,302,no,no,
2026-09-28,std testing maricopa az,phone,std-city,/std-testing/maricopa-az/,/std-testing/maricopa-az/,6,6.0,,295,no,no,
2026-09-28,std testing maricopa az,desktop,std-city,/std-testing/maricopa-az/,/std-testing/maricopa-az/,6,,,295,no,no,
2026-09-28,std testing marietta,phone,std-city,/std-testing/marietta-ga/,/std-testing/marietta-ga/,7,7.0,,257,no,no,
2026-09-28,std testing marietta,desktop,std-city,/std-testing/marietta-ga/,/std-testing/marietta-ga/,7,,,257,no,no,
2026-09-28,std testing martinsburg wv,phone,std-city,/std-testing/martinsburg-wv/,/std-testing/martinsburg-wv/,6,6.0,,293,no,no,
2026-09-28,std testing martinsburg wv,desktop,std-city,/std-testing/martinsburg-wv/,/std-testing/martinsburg-wv/,3,,,293,no,no,
2026-09-28,std testing marysville wa,phone,std-city,/std-testing/marysville-wa/,/std-testing/marysville-wa/,5,5.0,,88,no,no,
2026-09-28,std testing marysville wa,desktop,std-city,/std-testing/marysville-wa/,/std-testing/marysville-wa/,5,,,88,no,no,
2026-09-28,std testing mcallen tx,phone,std-city,/std-testing/mcallen-tx/,/std-testing/mcallen-tx/,4,4.0,,243,no,no,
2026-09-28,std testing mcallen tx,desktop,std-city,/std-testing/mcallen-tx/,/std-testing/mission-tx/,16,,,243,no,no,
2026-09-28,std testing medford or,phone,std-city,/std-testing/medford-or/,/std-testing/medford-or/,5,5.0,,126,no,no,
2026-09-28,std testing medford or,desktop,std-city,/std-testing/medford-or/,/std-testing/medford-or/,2,,,126,yes,yes,
2026-09-28,std testing melbourne fl,phone,std-city,/std-testing/melbourne-fl/,/std-testing/melbourne-fl/,4,4.0,,227,no,no,
2026-09-28,std testing melbourne fl,desktop,std-city,/std-testing/melbourne-fl/,/std-testing/melbourne-fl/,4,,,227,no,no,
2026-09-28,std testing memphis tn,phone,std-city,/std-testing/memphis-tn/,/std-testing/memphis-tn/,7,7.0,,227,no,no,
2026-09-28,std testing memphis tn,desktop,std-city,/std-testing/memphis-tn/,/std-testing/memphis-tn/,4,,,227,no,no,
2026-09-28,std testing menlo park ca,phone,std-city,/std-testing/menlo-park-ca/,/std-testing/menlo-park-ca/,6,6.0,,210,no,no,
2026-09-28,std testing menlo park ca,desktop,std-city,/std-testing/menlo-park-ca/,/std-testing/menlo-park-ca/,6,,,210,no,no,
2026-09-28,std testing mentor,phone,std-city,/std-testing/mentor-oh/,/std-testing/mentor-oh/,3,3.0,,159,no,no,
2026-09-28,std testing mentor,desktop,std-city,/std-testing/mentor-oh/,/std-testing/mentor-oh/,2,,,159,no,no,
2026-09-28,std testing merced ca,phone,std-city,/std-testing/merced-ca/,/std-testing/merced-ca/,3,3.0,,142,no,no,
2026-09-28,std testing merced ca,desktop,std-city,/std-testing/merced-ca/,/std-testing/merced-ca/,2,,,142,yes,yes,
2026-09-28,std testing meriden,phone,std-city,/std-testing/meriden-ct/,/std-testing/meriden-ct/,6,6.0,,146,no,no,
2026-09-28,std testing meriden,desktop,std-city,/std-testing/meriden-ct/,/std-testing/meriden-ct/,5,,,146,no,no,
2026-09-28,std testing mesa az,phone,std-city,/std-testing/mesa-az/,/std-testing/mesa-az/,7,7.0,,337,no,no,
2026-09-28,std testing mesa az,desktop,std-city,/std-testing/mesa-az/,/std-testing/mesa-az/,7,,,337,no,no,
2026-09-28,std testing mesquite tx,phone,std-city,/std-testing/mesquite-tx/,/std-testing/mesquite-tx/,4,4.0,,130,no,no,
2026-09-28,std testing mesquite tx,desktop,std-city,/std-testing/mesquite-tx/,/std-testing/mesquite-tx/,23,,,130,no,no,
2026-09-28,std testing metairie la,phone,std-city,/std-testing/metairie-la/,/std-testing/metairie-la/,5,5.0,,323,no,no,
2026-09-28,std testing metairie la,desktop,std-city,/std-testing/metairie-la/,/std-testing/metairie-la/,5,,,323,no,no,
2026-09-28,std testing methuen ma,phone,std-city,/blood-testing/methuen-ma/,/std-testing/methuen-ma/,3,3.0,,142,no,no,
2026-09-28,std testing methuen ma,desktop,std-city,/blood-testing/methuen-ma/,/std-testing/methuen-ma/,2,,,142,yes,yes,
2026-09-28,std testing midland tx,phone,std-city,/std-testing/cloverleaf-tx/,/std-testing/midland-tx/,7,7.0,,332,no,no,
2026-09-28,std testing midland tx,desktop,std-city,/std-testing/cloverleaf-tx/,/std-testing/midland-tx/,4,,,332,no,no,
2026-09-28,std testing midwest city,phone,std-city,/std-testing/midwest-city-ok/,/std-testing/midwest-city-ok/,5,5.0,,243,no,no,
2026-09-28,std testing midwest city,desktop,std-city,/std-testing/midwest-city-ok/,/std-testing/midwest-city-ok/,5,,,243,no,no,
2026-09-28,std testing milford,phone,std-city,/std-testing/milford-ct/,/std-testing/milford-ct/,4,4.0,,187,no,no,
2026-09-28,std testing milford,desktop,std-city,/std-testing/milford-ct/,/std-testing/milford-ct/,1,,,187,no,no,
2026-09-28,std testing milpitas ca,phone,std-city,/std-testing/milpitas-ca/,/std-testing/milpitas-ca/,4,4.0,,237,no,no,
2026-09-28,std testing milpitas ca,desktop,std-city,/std-testing/milpitas-ca/,/std-testing/milpitas-ca/,4,,,237,no,no,
2026-09-28,std testing miramar fl,phone,std-city,/std-testing/miramar-fl/,/std-testing/miramar-fl/,5,5.0,,180,no,no,
2026-09-28,std testing miramar fl,desktop,std-city,/std-testing/miramar-fl/,/std-testing/miramar-fl/,3,,,180,no,no,
2026-09-28,std testing mishawaka,phone,std-city,/std-testing/mishawaka-in/,/std-testing/mishawaka-in/,5,5.0,,177,no,no,
2026-09-28,std testing mishawaka,desktop,std-city,/std-testing/mishawaka-in/,/std-testing/mishawaka-in/,2,,,177,no,no,
2026-09-28,std testing mission tx,phone,std-city,/std-testing/mission-tx/,/std-testing/mission-tx/,4,4.0,,142,no,no,
2026-09-28,std testing mission tx,desktop,std-city,/std-testing/mission-tx/,/std-testing/mission-tx/,4,,,142,no,no,
2026-09-28,std testing missoula mt,phone,std-city,/std-testing/missoula-mt/,/std-testing/missoula-mt/,5,5.0,,170,no,no,
2026-09-28,std testing missoula mt,desktop,std-city,/std-testing/missoula-mt/,/std-testing/missoula-mt/,5,,,170,no,no,
2026-09-28,std testing missouri city tx,phone,std-city,/std-testing/missouri-city-tx/,/std-testing/missouri-city-tx/,5,5.0,,196,no,no,
2026-09-28,std testing missouri city tx,desktop,std-city,/std-testing/missouri-city-tx/,/std-testing/hurst-tx/,5,,,196,no,no,
2026-09-28,std testing monroe la,phone,std-city,/std-testing/monroe-la/,/std-testing/louisiana/,16,10.0,,175,no,no,other page ranks
2026-09-28,std testing monroe la,desktop,std-city,/std-testing/monroe-la/,/std-testing/monroe-la/,4,,,175,no,no,
2026-09-28,std testing moore,phone,std-city,/std-testing/moore-ok/,/std-testing/moore-ok/,4,5.0,,173,no,no,
2026-09-28,std testing moore,desktop,std-city,/std-testing/moore-ok/,/std-testing/moore-ok/,5,,,173,no,no,
2026-09-28,std testing moreno valley ca,phone,std-city,/std-testing/moreno-valley-ca/,/std-testing/moreno-valley-ca/,4,6.0,,237,no,no,
2026-09-28,std testing moreno valley ca,desktop,std-city,/std-testing/moreno-valley-ca/,/std-testing/moreno-valley-ca/,3,,,237,no,no,
2026-09-28,std testing mount vernon ny,phone,std-city,/std-testing/mount-vernon-ny/,/std-testing/mount-vernon-ny/,7,7.0,,129,no,no,
2026-09-28,std testing mount vernon ny,desktop,std-city,/std-testing/mount-vernon-ny/,/std-testing/mount-vernon-ny/,7,,,129,no,no,
2026-09-28,std testing mountain view ca,phone,std-city,/std-testing/mountain-view-ca/,/std-testing/mountain-view-ca/,5,5.0,,93,no,no,
2026-09-28,std testing mountain view ca,desktop,std-city,/std-testing/mountain-view-ca/,/std-testing/mountain-view-ca/,1,,,93,yes,no,
2026-09-28,std testing murfreesboro tn,phone,std-city,/std-testing/murfreesboro-tn/,/std-testing/murfreesboro-tn/,5,5.0,,227,no,no,
2026-09-28,std testing murfreesboro tn,desktop,std-city,/std-testing/murfreesboro-tn/,/std-testing/murfreesboro-tn/,2,,,227,no,no,
2026-09-28,std testing murray utah,phone,std-city,/std-testing/murray-ut/,/std-testing/murray-ut/,5,5.0,,409,no,no,
2026-09-28,std testing murray utah,desktop,std-city,/std-testing/murray-ut/,/std-testing/murray-ut/,5,,,409,yes,no,
2026-09-28,std testing murrieta ca,phone,std-city,/std-testing/murrieta-ca/,/std-testing/murrieta-ca/,5,5.0,,244,no,no,
2026-09-28,std testing murrieta ca,desktop,std-city,/std-testing/murrieta-ca/,/std-testing/murrieta-ca/,5,,,244,no,no,
2026-09-28,std testing muskegon mi,phone,std-city,/std-testing/muskegon-mi/,/std-testing/muskegon-mi/,25,5.0,,164,no,no,
2026-09-28,std testing muskegon mi,desktop,std-city,/std-testing/muskegon-mi/,/std-testing/muskegon-mi/,5,,,164,no,no,
2026-09-28,std testing muskogee,phone,std-city,/std-testing/muskogee-ok/,/std-testing/muskogee-ok/,6,6.0,,114,no,no,
2026-09-28,std testing muskogee,desktop,std-city,/std-testing/muskogee-ok/,/std-testing/muskogee-ok/,6,,,114,no,no,
2026-09-28,std testing myrtle beach sc,phone,std-city,/std-testing/myrtle-beach-sc/,/std-testing/myrtle-beach-sc/,6,6.0,,166,no,no,
2026-09-28,std testing myrtle beach sc,desktop,std-city,/std-testing/myrtle-beach-sc/,/std-testing/myrtle-beach-sc/,6,,,166,no,no,
2026-09-28,std testing napa ca,phone,std-city,/std-testing/napa-ca/,/std-testing/napa-ca/,4,4.0,,208,no,no,
2026-09-28,std testing napa ca,desktop,std-city,/std-testing/napa-ca/,/std-testing/napa-ca/,3,,,208,yes,yes,
2026-09-28,std testing naperville il,phone,std-city,/std-testing/naperville-il/,/std-testing/naperville-il/,5,5.0,,188,no,no,
2026-09-28,std testing naperville il,desktop,std-city,/std-testing/naperville-il/,/std-testing/naperville-il/,5,,,188,no,no,
2026-09-28,std testing nashua nh,phone,std-city,/std-testing/nashua-nh/,/std-testing/nashua-nh/,26,6.0,,306,no,no,
2026-09-28,std testing nashua nh,desktop,std-city,/std-testing/nashua-nh/,/std-testing/nashua-nh/,6,,,306,no,no,
2026-09-28,std testing national city,phone,std-city,/std-testing/national-city-ca/,/std-testing/national-city-ca/,5,4.5,,250,no,no,
2026-09-28,std testing national city,desktop,std-city,/std-testing/national-city-ca/,/std-testing/national-city-ca/,5,,,250,no,no,
2026-09-28,std testing new bedford ma,phone,std-city,/std-testing/new-bedford-ma/,/std-testing/new-bedford-ma/,5,5.0,,195,no,no,
2026-09-28,std testing new bedford ma,desktop,std-city,/std-testing/new-bedford-ma/,/std-testing/new-bedford-ma/,5,,,195,no,no,
2026-09-28,std testing new braunfels tx,phone,std-city,/std-testing/new-braunfels-tx/,/std-testing/new-braunfels-tx/,4,5.0,,78,yes,yes,
2026-09-28,std testing new braunfels tx,desktop,std-city,/std-testing/new-braunfels-tx/,/std-testing/new-braunfels-tx/,3,,,78,yes,yes,
2026-09-28,std testing new orleans la,phone,std-city,/std-testing/new-orleans-la/,/std-testing/new-orleans-la/,5,5.0,,214,no,no,
2026-09-28,std testing new orleans la,desktop,std-city,/std-testing/new-orleans-la/,/std-testing/new-orleans-la/,5,,,214,yes,yes,
2026-09-28,std testing new rochelle ny,phone,std-city,/std-testing/new-rochelle-ny/,/std-testing/new-rochelle-ny/,2,3.0,,187,no,no,
2026-09-28,std testing new rochelle ny,desktop,std-city,/std-testing/new-rochelle-ny/,/std-testing/new-rochelle-ny/,2,,,187,no,no,
2026-09-28,std testing newark nj,phone,std-city,/std-testing/newark-nj/,/std-testing/newark-nj/,5,2.0,,217,no,no,
2026-09-28,std testing newark nj,desktop,std-city,/std-testing/newark-nj/,/std-testing/newark-nj/,5,,,217,no,no,
2026-09-28,std testing newburgh ny,phone,std-city,/std-testing/newburgh-ny/,/std-testing/newburgh-ny/,4,4.0,,199,no,no,
2026-09-28,std testing newburgh ny,desktop,std-city,/std-testing/newburgh-ny/,/std-testing/newburgh-ny/,3,,,199,yes,no,
2026-09-28,std testing newport beach ca,phone,std-city,/std-testing/newport-beach-ca/,/std-testing/newport-beach-ca/,6,5.5,,228,no,no,
2026-09-28,std testing newport beach ca,desktop,std-city,/std-testing/newport-beach-ca/,/std-testing/newport-beach-ca/,6,,,228,no,no,
2026-09-28,std testing newport news va,phone,std-city,/std-testing/newport-news-va/,/std-testing/newport-news-va/,4,4.0,,151,no,no,
2026-09-28,std testing newport news va,desktop,std-city,/std-testing/newport-news-va/,/std-testing/newport-news-va/,4,,,151,no,no,
2026-09-28,std testing noblesville,phone,std-city,/std-testing/noblesville-in/,/std-testing/noblesville-in/,5,5.0,,328,no,no,
2026-09-28,std testing noblesville,desktop,std-city,/std-testing/noblesville-in/,/std-testing/noblesville-in/,6,,,328,no,no,
2026-09-28,std testing norfolk va,phone,std-city,/std-testing/norfolk-va/,/std-testing/norfolk-va/,6,6.0,,175,no,no,
2026-09-28,std testing norfolk va,desktop,std-city,/std-testing/norfolk-va/,/std-testing/norfolk-va/,6,,,175,no,no,
2026-09-28,std testing norman ok,phone,std-city,/std-testing/norman-ok/,/std-testing/norman-ok/,4,4.0,,235,no,no,
2026-09-28,std testing norman ok,desktop,std-city,/std-testing/norman-ok/,/std-testing/norman-ok/,4,,,235,no,no,
2026-09-28,std testing north charleston sc,phone,std-city,/std-testing/charleston-sc/,/std-testing/charleston-sc/,7,7.0,,167,no,no,
2026-09-28,std testing north charleston sc,desktop,std-city,/std-testing/charleston-sc/,/std-testing/charleston-sc/,7,,,167,no,no,
2026-09-28,std testing north little rock,phone,std-city,/std-testing/little-rock-ar/,/std-testing/north-little-rock-ar/,22,13.5,,232,no,no,
2026-09-28,std testing north little rock,desktop,std-city,/std-testing/little-rock-ar/,/std-testing/little-rock-ar/,5,,,232,no,no,
2026-09-28,std testing north little rock ar,phone,std-city,/std-testing/little-rock-ar/,/std-testing/little-rock-ar/,5,5.0,,147,no,no,
2026-09-28,std testing north little rock ar,desktop,std-city,/std-testing/little-rock-ar/,/std-testing/little-rock-ar/,5,,,147,no,no,
2026-09-28,std testing north miami,phone,std-city,/std-testing/miami-beach-fl/,/std-testing/miami-beach-fl/,4,6.0,,403,no,no,
2026-09-28,std testing north miami,desktop,std-city,/std-testing/miami-beach-fl/,/std-testing/miami-beach-fl/,6,,,403,no,no,
2026-09-28,std testing north miami beach,phone,std-city,/std-testing/miami-beach-fl/,/std-testing/miami-beach-fl/,4,4.0,,343,no,no,
2026-09-28,std testing north miami beach,desktop,std-city,/std-testing/miami-beach-fl/,/std-testing/miami-beach-fl/,4,,,343,no,no,
2026-09-28,std testing norwalk ct,phone,std-city,/std-testing/norwalk-ct/,/std-testing/norwalk-ct/,6,6.0,,135,no,no,
2026-09-28,std testing norwalk ct,desktop,std-city,/std-testing/norwalk-ct/,/std-testing/norwalk-ct/,6,,,135,no,no,
2026-09-28,std testing novi,phone,std-city,/std-testing/novi-mi/,/std-testing/novi-mi/,5,5.0,,228,no,no,
2026-09-28,std testing novi,desktop,std-city,/std-testing/novi-mi/,/std-testing/novi-mi/,5,,,228,no,no,
2026-09-28,std testing novi mi,phone,std-city,/std-testing/novi-mi/,/std-testing/novi-mi/,5,5.0,,187,no,no,
2026-09-28,std testing novi mi,desktop,std-city,/std-testing/novi-mi/,/std-testing/novi-mi/,5,,,187,no,no,
2026-09-28,std testing oak lawn,phone,std-city,/std-testing/oak-lawn-il/,/std-testing/oak-lawn-il/,6,8.0,,245,no,no,
2026-09-28,std testing oak lawn,desktop,std-city,/std-testing/oak-lawn-il/,/std-testing/oak-lawn-il/,5,,,245,yes,yes,
2026-09-28,std testing oak lawn il,phone,std-city,/std-testing/oak-lawn-il/,/std-testing/oak-lawn-il/,3,3.0,,185,no,no,
2026-09-28,std testing oak lawn il,desktop,std-city,/std-testing/oak-lawn-il/,/std-testing/oak-lawn-il/,1,,,185,yes,yes,
2026-09-28,std testing oak park,phone,std-city,/std-testing/oak-park-il/,/std-testing/oak-park-il/,5,5.0,,256,no,no,
2026-09-28,std testing oak park,desktop,std-city,/std-testing/oak-park-il/,/std-testing/oak-park-il/,6,,,256,no,no,
2026-09-28,std testing oak park il,phone,std-city,/std-testing/oak-park-il/,/std-testing/oak-park-il/,5,5.0,,192,no,no,
2026-09-28,std testing oak park il,desktop,std-city,/std-testing/oak-park-il/,/std-testing/oak-park-il/,5,,,192,no,no,
2026-09-28,std testing oakland ca,phone,std-city,/std-testing/oakland-ca/,/std-testing/oakland-ca/,5,5.0,,150,no,no,
2026-09-28,std testing oakland ca,desktop,std-city,/std-testing/oakland-ca/,/std-testing/oakland-ca/,5,,,150,no,no,
2026-09-28,std testing oakland park,phone,std-city,/std-testing/oakland-park-fl/,/std-testing/oakland-park-fl/,4,4.0,,274,yes,no,
2026-09-28,std testing oakland park,desktop,std-city,/std-testing/oakland-park-fl/,/std-testing/oakland-park-fl/,6,,,274,no,no,
2026-09-28,std testing ocala fl,phone,std-city,/std-testing/ocala-fl/,/std-testing/ocala-fl/,6,7.0,,113,no,no,
2026-09-28,std testing ocala fl,desktop,std-city,/std-testing/ocala-fl/,/std-testing/fish-hawk-fl/,10,,,113,no,no,
2026-09-28,std testing oceanside ca,phone,std-city,/std-testing/oceanside-ca/,/std-testing/oceanside-ca/,5,5.0,,128,no,no,
2026-09-28,std testing oceanside ca,desktop,std-city,/std-testing/oceanside-ca/,/std-testing/oceanside-ca/,5,,,128,no,no,
2026-09-28,std testing ocoee,phone,std-city,/std-testing/alafaya-fl/,/std-testing/ocoee-fl/,5,4.0,,251,no,no,
2026-09-28,std testing ocoee,desktop,std-city,/std-testing/alafaya-fl/,/std-testing/ocoee-fl/,2,,,251,no,no,
2026-09-28,std testing odessa tx,phone,std-city,/std-testing/odessa-tx/,/std-testing/odessa-tx/,5,5.0,,317,no,no,
2026-09-28,std testing odessa tx,desktop,std-city,/std-testing/odessa-tx/,/std-testing/odessa-tx/,5,,,317,no,no,
2026-09-28,std testing oklahoma city ok,phone,std-city,/std-testing/oklahoma-city-ok/,/std-testing/oklahoma-city-ok/,7,7.0,,197,no,no,
2026-09-28,std testing oklahoma city ok,desktop,std-city,/std-testing/oklahoma-city-ok/,/std-testing/oklahoma-city-ok/,7,,,197,no,no,
2026-09-28,std testing olathe ks,phone,std-city,/std-testing/olathe-ks/,/std-testing/olathe-ks/,4,4.5,,252,no,no,
2026-09-28,std testing olathe ks,desktop,std-city,/std-testing/olathe-ks/,/std-testing/olathe-ks/,5,,,252,no,no,
2026-09-28,std testing olney md,phone,std-city,/std-testing/olney-md/,/std-testing/olney-md/,4,5.0,,278,no,no,
2026-09-28,std testing olney md,desktop,std-city,/std-testing/olney-md/,/std-testing/olney-md/,4,,,278,no,no,
2026-09-28,std testing ontario ca,phone,std-city,/std-testing/ontario-ca/,/std-testing/ontario-ca/,4,4.0,,150,no,no,
2026-09-28,std testing ontario ca,desktop,std-city,/std-testing/ontario-ca/,/std-testing/ontario-ca/,4,,,150,no,no,
2026-09-28,std testing orangeburg sc,phone,std-city,/std-testing/orangeburg-sc/,/std-testing/orangeburg-sc/,4,4.0,,213,no,no,
2026-09-28,std testing orangeburg sc,desktop,std-city,/std-testing/orangeburg-sc/,/std-testing/orangeburg-sc/,4,,,213,no,no,
2026-09-28,std testing orland park il,phone,std-city,/std-testing/orland-park-il/,/std-testing/orland-park-il/,5,6.0,,181,no,no,
2026-09-28,std testing orland park il,desktop,std-city,/std-testing/orland-park-il/,/std-testing/orland-park-il/,2,,,181,no,no,
2026-09-28,std testing orlando fl,phone,std-city,/std-testing/orlando-fl/,/std-testing/orlando-fl/,4,5.5,,155,no,no,
2026-09-28,std testing orlando fl,desktop,std-city,/std-testing/orlando-fl/,/std-testing/orlando-fl/,4,,,155,no,no,
2026-09-28,std testing overland park ks,phone,std-city,/std-testing/overland-park-ks/,/std-testing/overland-park-ks/,6,6.0,,206,no,no,
2026-09-28,std testing overland park ks,desktop,std-city,/std-testing/overland-park-ks/,/std-testing/overland-park-ks/,6,,,206,no,no,
2026-09-28,std testing owensboro ky,phone,std-city,/std-testing/owensboro-ky/,/std-testing/owensboro-ky/,4,4.0,,200,no,no,
2026-09-28,std testing owensboro ky,desktop,std-city,/std-testing/owensboro-ky/,/std-testing/owensboro-ky/,4,,,200,no,no,
2026-09-28,std testing oxnard ca,phone,std-city,/std-testing/oxnard-ca/,/std-testing/oxnard-ca/,3,3.0,,321,no,no,
2026-09-28,std testing oxnard ca,desktop,std-city,/std-testing/oxnard-ca/,/std-testing/oxnard-ca/,2,,,321,yes,yes,
2026-09-28,std testing palatine,phone,std-city,/std-testing/palatine-il/,/std-testing/palatine-il/,4,4.0,,221,no,no,
2026-09-28,std testing palatine,desktop,std-city,/std-testing/palatine-il/,/std-testing/palatine-il/,4,,,221,no,no,
2026-09-28,std testing palatine il,phone,std-city,/std-testing/palatine-il/,/std-testing/palatine-il/,4,4.0,,223,no,no,
2026-09-28,std testing palatine il,desktop,std-city,/std-testing/palatine-il/,/std-testing/palatine-il/,4,,,223,no,no,
2026-09-28,std testing palm bay fl,phone,std-city,/std-testing/palm-bay-fl/,/std-testing/palm-bay-fl/,6,6.0,,344,no,no,
2026-09-28,std testing palm bay fl,desktop,std-city,/std-testing/palm-bay-fl/,/std-testing/palm-bay-fl/,5,,,344,no,no,
2026-09-28,std testing palm beach gardens,phone,std-city,/std-testing/west-palm-beach-fl/,/std-testing/west-palm-beach-fl/,6,6.0,,323,no,no,
2026-09-28,std testing palm beach gardens,desktop,std-city,/std-testing/west-palm-beach-fl/,/std-testing/west-palm-beach-fl/,6,,,323,no,no,
2026-09-28,std testing palm beach gardens fl,phone,std-city,/std-testing/west-palm-beach-fl/,/std-testing/west-palm-beach-fl/,4,5.5,,246,no,no,
2026-09-28,std testing palm beach gardens fl,desktop,std-city,/std-testing/west-palm-beach-fl/,/std-testing/west-palm-beach-fl/,7,,,246,no,no,
2026-09-28,std testing palm coast fl,phone,std-city,/std-testing/palm-coast-fl/,/std-testing/palm-coast-fl/,6,6.0,,160,no,no,
2026-09-28,std testing palm coast fl,desktop,std-city,/std-testing/palm-coast-fl/,/std-testing/palm-coast-fl/,6,,,160,no,no,
2026-09-28,std testing palm springs,phone,std-city,/std-testing/palm-springs-ca/,/std-testing/palm-springs-ca/,6,6.0,,258,no,no,
2026-09-28,std testing palm springs,desktop,std-city,/std-testing/palm-springs-ca/,/std-testing/palm-springs-ca/,6,,,258,no,no,
2026-09-28,std testing palmdale ca,phone,std-city,/std-testing/palmdale-ca/,/std-testing/palmdale-ca/,3,3.0,,163,yes,no,
2026-09-28,std testing palmdale ca,desktop,std-city,/std-testing/palmdale-ca/,/std-testing/palmdale-ca/,2,,,163,no,no,
2026-09-28,std testing palo alto,phone,std-city,/std-testing/palo-alto-ca/,/std-testing/palo-alto-ca/,7,7.0,,364,no,no,
2026-09-28,std testing palo alto,desktop,std-city,/std-testing/palo-alto-ca/,/std-testing/palo-alto-ca/,4,,,364,yes,yes,
2026-09-28,std testing palo alto ca,phone,std-city,/std-testing/palo-alto-ca/,/std-testing/palo-alto-ca/,5,5.0,,280,no,no,
2026-09-28,std testing palo alto ca,desktop,std-city,/std-testing/palo-alto-ca/,/std-testing/palo-alto-ca/,3,,,280,no,no,
2026-09-28,std testing panama city fl,phone,std-city,/std-testing/panama-city-beach-fl/,/std-testing/panama-city-beach-fl/,5,5.0,,122,no,no,
2026-09-28,std testing panama city fl,desktop,std-city,/std-testing/panama-city-beach-fl/,/std-testing/panama-city-beach-fl/,5,,,122,no,no,
2026-09-28,std testing park ridge,phone,std-city,/std-testing/park-ridge-il/,/std-testing/park-ridge-il/,4,4.0,,175,no,no,
2026-09-28,std testing park ridge,desktop,std-city,/std-testing/park-ridge-il/,/std-testing/park-ridge-il/,4,,,175,no,no,
2026-09-28,std testing parker co,phone,std-city,/std-testing/parker-co/,/std-testing/parker-co/,4,4.0,,135,no,no,
2026-09-28,std testing parker co,desktop,std-city,/std-testing/parker-co/,/std-testing/englewood-co/,1,,,135,no,no,
2026-09-28,std testing parma oh,phone,std-city,/std-testing/parma-oh/,/std-testing/parma-oh/,5,5.0,,258,no,no,
2026-09-28,std testing parma oh,desktop,std-city,/std-testing/parma-oh/,/std-testing/parma-oh/,2,,,258,no,no,
2026-09-28,std testing pasadena ca,phone,std-city,/std-testing/pasadena-ca/,/std-testing/pasadena-tx/,10,10.0,,316,no,no,other page ranks
2026-09-28,std testing pasadena ca,desktop,std-city,/std-testing/pasadena-ca/,/std-testing/pasadena-tx/,10,,,316,no,no,
2026-09-28,std testing pasadena tx,phone,std-city,/std-testing/pasadena-tx/,/std-testing/pasadena-tx/,4,4.0,,193,no,no,
2026-09-28,std testing pasadena tx,desktop,std-city,/std-testing/pasadena-tx/,/std-testing/pasadena-tx/,4,,,193,no,no,
2026-09-28,std testing pasco wa,phone,std-city,/std-testing/pasco-wa/,/std-testing/pasco-wa/,4,4.0,,262,yes,no,
2026-09-28,std testing pasco wa,desktop,std-city,/std-testing/pasco-wa/,/std-testing/pasco-wa/,3,,,262,yes,yes,
2026-09-28,std testing paso robles ca,phone,std-city,/std-testing/paso-robles-ca/,/std-testing/paso-robles-ca/,5,4.0,,186,no,no,
2026-09-28,std testing paso robles ca,desktop,std-city,/std-testing/paso-robles-ca/,/std-testing/paso-robles-ca/,2,,,186,no,no,
2026-09-28,std testing paterson nj,phone,std-city,/std-testing/paterson-nj/,/std-testing/paterson-nj/,5,5.0,,89,no,no,
2026-09-28,std testing paterson nj,desktop,std-city,/std-testing/paterson-nj/,/std-testing/paterson-nj/,5,,,89,no,no,
2026-09-28,std testing pawtucket ri,phone,std-city,/std-testing/pawtucket-ri/,/std-testing/pawtucket-ri/,5,3.5,,303,no,no,
2026-09-28,std testing pawtucket ri,desktop,std-city,/std-testing/pawtucket-ri/,/std-testing/pawtucket-ri/,5,,,303,yes,yes,
2026-09-28,std testing peabody ma,phone,std-city,/std-testing/peabody-ma/,/std-testing/peabody-ma/,3,5.0,,148,no,no,
2026-09-28,std testing peabody ma,desktop,std-city,/std-testing/peabody-ma/,/std-testing/peabody-ma/,5,,,148,no,no,
2026-09-28,std testing peachtree corners,phone,std-city,/std-testing/peachtree-corners-ga/,/std-testing/peachtree-corners-ga/,4,4.0,,159,no,no,
2026-09-28,std testing peachtree corners,desktop,std-city,/std-testing/peachtree-corners-ga/,/std-testing/peachtree-corners-ga/,4,,,159,no,no,
2026-09-28,std testing pearland tx,phone,std-city,/std-testing/pearland-tx/,/std-testing/pearland-tx/,5,5.0,,172,no,no,
2026-09-28,std testing pearland tx,desktop,std-city,/std-testing/pearland-tx/,/std-testing/pearland-tx/,5,,,172,no,no,
2026-09-28,std testing pembroke pines fl,phone,std-city,/std-testing/cooper-city-fl/,/std-testing/pembroke-pines-fl/,5,5.0,,266,no,no,
2026-09-28,std testing pembroke pines fl,desktop,std-city,/std-testing/cooper-city-fl/,/std-testing/pembroke-pines-fl/,5,,,266,yes,yes,
2026-09-28,std testing pensacola fl,phone,std-city,/std-testing/pensacola-fl/,/std-testing/pensacola-fl/,9,9.0,,111,no,no,
2026-09-28,std testing pensacola fl,desktop,std-city,/std-testing/pensacola-fl/,/std-testing/fruit-cove-fl/,8,,,111,no,no,
2026-09-28,std testing peoria az,phone,std-city,/std-testing/peoria-az/,/std-testing/peoria-az/,3,3.0,,238,no,no,
2026-09-28,std testing peoria az,desktop,std-city,/std-testing/peoria-az/,/std-testing/peoria-az/,5,,,238,yes,yes,
2026-09-28,std testing perris ca,phone,std-city,/std-testing/perris-ca/,/std-testing/perris-ca/,4,4.0,,74,no,no,
2026-09-28,std testing perris ca,desktop,std-city,/std-testing/perris-ca/,/std-testing/perris-ca/,4,,,74,no,no,
2026-09-28,std testing pflugerville,phone,std-city,/std-testing/pflugerville-tx/,/std-testing/pflugerville-tx/,5,5.0,,242,no,no,
2026-09-28,std testing pflugerville,desktop,std-city,/std-testing/pflugerville-tx/,/std-testing/pflugerville-tx/,7,,,242,no,no,
2026-09-28,std testing pico rivera ca,phone,std-city,/std-testing/pico-rivera-ca/,/std-testing/pico-rivera-ca/,4,4.0,,164,no,no,
2026-09-28,std testing pico rivera ca,desktop,std-city,/std-testing/pico-rivera-ca/,/std-testing/pico-rivera-ca/,1,,,164,yes,no,
2026-09-28,std testing pittsburg ca,phone,std-city,/std-testing/pittsburg-ca/,/std-testing/pittsburg-ca/,5,5.0,,280,no,no,
2026-09-28,std testing pittsburg ca,desktop,std-city,/std-testing/pittsburg-ca/,/std-testing/pittsburg-ca/,5,,,280,yes,no,
2026-09-28,std testing pittsburgh pa,phone,std-city,/std-testing/pittsburgh-pa/,/std-testing/pittsburgh-pa/,8,7.5,,70,no,no,
2026-09-28,std testing pittsburgh pa,desktop,std-city,/std-testing/pittsburgh-pa/,/std-testing/pittsburgh-pa/,7,,,70,no,no,
2026-09-28,std testing placentia ca,phone,std-city,/std-testing/placentia-ca/,/std-testing/placentia-ca/,1,1.0,,321,yes,no,
2026-09-28,std testing placentia ca,desktop,std-city,/std-testing/placentia-ca/,/std-testing/placentia-ca/,1,,,321,yes,yes,
2026-09-28,std testing plainfield,phone,std-city,/std-testing/plainfield-in/,/std-testing/plainfield-nj/,4,5.0,,339,no,no,
2026-09-28,std testing plainfield,desktop,std-city,/std-testing/plainfield-in/,/std-testing/plainfield-in/,5,,,339,no,no,
2026-09-28,std testing plant city fl,phone,std-city,/std-testing/plant-city-fl/,/std-testing/plant-city-fl/,7,7.0,,218,no,no,
2026-09-28,std testing plant city fl,desktop,std-city,/std-testing/plant-city-fl/,/std-testing/plant-city-fl/,7,,,218,no,no,
2026-09-28,std testing plantation fl,phone,std-city,/std-testing/plantation-fl/,/std-testing/plantation-fl/,3,3.0,,140,yes,no,
2026-09-28,std testing plantation fl,desktop,std-city,/std-testing/plantation-fl/,/std-testing/plantation-fl/,2,,,140,no,no,
2026-09-28,std testing pleasanton ca,phone,std-city,/std-testing/san-ramon-ca/,/std-testing/pleasanton-ca/,4,4.0,,183,no,no,
2026-09-28,std testing pleasanton ca,desktop,std-city,/std-testing/san-ramon-ca/,/std-testing/pleasanton-ca/,1,,,183,no,no,
2026-09-28,std testing pomona ca,phone,std-city,/std-testing/pomona-ca/,/std-testing/azusa-ca/,6,5.0,,97,no,no,other page ranks
2026-09-28,std testing pomona ca,desktop,std-city,/std-testing/pomona-ca/,/std-testing/pomona-ca/,5,,,97,no,no,
2026-09-28,std testing pompano beach fl,phone,std-city,/std-testing/pompano-beach-fl/,/std-testing/pompano-beach-fl/,4,4.0,,266,no,no,
2026-09-28,std testing pompano beach fl,desktop,std-city,/std-testing/pompano-beach-fl/,/std-testing/pompano-beach-fl/,4,,,266,no,no,
2026-09-28,std testing pooler ga,phone,std-city,/std-testing/pooler-ga/,/std-testing/pooler-ga/,2,2.0,,233,yes,yes,
2026-09-28,std testing pooler ga,desktop,std-city,/std-testing/pooler-ga/,/std-testing/pooler-ga/,1,,,233,yes,yes,
2026-09-28,std testing port arthur tx,phone,std-city,/std-testing/port-arthur-tx/,/std-testing/port-arthur-tx/,5,5.0,,170,no,no,
2026-09-28,std testing port arthur tx,desktop,std-city,/std-testing/port-arthur-tx/,/std-testing/port-arthur-tx/,5,,,170,no,no,
2026-09-28,std testing port charlotte fl,phone,std-city,/std-testing/port-charlotte-fl/,/std-testing/port-charlotte-fl/,8,8.0,,229,no,no,
2026-09-28,std testing port charlotte fl,desktop,std-city,/std-testing/port-charlotte-fl/,/std-testing/port-charlotte-fl/,8,,,229,no,no,
2026-09-28,std testing port orange,phone,std-city,/std-testing/port-orange-fl/,/std-testing/port-orange-fl/,4,4.0,,199,no,no,
2026-09-28,std testing port orange,desktop,std-city,/std-testing/port-orange-fl/,/std-testing/port-orange-fl/,5,,,199,no,no,
2026-09-28,std testing portsmouth nh,phone,std-city,/std-testing/portsmouth-nh/,/std-testing/new-hampshire/,16,10.0,,162,no,no,other page ranks
2026-09-28,std testing portsmouth nh,desktop,std-city,/std-testing/portsmouth-nh/,/std-testing/portsmouth-nh/,1,,,162,no,no,
2026-09-28,std testing portsmouth va,phone,std-city,/std-testing/portsmouth-va/,/std-testing/portsmouth-va/,3,3.0,,112,yes,no,
2026-09-28,std testing portsmouth va,desktop,std-city,/std-testing/portsmouth-va/,/std-testing/portsmouth-va/,2,,,112,no,no,
2026-09-28,std testing pottsville pa,phone,std-city,/std-testing/pottsville-pa/,/std-testing/pottsville-pa/,3,3.0,,196,no,no,
2026-09-28,std testing pottsville pa,desktop,std-city,/std-testing/pottsville-pa/,/std-testing/pottsville-pa/,3,,,196,no,no,
2026-09-28,std testing poughkeepsie ny,phone,std-city,/std-testing/poughkeepsie-ny/,/std-testing/poughkeepsie-ny/,5,5.0,,78,yes,no,
2026-09-28,std testing poughkeepsie ny,desktop,std-city,/std-testing/poughkeepsie-ny/,/std-testing/poughkeepsie-ny/,3,,,78,no,no,
2026-09-28,std testing prairieville la,phone,std-city,/std-testing/prairieville-la/,/std-testing/prairieville-la/,4,4.0,,343,no,no,
2026-09-28,std testing prairieville la,desktop,std-city,/std-testing/prairieville-la/,/std-testing/prairieville-la/,4,,,343,no,no,
2026-09-28,std testing prescott az,phone,std-city,/std-testing/prescott-az/,/std-testing/prescott-az/,4,4.0,,129,no,no,
2026-09-28,std testing prescott az,desktop,std-city,/std-testing/prescott-az/,/std-testing/prescott-az/,1,,,129,no,no,
2026-09-28,std testing price,phone,std-pages,/std-test-pricing/,/std-test-pricing/,1,1.0,,168,yes,no,
2026-09-28,std testing price,desktop,std-pages,/std-test-pricing/,/std-test-pricing/,1,,,168,no,no,
2026-09-28,std testing princeton nj,phone,std-city,/std-testing/princeton-nj/,/std-testing/princeton-nj/,11,11.0,,185,no,no,
2026-09-28,std testing princeton nj,desktop,std-city,/std-testing/princeton-nj/,/std-testing/perth-amboy-nj/,8,,,185,no,no,
2026-09-28,std testing process,phone,std-pages,/std-testing/,/std-testing/,9,9.0,,42,no,no,
2026-09-28,std testing process,desktop,std-pages,/std-testing/,/std-testing/,36,,,42,no,no,
2026-09-28,std testing providence ri,phone,std-city,/std-testing/rhode-island/,/std-testing/rhode-island/,4,4.0,,320,no,no,
2026-09-28,std testing providence ri,desktop,std-city,/std-testing/rhode-island/,/std-testing/rhode-island/,5,,,320,no,no,
2026-09-28,std testing pueblo co,phone,std-city,/std-testing/pueblo-co/,/std-testing/pueblo-co/,24,14.0,,167,no,no,
2026-09-28,std testing pueblo co,desktop,std-city,/std-testing/pueblo-co/,/std-testing/pueblo-co/,4,,,167,no,no,
2026-09-28,std testing puyallup,phone,std-city,/std-testing/washington/,/std-testing/puyallup-wa/,5,5.0,,199,no,no,
2026-09-28,std testing puyallup,desktop,std-city,/std-testing/washington/,/std-testing/puyallup-wa/,2,,,199,yes,yes,
2026-09-28,std testing puyallup wa,phone,std-city,/std-testing/puyallup-wa/,/std-testing/puyallup-wa/,5,5.0,,148,no,no,
2026-09-28,std testing puyallup wa,desktop,std-city,/std-testing/puyallup-wa/,/std-testing/puyallup-wa/,5,,,148,no,no,
2026-09-28,std testing queens ny,phone,std-city,/std-testing/queens-ny/,/std-testing/queens-ny/,7,7.0,,193,no,no,
2026-09-28,std testing queens ny,desktop,std-city,/std-testing/queens-ny/,/std-testing/queens-ny/,7,,,193,no,no,
2026-09-28,std testing quincy ma,phone,std-city,/std-testing/quincy-ma/,/std-testing/quincy-ma/,4,4.0,,121,no,no,
2026-09-28,std testing quincy ma,desktop,std-city,/std-testing/quincy-ma/,/std-testing/quincy-ma/,4,,,121,no,no,
2026-09-28,std testing racine wi,phone,std-city,/std-testing/racine-wi/,/std-testing/racine-wi/,6,6.0,,192,no,no,
2026-09-28,std testing racine wi,desktop,std-city,/std-testing/racine-wi/,/std-testing/racine-wi/,6,,,192,no,no,
2026-09-28,std testing raleigh nc,phone,std-city,/std-testing/raleigh-nc/,/std-testing/raleigh-nc/,8,8.0,,460,no,no,
2026-09-28,std testing raleigh nc,desktop,std-city,/std-testing/raleigh-nc/,/std-testing/raleigh-nc/,8,,,460,no,no,
2026-09-28,std testing rancho cucamonga ca,phone,std-city,/std-testing/rancho-cucamonga-ca/,/std-testing/rancho-cucamonga-ca/,4,1.0,,210,no,no,
2026-09-28,std testing rancho cucamonga ca,desktop,std-city,/std-testing/rancho-cucamonga-ca/,/std-testing/rancho-cucamonga-ca/,1,,,210,yes,yes,
2026-09-28,std testing rapid city sd,phone,std-city,/std-testing/rapid-city-sd/,/std-testing/rapid-city-sd/,5,4.0,,208,no,no,
2026-09-28,std testing rapid city sd,desktop,std-city,/std-testing/rapid-city-sd/,/std-testing/rapid-city-sd/,2,,,208,yes,no,
2026-09-28,std testing redding ca,phone,std-city,/std-testing/redding-ca/,/std-testing/redding-ca/,4,4.0,,104,yes,yes,
2026-09-28,std testing redding ca,desktop,std-city,/std-testing/redding-ca/,/std-testing/redding-ca/,3,,,104,yes,yes,
2026-09-28,std testing redmond wa,phone,std-city,/std-testing/redmond-wa/,/std-testing/redmond-wa/,3,4.0,,199,no,no,
2026-09-28,std testing redmond wa,desktop,std-city,/std-testing/redmond-wa/,/std-testing/redmond-wa/,2,,,199,yes,yes,
2026-09-28,std testing redwood city ca,phone,std-city,/std-testing/redwood-city-ca/,/std-testing/redwood-city-ca/,3,2.5,,138,no,no,
2026-09-28,std testing redwood city ca,desktop,std-city,/std-testing/redwood-city-ca/,/std-testing/redwood-city-ca/,2,,,138,yes,yes,
2026-09-28,std testing reno nv,phone,std-city,/std-testing/reno-nv/,/std-testing/reno-nv/,5,5.0,,219,no,no,
2026-09-28,std testing reno nv,desktop,std-city,/std-testing/reno-nv/,/std-testing/reno-nv/,5,,,219,no,no,
2026-09-28,std testing renton wa,phone,std-city,/std-testing/renton-wa/,/std-testing/renton-wa/,4,4.0,,172,no,no,
2026-09-28,std testing renton wa,desktop,std-city,/std-testing/renton-wa/,/std-testing/renton-wa/,4,,,172,no,no,
2026-09-28,std testing richardson tx,phone,std-city,/std-testing/richardson-tx/,/std-testing/richardson-tx/,4,4.0,,164,no,no,
2026-09-28,std testing richardson tx,desktop,std-city,/std-testing/richardson-tx/,/std-testing/richardson-tx/,4,,,164,no,no,
2026-09-28,std testing richmond va,phone,std-city,/std-testing/richmond-va/,/std-testing/richmond-va/,8,8.0,,166,no,no,
2026-09-28,std testing richmond va,desktop,std-city,/std-testing/richmond-va/,/std-testing/richmond-va/,8,,,166,no,no,
2026-09-28,std testing rio rancho nm,phone,std-city,/std-testing/rio-rancho-nm/,/std-testing/rio-rancho-nm/,4,4.0,,78,no,no,
2026-09-28,std testing rio rancho nm,desktop,std-city,/std-testing/rio-rancho-nm/,/std-testing/rio-rancho-nm/,5,,,78,no,no,
2026-09-28,std testing riverdale ga,phone,std-city,/std-testing/riverdale-ga/,/std-testing/riverdale-ga/,2,8.0,,249,no,no,
2026-09-28,std testing riverdale ga,desktop,std-city,/std-testing/riverdale-ga/,/std-testing/riverdale-ga/,3,,,249,yes,yes,
2026-09-28,std testing riverside ca,phone,std-city,/std-testing/riverside-ca/,/std-testing/riverside-ca/,6,7.0,,238,no,no,
2026-09-28,std testing riverside ca,desktop,std-city,/std-testing/riverside-ca/,/std-testing/riverside-ca/,6,,,238,no,no,
2026-09-28,std testing riverview fl,phone,std-city,/std-testing/riverview-fl/,/std-testing/riverview-fl/,4,4.0,,223,no,no,
2026-09-28,std testing riverview fl,desktop,std-city,/std-testing/riverview-fl/,/std-testing/riverview-fl/,1,,,223,no,no,
2026-09-28,std testing rochester ny,phone,std-city,/std-testing/rochester-ny/,/std-testing/rochester-ny/,8,8.0,,318,no,no,
2026-09-28,std testing rochester ny,desktop,std-city,/std-testing/rochester-ny/,/std-testing/rochester-ny/,8,,,318,no,no,
2026-09-28,std testing rock hill sc,phone,std-city,/std-testing/rock-hill-sc/,/std-testing/rock-hill-sc/,6,6.0,,153,yes,no,
2026-09-28,std testing rock hill sc,desktop,std-city,/std-testing/rock-hill-sc/,/std-testing/rock-hill-sc/,6,,,153,yes,no,
2026-09-28,std testing rocklin,phone,std-city,/std-testing/rocklin-ca/,/std-testing/rocklin-ca/,4,4.0,,234,no,no,
2026-09-28,std testing rocklin,desktop,std-city,/std-testing/rocklin-ca/,/std-testing/rocklin-ca/,4,,,234,no,no,
2026-09-28,std testing rockville,phone,std-city,/std-testing/rockville-md/,/std-testing/rockville-md/,8,8.0,,195,no,no,
2026-09-28,std testing rockville,desktop,std-city,/std-testing/rockville-md/,/std-testing/rockville-md/,8,,,195,no,no,
2026-09-28,std testing rockwall tx,phone,std-city,/std-testing/rockwall-tx/,/std-testing/rockwall-tx/,4,4.0,,147,no,no,
2026-09-28,std testing rockwall tx,desktop,std-city,/std-testing/rockwall-tx/,/std-testing/rockwall-tx/,4,,,147,no,no,
2026-09-28,std testing rome ga,phone,std-city,/std-testing/rome-ga/,/std-testing/rome-ga/,4,4.0,,165,no,no,
2026-09-28,std testing rome ga,desktop,std-city,/std-testing/rome-ga/,/std-testing/rome-ga/,4,,,165,no,no,
2026-09-28,std testing roseville ca,phone,std-city,/std-testing/roseville-ca/,/std-testing/roseville-ca/,6,6.0,,145,no,no,
2026-09-28,std testing roseville ca,desktop,std-city,/std-testing/roseville-ca/,/std-testing/roseville-ca/,6,,,145,no,no,
2026-09-28,std testing roswell ga,phone,std-city,/std-testing/roswell-ga/,/std-testing/roswell-ga/,6,6.0,,138,no,no,
2026-09-28,std testing roswell ga,desktop,std-city,/std-testing/roswell-ga/,/std-testing/roswell-ga/,3,,,138,no,no,
2026-09-28,std testing round rock tx,phone,std-city,/std-testing/round-rock-tx/,/std-testing/leander-tx/,22,13.0,,192,no,no,other page ranks
2026-09-28,std testing round rock tx,desktop,std-city,/std-testing/round-rock-tx/,/std-testing/round-rock-tx/,4,,,192,no,no,
2026-09-28,std testing rowlett,phone,std-city,/std-testing/rowlett-tx/,/std-testing/rowlett-tx/,5,5.0,,237,no,no,
2026-09-28,std testing rowlett,desktop,std-city,/std-testing/rowlett-tx/,/std-testing/rowlett-tx/,5,,,237,no,no,
2026-09-28,std testing royal oak,phone,std-city,/std-testing/royal-oak-mi/,/std-testing/royal-oak-mi/,6,4.0,,191,no,no,
2026-09-28,std testing royal oak,desktop,std-city,/std-testing/royal-oak-mi/,/std-testing/royal-oak-mi/,4,,,191,no,no,
2026-09-28,std testing ruston la,phone,std-city,/std-testing/ruston-la/,/std-testing/ruston-la/,5,5.0,,305,no,no,
2026-09-28,std testing ruston la,desktop,std-city,/std-testing/ruston-la/,/std-testing/ruston-la/,2,,,305,no,no,
2026-09-28,std testing saginaw mi,phone,std-city,/std-testing/saginaw-mi/,/std-testing/saginaw-mi/,6,6.0,,226,no,no,
2026-09-28,std testing saginaw mi,desktop,std-city,/std-testing/saginaw-mi/,/std-testing/saginaw-mi/,6,,,226,no,no,
2026-09-28,std testing salem or,phone,std-city,/std-testing/salem-or/,/std-testing/salem-or/,4,5.0,,188,no,no,
2026-09-28,std testing salem or,desktop,std-city,/std-testing/salem-or/,/std-testing/salem-or/,6,,,188,no,no,
2026-09-28,std testing salt lake city ut,phone,std-city,/std-testing/utah/,/std-testing/utah/,7,7.0,,246,no,no,
2026-09-28,std testing salt lake city ut,desktop,std-city,/std-testing/utah/,/std-testing/utah/,7,,,246,no,no,
2026-09-28,std testing san angelo tx,phone,std-city,/std-testing/san-angelo-tx/,/std-testing/san-angelo-tx/,6,6.0,,57,no,no,
2026-09-28,std testing san angelo tx,desktop,std-city,/std-testing/san-angelo-tx/,/std-testing/san-angelo-tx/,6,,,57,no,no,
2026-09-28,std testing san bernardino ca,phone,std-city,/std-testing/san-bernardino-ca/,/std-testing/san-bernardino-ca/,6,6.0,,322,no,no,
2026-09-28,std testing san bernardino ca,desktop,std-city,/std-testing/san-bernardino-ca/,/std-testing/san-bernardino-ca/,6,,,322,no,no,
2026-09-28,std testing san clemente ca,phone,std-city,/std-testing/san-clemente-ca/,/std-testing/san-clemente-ca/,4,4.0,,171,no,no,
2026-09-28,std testing san clemente ca,desktop,std-city,/std-testing/san-clemente-ca/,/std-testing/san-clemente-ca/,4,,,171,no,no,
2026-09-28,std testing san francisco ca,phone,std-city,/std-testing/san-francisco-ca/,/std-testing/san-francisco-ca/,7,9.0,,210,no,no,
2026-09-28,std testing san francisco ca,desktop,std-city,/std-testing/san-francisco-ca/,/std-testing/san-francisco-ca/,8,,,210,yes,no,
2026-09-28,std testing san gabriel,phone,std-city,/std-testing/san-gabriel-ca/,/std-testing/san-gabriel-ca/,1,1.5,,279,no,no,
2026-09-28,std testing san gabriel,desktop,std-city,/std-testing/san-gabriel-ca/,/std-testing/san-gabriel-ca/,1,,,279,yes,yes,
2026-09-28,std testing san marcos tx,phone,std-city,/std-testing/san-marcos-tx/,/std-testing/san-marcos-tx/,4,4.0,,160,no,no,
2026-09-28,std testing san marcos tx,desktop,std-city,/std-testing/san-marcos-tx/,/std-testing/san-marcos-tx/,4,,,160,no,no,
2026-09-28,std testing san rafael,phone,std-city,/std-testing/san-rafael-ca/,/std-testing/san-rafael-ca/,5,5.0,,133,yes,no,
2026-09-28,std testing san rafael,desktop,std-city,/std-testing/san-rafael-ca/,/std-testing/san-rafael-ca/,4,,,133,no,no,
2026-09-28,std testing san rafael ca,phone,std-city,/std-testing/san-rafael-ca/,/std-testing/san-rafael-ca/,7,7.0,,144,no,no,
2026-09-28,std testing san rafael ca,desktop,std-city,/std-testing/san-rafael-ca/,/std-testing/san-rafael-ca/,4,,,144,yes,yes,
2026-09-28,std testing san ramon ca,phone,std-city,/std-testing/san-ramon-ca/,/std-testing/san-ramon-ca/,4,4.0,,196,no,no,
2026-09-28,std testing san ramon ca,desktop,std-city,/std-testing/san-ramon-ca/,/std-testing/san-ramon-ca/,4,,,196,no,no,
2026-09-28,std testing sandy springs ga,phone,std-city,/std-testing/sandy-springs-ga/,/std-testing/sandy-springs-ga/,4,4.0,,152,no,no,
2026-09-28,std testing sandy springs ga,desktop,std-city,/std-testing/sandy-springs-ga/,/std-testing/sandy-springs-ga/,4,,,152,no,no,
2026-09-28,std testing santa ana ca,phone,std-city,/std-testing/santa-ana-ca/,/std-testing/santa-ana-ca/,6,6.0,,198,no,no,
2026-09-28,std testing santa ana ca,desktop,std-city,/std-testing/santa-ana-ca/,/std-testing/santa-ana-ca/,6,,,198,no,no,
2026-09-28,std testing santa barbara ca,phone,std-city,/std-testing/santa-barbara-ca/,/std-testing/santa-barbara-ca/,3,3.0,,327,yes,yes,
2026-09-28,std testing santa barbara ca,desktop,std-city,/std-testing/santa-barbara-ca/,/std-testing/santa-barbara-ca/,2,,,327,yes,yes,
2026-09-28,std testing santa clara ca,phone,std-city,/std-testing/santa-clara-ca/,/std-testing/santa-clara-ca/,6,7.0,,458,no,no,
2026-09-28,std testing santa clara ca,desktop,std-city,/std-testing/santa-clara-ca/,/std-testing/santa-clara-ca/,7,,,458,no,no,
2026-09-28,std testing santa fe nm,phone,std-city,/std-testing/santa-fe-nm/,/std-testing/santa-fe-nm/,6,6.0,,190,no,no,
2026-09-28,std testing santa fe nm,desktop,std-city,/std-testing/santa-fe-nm/,/std-testing/santa-fe-nm/,6,,,190,no,no,
2026-09-28,std testing santa maria ca,phone,std-city,/std-testing/santa-maria-ca/,/std-testing/santa-maria-ca/,3,3.0,,159,yes,no,
2026-09-28,std testing santa maria ca,desktop,std-city,/std-testing/santa-maria-ca/,/std-testing/santa-maria-ca/,2,,,159,no,no,
2026-09-28,std testing santa monica ca,phone,std-city,/std-testing/santa-monica-ca/,/std-testing/santa-monica-ca/,5,5.0,,121,no,no,
2026-09-28,std testing santa monica ca,desktop,std-city,/std-testing/santa-monica-ca/,/std-testing/santa-monica-ca/,5,,,121,no,no,
2026-09-28,std testing sarasota fl,phone,std-city,/std-testing/sarasota-fl/,/std-testing/sarasota-fl/,8,7.0,,166,no,no,
2026-09-28,std testing sarasota fl,desktop,std-city,/std-testing/sarasota-fl/,/std-testing/sarasota-fl/,7,,,166,no,no,
2026-09-28,std testing saratoga springs ny,phone,std-city,/std-testing/saratoga-springs-ny/,/std-testing/saratoga-springs-ny/,5,5.0,,286,no,no,
2026-09-28,std testing saratoga springs ny,desktop,std-city,/std-testing/saratoga-springs-ny/,/std-testing/saratoga-springs-ny/,4,,,286,no,no,
2026-09-28,std testing schaumburg,phone,std-city,/std-testing/schaumburg-il/,/std-testing/schaumburg-il/,4,4.0,,219,no,no,
2026-09-28,std testing schaumburg,desktop,std-city,/std-testing/schaumburg-il/,/std-testing/schaumburg-il/,4,,,219,no,no,
2026-09-28,std testing schenectady,phone,std-city,/std-testing/schenectady-ny/,/std-testing/schenectady-ny/,7,6.5,,258,no,no,
2026-09-28,std testing schenectady,desktop,std-city,/std-testing/schenectady-ny/,/std-testing/schenectady-ny/,6,,,258,no,no,
2026-09-28,std testing schertz tx,phone,std-city,/std-testing/schertz-tx/,/std-testing/schertz-tx/,3,3.0,,221,yes,no,
2026-09-28,std testing schertz tx,desktop,std-city,/std-testing/schertz-tx/,/std-testing/schertz-tx/,2,,,221,no,no,
2026-09-28,std testing scranton pa,phone,std-city,/std-testing/scranton-pa/,/std-testing/scranton-pa/,4,4.0,,183,no,no,
2026-09-28,std testing scranton pa,desktop,std-city,/std-testing/scranton-pa/,/std-testing/scranton-pa/,4,,,183,no,no,
2026-09-28,std testing sedalia mo,phone,std-city,/std-testing/sedalia-mo/,/std-testing/sedalia-mo/,3,3.0,,111,no,no,
2026-09-28,std testing sedalia mo,desktop,std-city,/std-testing/sedalia-mo/,/std-testing/sedalia-mo/,2,,,111,yes,yes,
2026-09-28,std testing shawnee ks,phone,std-city,/std-testing/shawnee-ks/,/std-testing/shawnee-ks/,6,6.0,,291,no,no,
2026-09-28,std testing shawnee ks,desktop,std-city,/std-testing/shawnee-ks/,/std-testing/shawnee-ks/,5,,,291,no,no,
2026-09-28,std testing shelton,phone,std-city,/std-testing/shelton-ct/,/std-testing/shelton-ct/,5,5.0,,192,no,no,
2026-09-28,std testing shelton,desktop,std-city,/std-testing/shelton-ct/,/std-testing/shelton-ct/,5,,,192,no,no,
2026-09-28,std testing sherman tx,phone,std-city,/std-testing/sherman-tx/,/std-testing/sherman-tx/,7,7.0,,230,no,no,
2026-09-28,std testing sherman tx,desktop,std-city,/std-testing/sherman-tx/,/std-testing/sherman-tx/,7,,,230,no,no,
2026-09-28,std testing shoreline,phone,std-city,/std-testing/shoreline-wa/,/std-testing/shoreline-wa/,5,5.0,,245,no,no,
2026-09-28,std testing shoreline,desktop,std-city,/std-testing/shoreline-wa/,/std-testing/shoreline-wa/,5,,,245,no,no,
2026-09-28,std testing shoreline wa,phone,std-city,/std-testing/shoreline-wa/,/std-testing/shoreline-wa/,4,2.5,,316,no,no,
2026-09-28,std testing shoreline wa,desktop,std-city,/std-testing/shoreline-wa/,/std-testing/shoreline-wa/,5,,,316,no,no,
2026-09-28,std testing shreveport la,phone,std-city,/std-testing/shreveport-la/,/std-testing/shreveport-la/,4,4.0,,277,no,no,
2026-09-28,std testing shreveport la,desktop,std-city,/std-testing/shreveport-la/,/std-testing/shreveport-la/,4,,,277,no,no,
2026-09-28,std testing sierra vista,phone,std-city,/std-testing/sierra-vista-az/,/std-testing/sierra-vista-az/,2,5.0,,131,no,no,
2026-09-28,std testing sierra vista,desktop,std-city,/std-testing/sierra-vista-az/,/std-testing/sierra-vista-az/,5,,,131,no,no,
2026-09-28,std testing silver spring md,phone,std-city,/std-testing/silver-spring-md/,/std-testing/silver-spring-md/,6,6.0,,125,no,no,
2026-09-28,std testing silver spring md,desktop,std-city,/std-testing/silver-spring-md/,/std-testing/woodlawn-md/,7,,,125,yes,yes,
2026-09-28,std testing sioux city ia,phone,std-city,/std-testing/sioux-city-ia/,/std-testing/sioux-city-ia/,25,5.0,,67,no,no,
2026-09-28,std testing sioux city ia,desktop,std-city,/std-testing/sioux-city-ia/,/std-testing/sioux-city-ia/,6,,,67,no,no,
2026-09-28,std testing sioux falls sd,phone,std-city,/std-testing/sioux-falls-sd/,/std-testing/sioux-falls-sd/,7,7.0,,218,no,no,
2026-09-28,std testing sioux falls sd,desktop,std-city,/std-testing/sioux-falls-sd/,/std-testing/sioux-falls-sd/,8,,,218,no,no,
2026-09-28,std testing skokie,phone,std-city,/std-testing/skokie-il/,/std-testing/skokie-il/,3,3.0,,171,yes,no,
2026-09-28,std testing skokie,desktop,std-city,/std-testing/skokie-il/,/std-testing/skokie-il/,2,,,171,no,no,
2026-09-28,std testing skokie il,phone,std-city,/std-testing/skokie-il/,/std-testing/skokie-il/,3,2.0,,163,no,no,
2026-09-28,std testing skokie il,desktop,std-city,/std-testing/skokie-il/,/std-testing/skokie-il/,2,,,163,no,no,
2026-09-28,std testing slidell la,phone,std-city,/std-testing/slidell-la/,/std-testing/slidell-la/,1,4.0,,165,no,no,
2026-09-28,std testing slidell la,desktop,std-city,/std-testing/slidell-la/,/std-testing/slidell-la/,4,,,165,no,no,
2026-09-28,std testing somerville ma,phone,std-city,/std-testing/somerville-ma/,/std-testing/somerville-ma/,4,4.0,,204,no,no,
2026-09-28,std testing somerville ma,desktop,std-city,/std-testing/somerville-ma/,/std-testing/somerville-ma/,5,,,204,no,no,
2026-09-28,std testing southlake tx,phone,std-city,/std-testing/southlake-tx/,/std-testing/southlake-tx/,5,5.0,,258,no,no,
2026-09-28,std testing southlake tx,desktop,std-city,/std-testing/southlake-tx/,/std-testing/fort-worth-tx/,20,,,258,no,no,
2026-09-28,std testing sparks nv,phone,std-city,/std-testing/sparks-nv/,/std-testing/sparks-nv/,1,1.0,,197,no,no,
2026-09-28,std testing sparks nv,desktop,std-city,/std-testing/sparks-nv/,/std-testing/sparks-nv/,1,,,197,yes,yes,
2026-09-28,std testing spartanburg sc,phone,std-city,/std-testing/spartanburg-sc/,/std-testing/spartanburg-sc/,5,5.0,,116,no,no,
2026-09-28,std testing spartanburg sc,desktop,std-city,/std-testing/spartanburg-sc/,/std-testing/spartanburg-sc/,5,,,116,no,no,
2026-09-28,std testing springfield il,phone,std-city,/std-testing/springfield-il/,/std-testing/springfield-il/,6,5.0,,194,no,no,
2026-09-28,std testing springfield il,desktop,std-city,/std-testing/springfield-il/,/std-testing/springfield-il/,6,,,194,no,no,
2026-09-28,std testing st augustine fl,phone,std-city,/std-testing/st-augustine-fl/,/std-testing/st-augustine-fl/,4,4.0,,81,no,no,
2026-09-28,std testing st augustine fl,desktop,std-city,/std-testing/st-augustine-fl/,/std-testing/st-augustine-fl/,4,,,81,no,no,
2026-09-28,std testing st charles mo,phone,std-city,/std-testing/ofallon-mo/,/std-testing/ofallon-mo/,7,7.5,,239,yes,no,
2026-09-28,std testing st charles mo,desktop,std-city,/std-testing/ofallon-mo/,/std-testing/st-charles-mo/,5,,,239,no,no,
2026-09-28,std testing st cloud mn,phone,std-city,/std-testing/st-cloud-mn/,/std-testing/st-cloud-mn/,5,5.0,,89,no,no,
2026-09-28,std testing st cloud mn,desktop,std-city,/std-testing/st-cloud-mn/,/std-testing/st-cloud-mn/,5,,,89,no,no,
2026-09-28,std testing st george ut,phone,std-city,/std-testing/st-george-ut/,/std-testing/st-george-ut/,4,4.0,,96,no,no,
2026-09-28,std testing st george ut,desktop,std-city,/std-testing/st-george-ut/,/std-testing/st-george-ut/,4,,,96,no,no,
2026-09-28,std testing st joseph mo,phone,std-city,/std-testing/st-joseph-mo/,/std-testing/st-joseph-mo/,4,4.0,,79,no,no,
2026-09-28,std testing st joseph mo,desktop,std-city,/std-testing/st-joseph-mo/,/std-testing/st-joseph-mo/,4,,,79,no,no,
2026-09-28,std testing st peters mo,phone,std-city,/std-testing/st-peters-mo/,/std-testing/st-peters-mo/,6,6.0,,302,no,no,
2026-09-28,std testing st peters mo,desktop,std-city,/std-testing/st-peters-mo/,/std-testing/st-peters-mo/,6,,,302,no,no,
2026-09-28,std testing stamford ct,phone,std-city,/std-testing/stamford-ct/,/std-testing/stamford-ct/,6,6.0,,181,no,no,
2026-09-28,std testing stamford ct,desktop,std-city,/std-testing/stamford-ct/,/std-testing/stamford-ct/,7,,,181,no,no,
2026-09-28,std testing staten island ny,phone,std-city,/std-testing/staten-island-ny/,/std-testing/staten-island-ny/,1,1.0,,158,no,no,
2026-09-28,std testing staten island ny,desktop,std-city,/std-testing/staten-island-ny/,/std-testing/staten-island-ny/,4,,,158,yes,no,
2026-09-28,std testing statesboro ga,phone,std-city,/std-testing/statesboro-ga/,/std-testing/statesboro-ga/,5,5.0,,76,no,no,
2026-09-28,std testing statesboro ga,desktop,std-city,/std-testing/statesboro-ga/,/std-testing/statesboro-ga/,5,,,76,no,no,
2026-09-28,std testing stillwater ok,phone,std-city,/std-testing/stillwater-ok/,/std-testing/stillwater-ok/,4,4.0,,204,no,no,
2026-09-28,std testing stillwater ok,desktop,std-city,/std-testing/stillwater-ok/,/std-testing/stillwater-ok/,4,,,204,no,no,
2026-09-28,std testing stockbridge ga,phone,std-city,/std-testing/stockbridge-ga/,/std-testing/stockbridge-ga/,5,5.0,,198,no,no,
2026-09-28,std testing stockbridge ga,desktop,std-city,/std-testing/stockbridge-ga/,/std-testing/stockbridge-ga/,5,,,198,no,no,
2026-09-28,std testing stockton ca,phone,std-city,/std-testing/stockton-ca/,/std-testing/stockton-ca/,6,6.0,,74,no,no,
2026-09-28,std testing stockton ca,desktop,std-city,/std-testing/stockton-ca/,/std-testing/stockton-ca/,6,,,74,no,no,
2026-09-28,std testing suffolk va,phone,std-city,/std-testing/suffolk-va/,/std-testing/suffolk-va/,5,5.0,,168,no,no,
2026-09-28,std testing suffolk va,desktop,std-city,/std-testing/suffolk-va/,/std-testing/suffolk-va/,5,,,168,no,no,
2026-09-28,std testing sugar land tx,phone,std-city,/std-testing/sugar-land-tx/,/std-testing/sugar-land-tx/,7,6.0,,140,no,no,
2026-09-28,std testing sugar land tx,desktop,std-city,/std-testing/sugar-land-tx/,/std-testing/sugar-land-tx/,7,,,140,no,no,
2026-09-28,std testing summerville sc,phone,std-city,/std-testing/summerville-sc/,/std-testing/summerville-sc/,5,5.0,,304,no,no,
2026-09-28,std testing summerville sc,desktop,std-city,/std-testing/summerville-sc/,/std-testing/summerville-sc/,5,,,304,no,no,
2026-09-28,std testing surprise az,phone,std-city,/std-testing/surprise-az/,/std-testing/surprise-az/,3,4.0,,246,yes,no,
2026-09-28,std testing surprise az,desktop,std-city,/std-testing/surprise-az/,/std-testing/surprise-az/,5,,,246,no,no,
2026-09-28,std testing syracuse ny,phone,std-city,/std-testing/syracuse-ny/,/std-testing/syracuse-ny/,7,7.0,,165,no,no,
2026-09-28,std testing syracuse ny,desktop,std-city,/std-testing/syracuse-ny/,/std-testing/syracuse-ny/,7,,,165,no,no,
2026-09-28,std testing tacoma wa,phone,std-city,/std-testing/tacoma-wa/,/std-testing/tacoma-wa/,8,8.0,,297,no,no,
2026-09-28,std testing tacoma wa,desktop,std-city,/std-testing/tacoma-wa/,/std-testing/vashon-island-wa/,11,,,297,no,no,
2026-09-28,std testing tallahassee fl,phone,std-city,/std-testing/tallahassee-fl/,/std-testing/tallahassee-fl/,5,5.0,,97,no,no,
2026-09-28,std testing tallahassee fl,desktop,std-city,/std-testing/tallahassee-fl/,/std-testing/tallahassee-fl/,2,,,97,no,no,
2026-09-28,std testing tamarac,phone,std-city,/std-testing/tamarac-fl/,/std-testing/tamarac-fl/,4,4.0,,222,no,no,
2026-09-28,std testing tamarac,desktop,std-city,/std-testing/tamarac-fl/,/std-testing/tamarac-fl/,4,,,222,no,no,
2026-09-28,std testing tampa fl,phone,std-city,/std-testing/tampa-fl/,/std-testing/tampa-fl/,7,8.0,,158,no,no,
2026-09-28,std testing tampa fl,desktop,std-city,/std-testing/tampa-fl/,/std-testing/tampa-fl/,7,,,158,no,no,
2026-09-28,std testing taylor mi,phone,std-city,/std-testing/taylor-mi/,/std-testing/taylor-mi/,4,4.0,,217,no,no,
2026-09-28,std testing taylor mi,desktop,std-city,/std-testing/taylor-mi/,/std-testing/taylor-mi/,4,,,217,no,no,
2026-09-28,std testing temecula ca,phone,std-city,/std-testing/temecula-ca/,/std-testing/temecula-ca/,4,4.0,,157,no,no,
2026-09-28,std testing temecula ca,desktop,std-city,/std-testing/temecula-ca/,/std-testing/temecula-ca/,4,,,157,no,no,
2026-09-28,std testing tempe az,phone,std-city,/std-testing/tempe-az/,/std-testing/chandler-az/,20,13.0,,209,no,no,other page ranks
2026-09-28,std testing tempe az,desktop,std-city,/std-testing/tempe-az/,/std-testing/tempe-az/,6,,,209,no,no,
2026-09-28,std testing temple tx,phone,std-city,/std-testing/temple-tx/,/std-testing/temple-tx/,4,4.0,,97,no,no,
2026-09-28,std testing temple tx,desktop,std-city,/std-testing/temple-tx/,/std-testing/temple-tx/,4,,,97,no,no,
2026-09-28,std testing texarkana tx,phone,std-city,/std-testing/texarkana-ar/,/std-testing/texarkana-tx/,4,4.0,,172,no,no,
2026-09-28,std testing texarkana tx,desktop,std-city,/std-testing/texarkana-ar/,/std-testing/timberwood-park-tx/,9,,,172,no,no,
2026-09-28,std testing texas city tx,phone,std-city,/std-testing/texas-city-tx/,/std-testing/texas-city-tx/,5,5.0,,275,no,no,
2026-09-28,std testing texas city tx,desktop,std-city,/std-testing/texas-city-tx/,/std-testing/texas-city-tx/,5,,,275,no,no,
2026-09-28,std testing the villages fl,phone,std-city,/std-testing/the-villages-fl/,/std-testing/the-villages-fl/,4,4.0,,197,yes,no,
2026-09-28,std testing the villages fl,desktop,std-city,/std-testing/the-villages-fl/,/std-testing/the-villages-fl/,4,,,197,no,no,
2026-09-28,std testing thornton co,phone,std-city,/std-testing/thornton-co/,/std-testing/thornton-co/,5,4.0,,204,no,no,
2026-09-28,std testing thornton co,desktop,std-city,/std-testing/thornton-co/,/std-testing/thornton-co/,4,,,204,no,no,
2026-09-28,std testing thousand oaks ca,phone,std-city,/std-testing/thousand-oaks-ca/,/std-testing/thousand-oaks-ca/,5,5.0,,152,no,no,
2026-09-28,std testing thousand oaks ca,desktop,std-city,/std-testing/thousand-oaks-ca/,/std-testing/thousand-oaks-ca/,5,,,152,no,no,
2026-09-28,std testing tigard,phone,std-city,/std-testing/tigard-or/,/std-testing/tigard-or/,4,4.0,,204,no,no,
2026-09-28,std testing tigard,desktop,std-city,/std-testing/tigard-or/,/std-testing/tigard-or/,1,,,204,yes,no,
2026-09-28,std testing tigard or,phone,std-city,/std-testing/tigard-or/,/std-testing/tigard-or/,4,4.0,,177,no,no,
2026-09-28,std testing tigard or,desktop,std-city,/std-testing/tigard-or/,/std-testing/tigard-or/,4,,,177,no,no,
2026-09-28,std testing tinley park,phone,std-city,/std-testing/tinley-park-il/,/std-testing/tinley-park-il/,7,7.0,,115,no,no,
2026-09-28,std testing tinley park,desktop,std-city,/std-testing/tinley-park-il/,/std-testing/tinley-park-il/,4,,,115,no,no,
2026-09-28,std testing titusville,phone,std-city,/std-testing/titusville-fl/,/std-testing/titusville-fl/,5,6.0,,254,no,no,
2026-09-28,std testing titusville,desktop,std-city,/std-testing/titusville-fl/,/std-testing/titusville-fl/,5,,,254,no,no,
2026-09-28,std testing tomball tx,phone,std-city,/std-testing/tomball-tx/,/std-testing/tomball-tx/,3,3.0,,77,no,no,
2026-09-28,std testing tomball tx,desktop,std-city,/std-testing/tomball-tx/,,,,,77,no,no,
2026-09-28,std testing topeka ks,phone,std-city,/std-testing/topeka-ks/,/std-testing/topeka-ks/,6,6.0,,183,no,no,
2026-09-28,std testing topeka ks,desktop,std-city,/std-testing/topeka-ks/,/std-testing/topeka-ks/,6,,,183,no,no,
2026-09-28,std testing torrance ca,phone,std-city,/std-testing/torrance-ca/,/std-testing/torrance-ca/,7,6.5,,160,no,no,
2026-09-28,std testing torrance ca,desktop,std-city,/std-testing/torrance-ca/,/std-testing/torrance-ca/,7,,,160,no,no,
2026-09-28,std testing tracy ca,phone,std-city,/std-testing/tracy-ca/,/std-testing/tracy-ca/,3,3.0,,81,yes,no,
2026-09-28,std testing tracy ca,desktop,std-city,/std-testing/tracy-ca/,/std-testing/tracy-ca/,2,,,81,no,no,
2026-09-28,std testing trenton nj,phone,std-city,/std-testing/trenton-nj/,/std-testing/trenton-nj/,5,3.0,,175,no,no,
2026-09-28,std testing trenton nj,desktop,std-city,/std-testing/trenton-nj/,/std-testing/trenton-nj/,2,,,175,yes,yes,
2026-09-28,std testing tucson az,phone,std-city,/std-testing/tucson-az/,/std-testing/tucson-az/,5,5.0,,156,no,no,
2026-09-28,std testing tucson az,desktop,std-city,/std-testing/tucson-az/,/std-testing/tucson-az/,5,,,156,no,no,
2026-09-28,std testing tulsa ok,phone,std-city,/std-testing/tulsa-ok/,/std-testing/tulsa-ok/,7,7.0,,171,yes,no,
2026-09-28,std testing tulsa ok,desktop,std-city,/std-testing/tulsa-ok/,/std-testing/tulsa-ok/,7,,,171,yes,no,
2026-09-28,std testing turlock ca,phone,std-city,/std-testing/turlock-ca/,/std-testing/turlock-ca/,4,4.0,,160,no,no,
2026-09-28,std testing turlock ca,desktop,std-city,/std-testing/turlock-ca/,/std-testing/turlock-ca/,4,,,160,no,no,
2026-09-28,std testing tuscaloosa al,phone,std-city,/std-testing/tuscaloosa-al/,/std-testing/tuscaloosa-al/,4,4.0,,207,no,no,
2026-09-28,std testing tuscaloosa al,desktop,std-city,/std-testing/tuscaloosa-al/,/std-testing/tuscaloosa-al/,4,,,207,no,no,
2026-09-28,std testing tustin ca,phone,std-city,/std-testing/tustin-ca/,/std-testing/tustin-ca/,5,4.5,,290,no,no,
2026-09-28,std testing tustin ca,desktop,std-city,/std-testing/tustin-ca/,/std-testing/tustin-ca/,5,,,290,no,no,
2026-09-28,std testing tyler tx,phone,std-city,/std-testing/tyler-tx/,/std-testing/tyler-tx/,4,4.0,,240,no,no,
2026-09-28,std testing tyler tx,desktop,std-city,/std-testing/tyler-tx/,/std-testing/tyler-tx/,4,,,240,no,no,
2026-09-28,std testing union city ca,phone,std-city,/std-testing/union-city-ca/,/std-testing/union-city-ca/,4,4.0,,232,no,no,
2026-09-28,std testing union city ca,desktop,std-city,/std-testing/union-city-ca/,/std-testing/union-city-ca/,1,,,232,no,no,
2026-09-28,std testing upland ca,phone,std-city,/std-testing/upland-ca/,/std-testing/upland-ca/,5,4.0,,241,no,no,
2026-09-28,std testing upland ca,desktop,std-city,/std-testing/upland-ca/,/std-testing/upland-ca/,5,,,241,no,no,
2026-09-28,std testing urbandale,phone,std-city,/std-testing/urbandale-ia/,/std-testing/urbandale-ia/,2,2.0,,246,no,no,
2026-09-28,std testing urbandale,desktop,std-city,/std-testing/urbandale-ia/,/std-testing/urbandale-ia/,2,,,246,no,no,
2026-09-28,std testing utica ny,phone,std-city,/std-testing/utica-ny/,/std-testing/utica-ny/,2,2.0,,62,yes,no,
2026-09-28,std testing utica ny,desktop,std-city,/std-testing/utica-ny/,/std-testing/utica-ny/,2,,,62,no,no,
2026-09-28,std testing vacaville ca,phone,std-city,/std-testing/vacaville-ca/,/std-testing/vacaville-ca/,6,6.0,,140,no,no,
2026-09-28,std testing vacaville ca,desktop,std-city,/std-testing/vacaville-ca/,/std-testing/vacaville-ca/,6,,,140,no,no,
2026-09-28,std testing vancouver wa,phone,std-city,/std-testing/vancouver-wa/,/std-testing/vancouver-wa/,6,6.0,,227,no,no,
2026-09-28,std testing vancouver wa,desktop,std-city,/std-testing/vancouver-wa/,/std-testing/longview-wa/,9,,,227,no,no,
2026-09-28,std testing ventura ca,phone,std-city,/std-testing/ventura-ca/,/std-testing/ventura-ca/,5,5.0,,281,no,no,
2026-09-28,std testing ventura ca,desktop,std-city,/std-testing/ventura-ca/,/std-testing/ventura-ca/,2,,,281,yes,yes,
2026-09-28,std testing victorville ca,phone,std-city,/std-testing/victorville-ca/,/std-testing/victorville-ca/,5,5.0,,157,no,no,
2026-09-28,std testing victorville ca,desktop,std-city,/std-testing/victorville-ca/,/std-testing/victorville-ca/,2,,,157,no,no,
2026-09-28,std testing vineland nj,phone,std-city,/std-testing/vineland-nj/,/std-testing/vineland-nj/,5,5.0,,130,no,no,
2026-09-28,std testing vineland nj,desktop,std-city,/std-testing/vineland-nj/,/std-testing/vineland-nj/,5,,,130,no,no,
2026-09-28,std testing virginia beach va,phone,std-city,/std-testing/virginia-beach-va/,/std-testing/virginia-beach-va/,7,7.0,,113,no,no,
2026-09-28,std testing virginia beach va,desktop,std-city,/std-testing/virginia-beach-va/,/std-testing/virginia-beach-va/,7,,,113,no,no,
2026-09-28,std testing vista ca,phone,std-city,/std-testing/vista-ca/,/std-testing/vista-ca/,4,4.0,,161,no,no,
2026-09-28,std testing vista ca,desktop,std-city,/std-testing/vista-ca/,/std-testing/vista-ca/,4,,,161,no,no,
2026-09-28,std testing waco tx,phone,std-city,/std-testing/waco-tx/,/std-testing/waco-tx/,7,7.0,,84,no,no,
2026-09-28,std testing waco tx,desktop,std-city,/std-testing/waco-tx/,/std-testing/waco-tx/,7,,,84,no,no,
2026-09-28,std testing waldorf md,phone,std-city,/std-testing/waldorf-md/,/std-testing/waldorf-md/,6,7.0,,156,no,no,
2026-09-28,std testing waldorf md,desktop,std-city,/std-testing/waldorf-md/,/std-testing/waldorf-md/,6,,,156,no,no,
2026-09-28,std testing walnut creek ca,phone,std-city,/std-testing/walnut-creek-ca/,/std-testing/walnut-creek-ca/,5,6.0,,332,no,no,
2026-09-28,std testing walnut creek ca,desktop,std-city,/std-testing/walnut-creek-ca/,/std-testing/walnut-creek-ca/,4,,,332,no,no,
2026-09-28,std testing waltham,phone,std-city,/std-testing/boston-ma/,/std-testing/waltham-ma/,5,5.0,,247,no,no,
2026-09-28,std testing waltham,desktop,std-city,/std-testing/boston-ma/,/std-testing/waltham-ma/,5,,,247,yes,yes,
2026-09-28,std testing warner robins ga,phone,std-city,/std-testing/warner-robins-ga/,/std-testing/warner-robins-ga/,5,5.0,,156,no,no,
2026-09-28,std testing warner robins ga,desktop,std-city,/std-testing/warner-robins-ga/,/std-testing/warner-robins-ga/,23,,,156,yes,no,
2026-09-28,std testing warren mi,phone,std-city,/std-testing/warren-mi/,/std-testing/warren-mi/,5,5.0,,177,no,no,
2026-09-28,std testing warren mi,desktop,std-city,/std-testing/warren-mi/,/std-testing/warren-mi/,5,,,177,no,no,
2026-09-28,std testing warwick ri,phone,std-city,/std-testing/warwick-ri/,/std-testing/warwick-ri/,4,1.0,,266,no,no,
2026-09-28,std testing warwick ri,desktop,std-city,/std-testing/warwick-ri/,/std-testing/warwick-ri/,1,,,266,yes,yes,
2026-09-28,std testing washington dc,phone,std-city,/std-testing/washington-dc/,/std-testing/washington-dc/,8,8.0,,290,no,no,
2026-09-28,std testing washington dc,desktop,std-city,/std-testing/washington-dc/,/std-testing/washington-dc/,8,,,290,no,no,
2026-09-28,std testing waterbury ct,phone,std-city,/std-testing/waterbury-ct/,/std-testing/waterbury-ct/,5,5.0,,227,no,no,
2026-09-28,std testing waterbury ct,desktop,std-city,/std-testing/waterbury-ct/,/std-testing/waterbury-ct/,5,,,227,no,no,
2026-09-28,std testing waterloo ia,phone,std-city,/std-testing/waterloo-ia/,/std-testing/waterloo-ia/,5,4.0,,143,no,no,
2026-09-28,std testing waterloo ia,desktop,std-city,/std-testing/waterloo-ia/,/std-testing/waterloo-ia/,5,,,143,no,no,
2026-09-28,std testing waukegan il,phone,std-city,/std-testing/waukegan-il/,/std-testing/waukegan-il/,2,1.0,,184,no,no,
2026-09-28,std testing waukegan il,desktop,std-city,/std-testing/waukegan-il/,/std-testing/waukegan-il/,1,,,184,no,no,
2026-09-28,std testing waukesha,phone,std-city,/std-testing/waukesha-wi/,/std-testing/waukesha-wi/,8,8.0,,239,no,no,
2026-09-28,std testing waukesha,desktop,std-city,/std-testing/waukesha-wi/,/std-testing/waukesha-wi/,8,,,239,no,no,
2026-09-28,std testing waukesha wi,phone,std-city,/std-testing/waukesha-wi/,/std-testing/waukesha-wi/,8,8.0,,210,no,no,
2026-09-28,std testing waukesha wi,desktop,std-city,/std-testing/waukesha-wi/,/std-testing/waukesha-wi/,8,,,210,no,no,
2026-09-28,std testing wauwatosa,phone,std-city,/std-testing/wauwatosa-wi/,/std-testing/wauwatosa-wi/,6,6.0,,356,no,no,
2026-09-28,std testing wauwatosa,desktop,std-city,/std-testing/wauwatosa-wi/,/std-testing/wauwatosa-wi/,6,,,356,no,no,
2026-09-28,std testing wellington,phone,std-city,/std-testing/wellington-fl/,/std-testing/wellington-fl/,5,5.0,,214,no,no,
2026-09-28,std testing wellington,desktop,std-city,/std-testing/wellington-fl/,/std-testing/university-park-fl/,4,,,214,no,no,
2026-09-28,std testing weslaco,phone,std-city,/std-testing/weslaco-tx/,/std-testing/weslaco-tx/,4,4.0,,148,no,no,
2026-09-28,std testing weslaco,desktop,std-city,/std-testing/weslaco-tx/,/std-testing/weslaco-tx/,4,,,148,no,no,
2026-09-28,std testing west haven,phone,std-city,/std-testing/west-haven-ct/,/std-testing/west-haven-ct/,5,5.0,,208,no,no,
2026-09-28,std testing west haven,desktop,std-city,/std-testing/west-haven-ct/,/std-testing/west-haven-ct/,5,,,208,no,no,
2026-09-28,std testing west hollywood ca,phone,std-city,/std-testing/west-hollywood-ca/,/std-testing/west-hollywood-ca/,6,5.5,,184,no,no,
2026-09-28,std testing west hollywood ca,desktop,std-city,/std-testing/west-hollywood-ca/,/std-testing/west-hollywood-ca/,6,,,184,no,no,
2026-09-28,std testing west palm beach fl,phone,std-city,/std-testing/west-palm-beach-fl/,/std-testing/west-palm-beach-fl/,7,7.0,,242,no,no,
2026-09-28,std testing west palm beach fl,desktop,std-city,/std-testing/west-palm-beach-fl/,/std-testing/west-palm-beach-fl/,7,,,242,no,no,
2026-09-28,std testing west sacramento,phone,std-city,/std-testing/sacramento-ca/,/std-testing/sacramento-ca/,5,5.0,,238,no,no,
2026-09-28,std testing west sacramento,desktop,std-city,/std-testing/sacramento-ca/,/std-testing/sacramento-ca/,5,,,238,no,no,
2026-09-28,std testing westfield,phone,std-city,/std-testing/westfield-in/,/std-testing/westfield-in/,6,6.0,,329,no,no,
2026-09-28,std testing westfield,desktop,std-city,/std-testing/westfield-in/,/std-testing/westfield-in/,2,,,329,no,no,
2026-09-28,std testing westland mi,phone,std-city,/std-testing/westland-mi/,/std-testing/westland-mi/,4,4.0,,171,no,no,
2026-09-28,std testing westland mi,desktop,std-city,/std-testing/westland-mi/,/std-testing/westland-mi/,1,,,171,no,no,
2026-09-28,std testing weston,phone,std-city,/std-testing/weston-fl/,/std-testing/weston-fl/,4,4.0,,253,no,no,
2026-09-28,std testing weston,desktop,std-city,/std-testing/weston-fl/,/std-testing/weston-fl/,1,,,253,no,no,
2026-09-28,std testing weston fl,phone,std-city,/std-testing/weston-fl/,/std-testing/weston-fl/,4,4.0,,194,no,no,
2026-09-28,std testing weston fl,desktop,std-city,/std-testing/weston-fl/,/std-testing/fish-hawk-fl/,7,,,194,no,no,
2026-09-28,std testing wheeling wv,phone,std-city,/std-testing/wheeling-wv/,/std-testing/wheeling-wv/,5,5.0,,114,no,no,
2026-09-28,std testing wheeling wv,desktop,std-city,/std-testing/wheeling-wv/,/std-testing/wheeling-wv/,6,,,114,yes,no,
2026-09-28,std testing white plains,phone,std-city,/std-testing/white-plains-ny/,/std-testing/white-plains-ny/,7,6.5,,201,no,no,
2026-09-28,std testing white plains,desktop,std-city,/std-testing/white-plains-ny/,/std-testing/white-plains-ny/,6,,,201,no,no,
2026-09-28,std testing whittier ca,phone,std-city,/std-testing/whittier-ca/,/,5,5.0,,218,no,no,other page ranks
2026-09-28,std testing whittier ca,desktop,std-city,/std-testing/whittier-ca/,/std-testing/whittier-ca/,1,,,218,no,no,
2026-09-28,std testing wichita falls tx,phone,std-city,/std-testing/wichita-falls-tx/,/std-testing/wichita-falls-tx/,5,5.0,,58,no,no,
2026-09-28,std testing wichita falls tx,desktop,std-city,/std-testing/wichita-falls-tx/,/std-testing/wichita-falls-tx/,5,,,58,no,no,
2026-09-28,std testing williamsburg va,phone,std-city,/std-testing/williamsburg-va/,/std-testing/williamsburg-va/,4,4.0,,174,no,no,
2026-09-28,std testing williamsburg va,desktop,std-city,/std-testing/williamsburg-va/,/std-testing/williamsburg-va/,4,,,174,no,no,
2026-09-28,std testing wilmington nc,phone,std-city,/std-testing/wilmington-nc/,/std-testing/wilmington-nc/,8,8.0,,238,no,no,
2026-09-28,std testing wilmington nc,desktop,std-city,/std-testing/wilmington-nc/,/std-testing/wilmington-nc/,8,,,238,no,no,
2026-09-28,std testing wilson,phone,std-city,/std-testing/wilson-nc/,/std-testing/wilson-nc/,9,7.0,,144,no,no,
2026-09-28,std testing wilson,desktop,std-city,/std-testing/wilson-nc/,/std-testing/wilson-nc/,9,,,144,no,no,
2026-09-28,std testing winchester va,phone,std-city,/std-testing/winchester-va/,/std-testing/winchester-va/,5,5.0,,143,no,no,
2026-09-28,std testing winchester va,desktop,std-city,/std-testing/winchester-va/,/std-testing/winchester-va/,5,,,143,no,no,
2026-09-28,std testing winston salem nc,phone,std-city,/std-testing/winston-salem-nc/,/std-testing/north-carolina/,9,9.0,,202,no,no,other page ranks
2026-09-28,std testing winston salem nc,desktop,std-city,/std-testing/winston-salem-nc/,/std-testing/winston-salem-nc/,9,,,202,no,no,
2026-09-28,std testing woodland ca,phone,std-city,/std-testing/woodland-ca/,/std-testing/woodland-ca/,4,4.0,,126,yes,no,
2026-09-28,std testing woodland ca,desktop,std-city,/std-testing/woodland-ca/,/std-testing/woodland-ca/,2,,,126,no,no,
2026-09-28,std testing woodlands tx,phone,std-city,/std-testing/woodlands-tx/,/std-testing/woodlands-tx/,4,4.0,,184,no,no,
2026-09-28,std testing woodlands tx,desktop,std-city,/std-testing/woodlands-tx/,/std-testing/woodlands-tx/,4,,,184,no,no,
2026-09-28,std testing woodstock ga,phone,std-city,/std-testing/woodstock-ga/,/std-testing/woodstock-ga/,4,4.0,,141,no,no,
2026-09-28,std testing woodstock ga,desktop,std-city,/std-testing/woodstock-ga/,/std-testing/woodstock-ga/,4,,,141,no,no,
2026-09-28,std testing worcester ma,phone,std-city,/std-testing/worcester-ma/,/std-testing/worcester-ma/,4,4.5,,84,no,no,
2026-09-28,std testing worcester ma,desktop,std-city,/std-testing/worcester-ma/,/std-testing/worcester-ma/,4,,,84,no,no,
2026-09-28,std testing yakima wa,phone,std-city,/std-testing/yakima-wa/,/std-testing/yakima-wa/,7,7.0,,163,no,no,
2026-09-28,std testing yakima wa,desktop,std-city,/std-testing/yakima-wa/,/std-testing/yakima-wa/,7,,,163,no,no,
2026-09-28,std testing yuma az,phone,std-city,/std-testing/yuma-az/,/std-testing/yuma-az/,4,4.0,,149,no,no,
2026-09-28,std testing yuma az,desktop,std-city,/std-testing/yuma-az/,/std-testing/yuma-az/,2,,,149,no,no,
2026-09-28,std treatments,phone,treatments,/treatments/std/,,,60.0,,1365,no,no,
2026-09-28,std treatments,desktop,treatments,/treatments/std/,/treatments/std/,14,,,1365,no,no,
2026-09-28,std urine test,phone,std-pages,/std-testing/standard-std-panel/,/std-testing/standard-std-panel/,8,8.0,,213,no,no,
2026-09-28,std urine test,desktop,std-pages,/std-testing/standard-std-panel/,/std-testing/standard-std-panel/,8,,,213,no,no,
2026-09-28,sti panel,phone,std-pages,/std-testing/standard-std-panel/,/std-testing/viral-std-panel/,69,70.5,,1103,yes,no,other page ranks
2026-09-28,sti panel,desktop,std-pages,/std-testing/standard-std-panel/,/std-testing/standard-std-panel/,19,,,1103,no,no,
2026-09-28,sti panel test,phone,std-pages,/std-testing/standard-std-panel/,/std-testing/viral-std-panel/,14,13.0,,437,yes,no,other page ranks
2026-09-28,sti panel test,desktop,std-pages,/std-testing/standard-std-panel/,/std-testing/austin-tx/,72,,,437,yes,yes,
2026-09-28,sti test,phone,std-pages,/std-testing/,/std-testing/north-carolina/,27,17.0,,5369,yes,no,
2026-09-28,sti test,desktop,std-pages,/std-testing/,/std-testing/north-carolina/,24,,,5369,no,no,
2026-09-28,sti testing,phone,std-pages,/std-testing/,/std-testing/,13,50.5,,18653,yes,no,
2026-09-28,sti testing,desktop,std-pages,/std-testing/,/std-testing/north-carolina/,14,,,18653,yes,no,
2026-09-28,strawberry allergy test,phone,not-ranking-yet,/tests/strawberry-allergy-test/,/tests/strawberry-allergy-test/,7,7.0,,10,yes,yes,
2026-09-28,strawberry allergy test,desktop,not-ranking-yet,/tests/strawberry-allergy-test/,/tests/raspberry-allergy-test/,67,,,10,yes,yes,
2026-09-28,syphilis blood test,phone,next-in-line,/tests/syphilis-test/,/tests/treponema-pallidum-syphilis-test/,9,9.0,,1527,yes,no,refresh; other page ranks
2026-09-28,syphilis blood test,desktop,next-in-line,/tests/syphilis-test/,/tests/treponema-pallidum-syphilis-test/,13,,,1527,yes,no,
2026-09-28,syphilis test,phone,next-in-line,/tests/syphilis-test/,/tests/treponema-pallidum-syphilis-test/,15,9.0,,1822,yes,yes,refresh; other page ranks
2026-09-28,syphilis test,desktop,next-in-line,/tests/syphilis-test/,/tests/at-home-syphilis-test/,97,,,1822,yes,yes,
2026-09-28,t pallidum antibodies,phone,selling-test-page,/tests/treponema-pallidum-syphilis-test/,/tests/treponema-pallidum-syphilis-test/,2,2.0,,1662,yes,yes,
2026-09-28,t pallidum antibodies,desktop,selling-test-page,/tests/treponema-pallidum-syphilis-test/,/tests/treponema-pallidum-syphilis-test/,2,,,1662,yes,yes,
2026-09-28,t3,phone,selling-test-page,/tests/t3-test/,,,101.0,,2426,yes,no,
2026-09-28,t3,desktop,selling-test-page,/tests/t3-test/,,,,,2426,yes,no,
2026-09-28,t3 blood test,phone,kept,/tests/t3-test/,/tests/free-t3-test/,64,37.0,,368,yes,yes,other page ranks
2026-09-28,t3 blood test,desktop,kept,/tests/t3-test/,/tests/t3-test/,9,,,368,yes,yes,
2026-09-28,t3 test,phone,kept,/tests/t3-test/,/tests/t3-test/,9,30.0,,551,yes,yes,
2026-09-28,t3 test,desktop,kept,/tests/t3-test/,,,,,551,yes,yes,
2026-09-28,t3 total blood test,phone,selling-test-page,/tests/t3-test/,/tests/t3-test/,4,4.0,,415,yes,yes,
2026-09-28,t3 total blood test,desktop,selling-test-page,/tests/t3-test/,/tests/t3-test/,4,,,415,yes,yes,
2026-09-28,t4,phone,selling-test-page,/tests/t4-test/,,,101.0,,9375,yes,yes,
2026-09-28,t4,desktop,selling-test-page,/tests/t4-test/,,,,,9375,yes,no,
2026-09-28,t4 blood test,phone,selling-test-page,/tests/t4-test/,/tests/t4-test/,4,4.0,,3656,yes,yes,
2026-09-28,t4 blood test,desktop,selling-test-page,/tests/t4-test/,/tests/t4-test/,5,,,3656,yes,yes,
2026-09-28,t4 free,phone,selling-test-page,/tests/free-t4-test/,/tests/t4-test/,12,11.0,,183,yes,no,other page ranks
2026-09-28,t4 free,desktop,selling-test-page,/tests/free-t4-test/,/tests/t4-test/,11,,,183,yes,no,
2026-09-28,t4 free blood test,phone,selling-test-page,/tests/free-t4-test/,/tests/t4-test/,5,5.0,,7322,yes,yes,other page ranks
2026-09-28,t4 free blood test,desktop,selling-test-page,/tests/free-t4-test/,/tests/t4-test/,5,,,7322,yes,yes,
2026-09-28,t4 test,phone,kept,/tests/t4-test/,/tests/t4-test/,24,20.0,,823,yes,no,
2026-09-28,t4 test,desktop,kept,/tests/t4-test/,/tests/t4-test/,11,,,823,yes,no,
2026-09-28,tb blood test,phone,selling-test-page,/tests/tuberculosis-blood-test/,/tests/tb-skin-test/,16,19.0,,637,yes,no,other page ranks
2026-09-28,tb blood test,desktop,selling-test-page,/tests/tuberculosis-blood-test/,/tests/tb-skin-test/,14,,,637,yes,no,
2026-09-28,tb skin test,phone,next-in-line,/tests/tb-skin-test/,/tests/tb-skin-test/,4,101.0,,7647,yes,no,
2026-09-28,tb skin test,desktop,next-in-line,/tests/tb-skin-test/,/tests/tb-skin-test/,3,,,7647,no,no,
2026-09-28,tb test,phone,next-in-line,/tests/tb-skin-test/,/tests/tb-skin-test/,4,10.0,,2178,yes,no,refresh
2026-09-28,tb test,desktop,next-in-line,/tests/tb-skin-test/,/tests/tb-skin-test/,4,,,2178,yes,no,
2026-09-28,test for chlamydia gonorrhea,phone,std-pages,/std-testing/chlamydia-gonorrhea-test/,/tests/gonorrhea-test/,18,19.0,,1232,yes,no,other page ranks
2026-09-28,test for chlamydia gonorrhea,desktop,std-pages,/std-testing/chlamydia-gonorrhea-test/,/tests/gonorrhea-test/,19,,,1232,yes,yes,
2026-09-28,test for prediabetes,phone,category,/prediabetes-testing/,/prediabetes-testing/,10,7.0,,50,yes,no,
2026-09-28,test for prediabetes,desktop,category,/prediabetes-testing/,/prediabetes-testing/,7,,,50,yes,no,
2026-09-28,test for sexually transmitted diseases,phone,std-pages,/std-testing/,/std-testing/,4,5.0,,40,no,no,
2026-09-28,test for sexually transmitted diseases,desktop,std-pages,/std-testing/,/std-testing/,4,,,40,no,no,
2026-09-28,tester na thc,phone,next-in-line,/tests/marijuana-thc-testing/,/tests/marijuana-thc-testing/,5,5.0,,4416,no,no,
2026-09-28,tester na thc,desktop,next-in-line,/tests/marijuana-thc-testing/,/tests/marijuana-thc-testing/,5,,,4416,no,no,
2026-09-28,testing com tests,phone,brand,/tests/,/,1,1.0,,103,no,no,
2026-09-28,testing com tests,desktop,brand,/tests/,/,1,,,103,no,no,
2026-09-28,testing for anemia,phone,category,/anemia-testing/,/tests/anemia-testing/,4,4.0,,89,yes,no,other page ranks
2026-09-28,testing for anemia,desktop,category,/anemia-testing/,/tests/anemia-panel-basic-test/,55,,,89,yes,yes,
2026-09-28,testing for herpes,phone,selling-test-page,/std-testing/herpes-1-2-test/,/std-testing/herpes-1-2-test/,18,18.0,,897,yes,no,
2026-09-28,testing for herpes,desktop,selling-test-page,/std-testing/herpes-1-2-test/,/std-testing/herpes-1-2-test/,16,,,897,no,no,
2026-09-28,testing for mycoplasma genitalium,phone,std-pages,/tests/mycoplasma/,,,4.0,,4048,yes,yes,
2026-09-28,testing for mycoplasma genitalium,desktop,std-pages,/tests/mycoplasma/,,,,,4048,yes,yes,
2026-09-28,testing for sexually transmitted diseases,phone,std-pages,/std-testing/,/std-testing/,4,6.0,,67,no,no,
2026-09-28,testing for sexually transmitted diseases,desktop,std-pages,/std-testing/,/std-testing/,7,,,67,no,no,
2026-09-28,testing for tuberculosis blood test,phone,selling-test-page,/tests/tuberculosis-blood-test/,/tests/tuberculosis-blood-test/,27,17.0,,1429,yes,no,
2026-09-28,testing for tuberculosis blood test,desktop,selling-test-page,/tests/tuberculosis-blood-test/,/tests/tb-skin-test/,9,,,1429,yes,no,
2026-09-28,testing.com,phone,brand,/,/,1,1.0,,175,yes,yes,
2026-09-28,testing.com,desktop,brand,/,/,1,,,175,yes,yes,
2026-09-28,testing.com login,phone,brand,/,/,1,1.0,,41,no,no,
2026-09-28,testing.com login,desktop,brand,/,/,1,,,41,no,no,
2026-09-28,testosterone blood test,phone,next-in-line,/tests/testosterone/,/tests/trt-test/,11,14.5,,269,yes,no,other page ranks
2026-09-28,testosterone blood test,desktop,next-in-line,/tests/testosterone/,/tests/trt-test/,17,,,269,yes,no,
2026-09-28,testosterone blood testing,phone,next-in-line,/tests/testosterone/,/tests/trt-test/,29,25.5,,82,yes,no,other page ranks
2026-09-28,testosterone blood testing,desktop,next-in-line,/tests/testosterone/,/tests/testosterone/,41,,,82,yes,no,
2026-09-28,testosterone free and total test,phone,kept,/tests/testosterone-test-free-and-total-test/,/tests/testosterone-test-free-and-total-test/,23,13.0,,93,yes,no,
2026-09-28,testosterone free and total test,desktop,kept,/tests/testosterone-test-free-and-total-test/,/tests/testosterone-test-free-and-total-test/,10,,,93,yes,no,
2026-09-28,testosterone panel,phone,selling-test-page,/tests/testosterone-test-free-and-total-test/,/tests/standard-male-hormone-test/,6,6.0,,362,yes,yes,other page ranks
2026-09-28,testosterone panel,desktop,selling-test-page,/tests/testosterone-test-free-and-total-test/,/tests/standard-male-hormone-test/,6,,,362,yes,yes,
2026-09-28,testosterone test,phone,selling-test-page,/tests/total-testosterone-test/,/tests/testosterone/,18,17.5,,4406,yes,yes,other page ranks
2026-09-28,testosterone test,desktop,selling-test-page,/tests/total-testosterone-test/,/tests/testosterone/,19,,,4406,yes,yes,
2026-09-28,testosterone testing,phone,selling-test-page,/tests/total-testosterone-test/,/tests/testosterone/,16,16.0,,254,yes,yes,other page ranks
2026-09-28,testosterone testing,desktop,selling-test-page,/tests/total-testosterone-test/,/tests/testosterone/,16,,,254,yes,yes,
2026-09-28,tests for std and sti,phone,std-pages,/std-testing/,/std-testing/north-carolina/,30,11.0,,1280,no,no,refresh; other page ranks
2026-09-28,tests for std and sti,desktop,std-pages,/std-testing/,/std-testing/north-carolina/,8,,,1280,no,no,
2026-09-28,tg blood test,phone,selling-test-page,/tests/thyroglobulin/,/tests/triglycerides/,10,10.0,,290,yes,no,other page ranks
2026-09-28,tg blood test,desktop,selling-test-page,/tests/thyroglobulin/,/tests/triglycerides/,10,,,290,yes,no,
2026-09-28,thc test,phone,next-in-line,/tests/marijuana-thc-testing/,,,3.0,,3260,yes,yes,
2026-09-28,thc test,desktop,next-in-line,/tests/marijuana-thc-testing/,/tests/marijuana-thc-testing/,3,,,3260,yes,yes,
2026-09-28,thyroglobulin,phone,selling-test-page,/tests/thyroglobulin/,/tests/thyroglobulin/,46,47.0,,95,yes,no,
2026-09-28,thyroglobulin,desktop,selling-test-page,/tests/thyroglobulin/,/tests/thyroglobulin/,46,,,95,yes,no,
2026-09-28,thyroglobulin test,phone,selling-test-page,/tests/thyroglobulin/,,,6.0,,99,yes,yes,
2026-09-28,thyroglobulin test,desktop,selling-test-page,/tests/thyroglobulin/,/tests/thyroglobulin/,9,,,99,yes,yes,
2026-09-28,thyroid antibody test,phone,kept,/tests/thyroglobulin/,/tests/thyroid-antibodies/,20,18.5,,192,yes,no,other page ranks
2026-09-28,thyroid antibody test,desktop,kept,/tests/thyroglobulin/,/tests/thyroid-antibodies/,17,,,192,yes,no,
2026-09-28,thyroid blood test,phone,category,/thyroid-function-testing/,/tests/thyroid-function-testing/,8,18.0,,1745,yes,no,other page ranks
2026-09-28,thyroid blood test,desktop,category,/thyroid-function-testing/,/tests/thyroid-function-testing/,8,,,1745,yes,yes,
2026-09-28,thyroid function test cost us 2025,phone,selling-test-page,/tests/thyroid-function-testing/,/tests/thyroid-function-testing/,23,16.0,,2951,no,no,
2026-09-28,thyroid function test cost us 2025,desktop,selling-test-page,/tests/thyroid-function-testing/,,,,,2951,yes,no,
2026-09-28,thyroid panel,phone,selling-test-page,/tests/thyroid-panel/,/tests/comprehensive-thyroid-panel/,5,5.0,,3483,yes,yes,other page ranks
2026-09-28,thyroid panel,desktop,selling-test-page,/tests/thyroid-panel/,/tests/comprehensive-thyroid-panel/,4,,,3483,yes,yes,
2026-09-28,thyroid panel test,phone,selling-test-page,/tests/thyroid-panel/,/tests/comprehensive-thyroid-panel/,4,4.0,,1181,yes,yes,other page ranks
2026-09-28,thyroid panel test,desktop,selling-test-page,/tests/thyroid-panel/,/tests/thyroid-panel/,7,,,1181,yes,no,
2026-09-28,thyroid panel with tsh,phone,selling-test-page,/tests/thyroid-function-testing/,/tests/thyroid-panel-with-tsh/,5,5.0,,845,yes,yes,other page ranks
2026-09-28,thyroid panel with tsh,desktop,selling-test-page,/tests/thyroid-function-testing/,/tests/thyroid-function-testing/,7,,,845,yes,yes,
2026-09-28,thyroid panel with tsh test,phone,next-in-line,/tests/thyroid-panel-with-tsh/,/tests/thyroid-function-testing/,3,4.0,,33,yes,yes,other page ranks
2026-09-28,thyroid panel with tsh test,desktop,next-in-line,/tests/thyroid-panel-with-tsh/,/tests/thyroid-function-testing/,5,,,33,yes,yes,
2026-09-28,thyroid peroxidase antibodies,phone,selling-test-page,/tests/thyroid-antibodies/,/tests/thyroid-antibodies/,39,36.5,,83,yes,no,
2026-09-28,thyroid peroxidase antibodies,desktop,selling-test-page,/tests/thyroid-antibodies/,/tests/thyroid-antibodies/,36,,,83,yes,no,
2026-09-28,thyroid stimulating hormone test,phone,kept,/tests/thyroid-stimulating-hormone-tsh/,/tests/thyroid-stimulating-hormone-tsh/,27,21.0,,110,yes,no,
2026-09-28,thyroid stimulating hormone test,desktop,kept,/tests/thyroid-stimulating-hormone-tsh/,/tests/thyroid-function-testing/,18,,,110,yes,no,
2026-09-28,thyroid test,phone,category,/thyroid-function-testing/,/tests/thyroid-function-testing/,33,36.5,,1053,yes,no,other page ranks
2026-09-28,thyroid test,desktop,category,/thyroid-function-testing/,/tests/thyroid-function-testing/,24,,,1053,yes,no,
2026-09-28,thyroid test at home,desktop,leaving,/tests/at-home-thyroid-testing/,/tests/at-home-thyroid-testing/,7,,,4410,yes,yes,
2026-09-28,thyroiditis,phone,selling-test-page,/tests/thyroid-antibodies/,,,101.0,,0,yes,no,
2026-09-28,thyroiditis,desktop,selling-test-page,/tests/thyroid-antibodies/,,,,,0,yes,no,
2026-09-28,tibc test,phone,kept,/tests/transferrin-and-iron-binding-capacity-tibc-uibc/,,,101.0,,18,yes,no,
2026-09-28,tibc test,desktop,kept,/tests/transferrin-and-iron-binding-capacity-tibc-uibc/,/tests/transferrin-and-iron-binding-capacity-tibc-uibc/,33,,,18,yes,no,
2026-09-28,tirzepatide compound,phone,treatments,/treatments/compounded-tirzepatide/,/treatments/compounded-tirzepatide/,4,52.5,,15396,yes,yes,
2026-09-28,tirzepatide compound,desktop,treatments,/treatments/compounded-tirzepatide/,,,,,15396,yes,yes,
2026-09-28,tirzepatide cost,phone,treatments,/treatments/compounded-tirzepatide-cost/,,,101.0,,76,yes,no,
2026-09-28,tirzepatide cost,desktop,treatments,/treatments/compounded-tirzepatide-cost/,,,,,76,yes,no,
2026-09-28,tirzepatide price,phone,treatments,/treatments/compounded-tirzepatide-cost/,,,101.0,,916,yes,no,
2026-09-28,tirzepatide price,desktop,treatments,/treatments/compounded-tirzepatide-cost/,,,,,916,yes,no,
2026-09-28,tirzepatide side effects,phone,treatments,/treatments/compounded-tirzepatide-side-effects/,,,58.5,,792,no,no,
2026-09-28,tirzepatide side effects,desktop,treatments,/treatments/compounded-tirzepatide-side-effects/,/treatments/compounded-tirzepatide-side-effects/,15,,,792,yes,no,
2026-09-28,tirzepatide side effects after first dose,phone,treatments,/treatments/compounded-tirzepatide-side-effects/,,,54.5,,294,no,no,
2026-09-28,tirzepatide side effects after first dose,desktop,treatments,/treatments/compounded-tirzepatide-side-effects/,/treatments/compounded-tirzepatide-side-effects/,7,,,294,yes,yes,
2026-09-28,titer test,phone,next-in-line,/tests/antibody-titer-test/,/tests/antibody-titer-test/,10,5.0,,6695,yes,no,
2026-09-28,titer test,desktop,next-in-line,/tests/antibody-titer-test/,/tests/antibody-titer-test/,9,,,6695,yes,yes,
2026-09-28,titers test,phone,next-in-line,/tests/antibody-titer-test/,/tests/antibody-titer-test/,14,101.0,,7326,yes,no,
2026-09-28,titers test,desktop,next-in-line,/tests/antibody-titer-test/,/tests/antibody-titer-test/,12,,,7326,yes,yes,
2026-09-28,total ige,phone,selling-test-page,/tests/total-ige/,/tests/total-ige/,5,2.0,,387,yes,yes,
2026-09-28,total ige,desktop,selling-test-page,/tests/total-ige/,/tests/total-ige/,5,,,387,yes,yes,
2026-09-28,total ige test,phone,kept,/tests/total-ige/,/tests/total-ige/,4,4.0,,92,yes,yes,
2026-09-28,total ige test,desktop,kept,/tests/total-ige/,/tests/total-ige/,4,,,92,yes,yes,
2026-09-28,total protein,phone,next-in-line,/tests/total-protein-albumin-globulin-ag-ratio/,/tests/total-protein-albumin-globulin-ag-ratio/,8,8.0,,4139,yes,yes,refresh
2026-09-28,total protein,desktop,next-in-line,/tests/total-protein-albumin-globulin-ag-ratio/,/tests/total-protein-albumin-globulin-ag-ratio/,7,,,4139,yes,no,
2026-09-28,total protein blood test,phone,next-in-line,/tests/total-protein-albumin-globulin-ag-ratio/,/tests/total-protein-albumin-globulin-ag-ratio/,6,6.0,,6351,yes,no,
2026-09-28,total protein blood test,desktop,next-in-line,/tests/total-protein-albumin-globulin-ag-ratio/,/tests/total-protein-albumin-globulin-ag-ratio/,5,,,6351,yes,yes,
2026-09-28,total testosterone test,phone,selling-test-page,/tests/total-testosterone-test/,/tests/total-testosterone-test/,9,9.0,,191,yes,yes,
2026-09-28,total testosterone test,desktop,selling-test-page,/tests/total-testosterone-test/,/tests/total-testosterone-test/,8,,,191,yes,yes,
2026-09-28,tpo antibodies,phone,selling-test-page,/tests/thyroid-antibodies/,/tests/thyroid-antibodies/,26,23.0,,88,yes,no,
2026-09-28,tpo antibodies,desktop,selling-test-page,/tests/thyroid-antibodies/,,,,,88,yes,no,
2026-09-28,transferrin,phone,selling-test-page,/tests/transferrin-and-iron-binding-capacity-tibc-uibc/,,,101.0,,9,yes,no,
2026-09-28,transferrin,desktop,selling-test-page,/tests/transferrin-and-iron-binding-capacity-tibc-uibc/,,,,,9,yes,no,
2026-09-28,treponema pallidum antibody,phone,selling-test-page,/tests/treponema-pallidum-syphilis-test/,/tests/treponema-pallidum-syphilis-test/,4,4.0,,1665,yes,yes,
2026-09-28,treponema pallidum antibody,desktop,selling-test-page,/tests/treponema-pallidum-syphilis-test/,/tests/treponema-pallidum-syphilis-test/,4,,,1665,yes,yes,
2026-09-28,treponema pallidum antibody screen,phone,selling-test-page,/tests/treponema-pallidum-syphilis-test/,/tests/syphilis-test/,51,26.0,,1139,yes,yes,other page ranks
2026-09-28,treponema pallidum antibody screen,desktop,selling-test-page,/tests/treponema-pallidum-syphilis-test/,/tests/treponema-pallidum-syphilis-test/,1,,,1139,yes,yes,
2026-09-28,trich test,phone,std-pages,/tests/trichomoniasis-testing/,/tests/at-home-trichomoniasis-test/,18,19.0,,159,yes,no,other page ranks
2026-09-28,trich test,desktop,std-pages,/tests/trichomoniasis-testing/,/tests/at-home-trichomoniasis-test/,17,,,159,yes,no,
2026-09-28,trich testing,phone,std-pages,/tests/trichomoniasis-testing/,/tests/at-home-trichomoniasis-test/,9,45.5,,61,yes,no,other page ranks
2026-09-28,trich testing,desktop,std-pages,/tests/trichomoniasis-testing/,/tests/at-home-trichomoniasis-test/,9,,,61,yes,no,
2026-09-28,trichomonas in urine,phone,std-pages,/tests/trichomoniasis-testing/,/tests/trichomoniasis-testing/,30,24.0,,852,yes,no,
2026-09-28,trichomonas in urine,desktop,std-pages,/tests/trichomoniasis-testing/,/tests/trichomoniasis-testing/,31,,,852,yes,no,
2026-09-28,trichomonas medication,phone,treatments,/treatments/trichomoniasis/,,,101.0,,14,no,no,
2026-09-28,trichomonas medication,desktop,treatments,/treatments/trichomoniasis/,,,,,14,yes,no,
2026-09-28,trichomonas naat,phone,std-pages,/tests/trichomoniasis-testing/,/tests/trichomoniasis-testing/,5,5.0,,39,yes,yes,
2026-09-28,trichomonas naat,desktop,std-pages,/tests/trichomoniasis-testing/,/tests/at-home-trichomoniasis-test/,41,,,39,yes,yes,
2026-09-28,trichomonas test,phone,std-pages,/tests/trichomoniasis-testing/,/tests/at-home-trichomoniasis-test/,11,11.0,,165,yes,no,other page ranks
2026-09-28,trichomonas test,desktop,std-pages,/tests/trichomoniasis-testing/,/tests/at-home-trichomoniasis-test/,11,,,165,yes,no,
2026-09-28,trichomonas testing,phone,std-pages,/tests/trichomoniasis-testing/,/tests/at-home-trichomoniasis-test/,19,14.5,,79,yes,no,other page ranks
2026-09-28,trichomonas testing,desktop,std-pages,/tests/trichomoniasis-testing/,/tests/at-home-trichomoniasis-test/,9,,,79,yes,no,
2026-09-28,trichomonas vaginalis rna,phone,std-pages,/tests/trichomoniasis-testing/,,,101.0,,1,yes,no,
2026-09-28,trichomonas vaginalis rna,desktop,std-pages,/tests/trichomoniasis-testing/,,,,,1,yes,no,
2026-09-28,trichomoniasis,phone,std-pages,/tests/trichomoniasis-testing/,,,101.0,,16,yes,no,
2026-09-28,trichomoniasis,desktop,std-pages,/tests/trichomoniasis-testing/,,,,,16,yes,no,
2026-09-28,trichomoniasis medication,phone,treatments,/treatments/trichomoniasis/,,,65.5,,34,no,no,
2026-09-28,trichomoniasis medication,desktop,treatments,/treatments/trichomoniasis/,/treatments/trichomoniasis/,31,,,34,yes,no,
2026-09-28,trichomoniasis test,phone,std-pages,/tests/trichomoniasis-testing/,/tests/at-home-trichomoniasis-test/,16,36.0,,1973,yes,no,other page ranks
2026-09-28,trichomoniasis test,desktop,std-pages,/tests/trichomoniasis-testing/,/tests/at-home-trichomoniasis-test/,14,,,1973,yes,no,
2026-09-28,trichomoniasis testing,phone,std-pages,/tests/trichomoniasis-testing/,/tests/at-home-trichomoniasis-test/,9,9.5,,316,yes,yes,other page ranks
2026-09-28,trichomoniasis testing,desktop,std-pages,/tests/trichomoniasis-testing/,/tests/at-home-trichomoniasis-test/,5,,,316,yes,yes,
2026-09-28,trig blood test,phone,next-in-line,/tests/triglycerides/,/tests/triglycerides/,10,11.0,,416,yes,no,
2026-09-28,trig blood test,desktop,next-in-line,/tests/triglycerides/,/tests/triglycerides/,21,,,416,yes,no,
2026-09-28,triglycerides blood test,phone,next-in-line,/tests/triglycerides/,,,101.0,,2845,yes,no,
2026-09-28,triglycerides blood test,desktop,next-in-line,/tests/triglycerides/,,,,,2845,yes,no,
2026-09-28,troponin,phone,next-in-line,/tests/troponin/,/tests/troponin/,4,3.5,,56042,yes,yes,
2026-09-28,troponin,desktop,next-in-line,/tests/troponin/,/tests/troponin/,3,,,56042,yes,yes,
2026-09-28,troponin test,phone,next-in-line,/tests/troponin/,/tests/troponin/,4,4.0,,7790,yes,yes,
2026-09-28,troponin test,desktop,next-in-line,/tests/troponin/,/tests/troponin/,4,,,7790,yes,yes,
2026-09-28,trt,phone,next-in-line,/tests/trt-test/,,,101.0,,1547,yes,no,
2026-09-28,trt,desktop,next-in-line,/tests/trt-test/,,,,,1547,yes,no,
2026-09-28,trt test,phone,next-in-line,/tests/trt-test/,/tests/trt-test/,8,8.0,,355,yes,yes,
2026-09-28,trt test,desktop,next-in-line,/tests/trt-test/,/tests/trt-test/,8,,,355,yes,yes,
2026-09-28,tryptase,phone,selling-test-page,/tests/tryptase/,/tests/tryptase/,6,5.0,,7354,yes,yes,
2026-09-28,tryptase,desktop,selling-test-page,/tests/tryptase/,/tests/tryptase/,4,,,7354,yes,yes,
2026-09-28,tryptase blood test,phone,selling-test-page,/tests/tryptase/,,,51.0,,2218,yes,yes,
2026-09-28,tryptase blood test,desktop,selling-test-page,/tests/tryptase/,/tests/tryptase/,1,,,2218,yes,yes,
2026-09-28,tryptase test,phone,selling-test-page,/tests/tryptase/,/tests/tryptase/,1,1.0,,2357,yes,yes,
2026-09-28,tryptase test,desktop,selling-test-page,/tests/tryptase/,/tests/tryptase/,1,,,2357,yes,yes,
2026-09-28,tsh,phone,selling-test-page,/tests/thyroid-stimulating-hormone-tsh/,,,101.0,,206,yes,no,
2026-09-28,tsh,desktop,selling-test-page,/tests/thyroid-stimulating-hormone-tsh/,,,,,206,yes,no,
2026-09-28,tsh + free t4,phone,selling-test-page,/tests/tsh-and-free-t4-test/,/thyroid-testing-example-results/,12,10.5,,416,yes,no,other page ranks
2026-09-28,tsh + free t4,desktop,selling-test-page,/tests/tsh-and-free-t4-test/,/thyroid-testing-example-results/,9,,,416,yes,yes,
2026-09-28,tsh and free t4 test,phone,kept,/tests/tsh-and-free-t4-test/,/tests/tsh-and-free-t4-test/,7,7.0,,159,yes,yes,
2026-09-28,tsh and free t4 test,desktop,kept,/tests/tsh-and-free-t4-test/,/tests/tsh-and-free-t4-test/,7,,,159,yes,no,
2026-09-28,tsh blood test,phone,selling-test-page,/tests/thyroid-function-testing/,/tests/thyroid-function-testing/,8,8.5,,3324,yes,no,refresh
2026-09-28,tsh blood test,desktop,selling-test-page,/tests/thyroid-function-testing/,/tests/thyroid-function-testing/,7,,,3324,yes,no,
2026-09-28,tsh free t4,phone,selling-test-page,/tests/tsh-and-free-t4-test/,/thyroid-testing-example-results/,8,4.0,,649,yes,yes,other page ranks
2026-09-28,tsh free t4,desktop,selling-test-page,/tests/tsh-and-free-t4-test/,/thyroid-testing-example-results/,10,,,649,yes,yes,
2026-09-28,tsh test,phone,selling-test-page,/tests/thyroid-stimulating-hormone-tsh/,/tests/thyroid-function-testing/,34,34.5,,388,yes,no,other page ranks
2026-09-28,tsh test,desktop,selling-test-page,/tests/thyroid-stimulating-hormone-tsh/,/tests/thyroid-function-testing/,30,,,388,yes,no,
2026-09-28,tsh+free t4,phone,selling-test-page,/tests/tsh-and-free-t4-test/,/thyroid-testing-example-results/,11,12.0,,818,yes,yes,other page ranks
2026-09-28,tsh+free t4,desktop,selling-test-page,/tests/tsh-and-free-t4-test/,/thyroid-testing-example-results/,11,,,818,yes,yes,
2026-09-28,tuberculosis blood testing,phone,selling-test-page,/tests/tuberculosis-blood-test/,/tests/tb-skin-test/,22,27.0,,821,no,no,other page ranks
2026-09-28,tuberculosis blood testing,desktop,selling-test-page,/tests/tuberculosis-blood-test/,/tests/tuberculosis-blood-test/,42,,,821,yes,no,
2026-09-28,tuberculosis diagnostics,phone,category,/tb-testing/,/tb-testing/,32,31.0,,12,yes,no,
2026-09-28,tuberculosis diagnostics,desktop,category,/tb-testing/,/tests/tb-skin-test/,64,,,12,yes,no,
2026-09-28,tumor testing,phone,category,/cancer-testing/,/tests/genetic-tests-targeted-cancer-therapy/,23,23.0,,44,yes,no,other page ranks
2026-09-28,tumor testing,desktop,category,/cancer-testing/,,,,,44,yes,no,
2026-09-28,types of std tests,phone,std-pages,/std-testing/,/std-testing/,10,101.0,,41,yes,no,
2026-09-28,types of std tests,desktop,std-pages,/std-testing/,/std-testing/standard-std-panel/,38,,,41,yes,no,
2026-09-28,ua blood test,phone,selling-test-page,/tests/urinalysis/,/tests/urinalysis/,8,53.0,,118,yes,yes,
2026-09-28,ua blood test,desktop,selling-test-page,/tests/urinalysis/,/tests/uti-testing/,64,,,118,yes,yes,
2026-09-28,ua test,phone,selling-test-page,/tests/urinalysis/,/tests/urinalysis/,13,10.5,,660,yes,yes,
2026-09-28,ua test,desktop,selling-test-page,/tests/urinalysis/,/tests/urinalysis/,13,,,660,yes,yes,
2026-09-28,uacr test price,phone,selling-test-page,/tests/urine-albumin-and-albumin-creatinine-ratio/,/tests/urine-albumin-and-albumin-creatinine-ratio/,18,16.0,,328,yes,no,
2026-09-28,uacr test price,desktop,selling-test-page,/tests/urine-albumin-and-albumin-creatinine-ratio/,/tests/urine-albumin-and-albumin-creatinine-ratio/,18,,,328,yes,no,
2026-09-28,uibc,phone,selling-test-page,/tests/transferrin-and-iron-binding-capacity-tibc-uibc/,/tests/transferrin-and-iron-binding-capacity-tibc-uibc/,34,35.0,,18,yes,no,
2026-09-28,uibc,desktop,selling-test-page,/tests/transferrin-and-iron-binding-capacity-tibc-uibc/,/tests/transferrin-and-iron-binding-capacity-tibc-uibc/,35,,,18,yes,no,
2026-09-28,uibc blood test,phone,selling-test-page,/tests/transferrin-and-iron-binding-capacity-tibc-uibc/,/tests/transferrin-and-iron-binding-capacity-tibc-uibc/,21,17.0,,171,yes,no,
2026-09-28,uibc blood test,desktop,selling-test-page,/tests/transferrin-and-iron-binding-capacity-tibc-uibc/,/tests/transferrin-and-iron-binding-capacity-tibc-uibc/,13,,,171,yes,no,
2026-09-28,ureaplasma,phone,next-in-line,/std-testing/mycoplasma-ureaplasma-test/,/std-testing/mycoplasma-ureaplasma-test/,26,18.0,,977,yes,no,
2026-09-28,ureaplasma,desktop,next-in-line,/std-testing/mycoplasma-ureaplasma-test/,/std-testing/mycoplasma-ureaplasma-test/,25,,,977,yes,no,
2026-09-28,ureaplasma antibiotics,phone,treatments,/treatments/ureaplasma/,,,101.0,,0,no,no,
2026-09-28,ureaplasma antibiotics,desktop,treatments,/treatments/ureaplasma/,,,,,0,yes,no,
2026-09-28,ureaplasma test,phone,next-in-line,/std-testing/mycoplasma-ureaplasma-test/,/tests/mycoplasma/,60,31.0,,1479,yes,yes,other page ranks
2026-09-28,ureaplasma test,desktop,next-in-line,/std-testing/mycoplasma-ureaplasma-test/,/std-testing/mycoplasma-ureaplasma-test/,2,,,1479,yes,yes,
2026-09-28,ureaplasma treatment,phone,treatments,/treatments/ureaplasma/,,,89.5,,0,no,no,
2026-09-28,ureaplasma treatment,desktop,treatments,/treatments/ureaplasma/,,,,,0,yes,no,
2026-09-28,uric acid blood test,phone,selling-test-page,/tests/uric-acid/,/tests/uric-acid/,11,12.0,,418,yes,no,
2026-09-28,uric acid blood test,desktop,selling-test-page,/tests/uric-acid/,/tests/uric-acid/,21,,,418,yes,no,
2026-09-28,uric acid lab test,phone,selling-test-page,/tests/uric-acid/,/tests/uric-acid/,6,6.0,,196,yes,yes,
2026-09-28,uric acid lab test,desktop,selling-test-page,/tests/uric-acid/,/tests/uric-acid/,7,,,196,yes,yes,
2026-09-28,uric acid test,phone,selling-test-page,/tests/uric-acid/,/tests/uric-acid/,25,20.5,,322,yes,no,
2026-09-28,uric acid test,desktop,selling-test-page,/tests/uric-acid/,/tests/uric-acid/,13,,,322,yes,no,
2026-09-28,urinalysis,phone,selling-test-page,/tests/urinalysis/,,,101.0,,485,yes,no,
2026-09-28,urinalysis,desktop,selling-test-page,/tests/urinalysis/,/tests/urinalysis/,23,,,485,yes,no,
2026-09-28,urinalysis test,phone,kept,/tests/urinalysis/,/tests/urinalysis/,25,22.5,,140,yes,no,
2026-09-28,urinalysis test,desktop,kept,/tests/urinalysis/,/tests/urinalysis/,24,,,140,yes,no,
2026-09-28,urine culture,phone,next-in-line,/tests/urine-culture/,/tests/urine-culture/,7,7.0,,3744,yes,no,
2026-09-28,urine culture,desktop,next-in-line,/tests/urine-culture/,/tests/urine-culture/,7,,,3744,yes,no,
2026-09-28,urine culture test,phone,next-in-line,/tests/urine-culture/,/tests/urine-culture/,2,2.0,,1788,yes,yes,
2026-09-28,urine culture test,desktop,next-in-line,/tests/urine-culture/,/tests/urine-culture/,2,,,1788,yes,yes,
2026-09-28,urine drug test,phone,next-in-line,/tests/urine-drug-test/,/tests/urine-drug-test/,1,1.5,,3087,yes,yes,buy button
2026-09-28,urine drug test,desktop,next-in-line,/tests/urine-drug-test/,/tests/urine-drug-test/,2,,,3087,yes,no,
2026-09-28,urine mercury levels,phone,kept,/tests/mercury/,/tests/mercury/,10,13.0,,71,no,no,
2026-09-28,urine mercury levels,desktop,kept,/tests/mercury/,/tests/mercury/,15,,,71,no,no,
2026-09-28,urine naat test,desktop,leaving,/std-testing/chlamydia-gonorrhea-test/,/tests/chlamydia-urine-test/,4,,,109,yes,yes,
2026-09-28,urine protein creatinine ratio,phone,selling-test-page,/tests/urine-protein-and-urine-protein-creatinine-ratio/,,,18.0,,1182,yes,yes,
2026-09-28,urine protein creatinine ratio,desktop,selling-test-page,/tests/urine-protein-and-urine-protein-creatinine-ratio/,/tests/urine-protein-and-urine-protein-creatinine-ratio/,19,,,1182,yes,yes,
2026-09-28,urine protein creatinine ratio test,phone,kept,/tests/urine-protein-and-urine-protein-creatinine-ratio/,/tests/urine-protein-and-urine-protein-creatinine-ratio/,11,10.0,,22,yes,yes,
2026-09-28,urine protein creatinine ratio test,desktop,kept,/tests/urine-protein-and-urine-protein-creatinine-ratio/,/tests/urine-protein-and-urine-protein-creatinine-ratio/,10,,,22,yes,yes,
2026-09-28,uti test,phone,category,/uti-testing/,/tests/uti-testing/,8,5.5,,4119,yes,yes,other page ranks
2026-09-28,uti test,desktop,category,/uti-testing/,/tests/uti-testing/,9,,,4119,yes,yes,
2026-09-28,uti testing,phone,category,/uti-testing/,/tests/uti-testing/,6,4.5,,1040,yes,yes,other page ranks
2026-09-28,uti testing,desktop,category,/uti-testing/,/tests/uti-testing/,6,,,1040,yes,yes,
2026-09-28,varicella titer,phone,next-in-line,/tests/varicella-titer-test/,/tests/varicella-titer-test/,3,3.0,,1653,yes,yes,
2026-09-28,varicella titer,desktop,next-in-line,/tests/varicella-titer-test/,/tests/varicella-titer-test/,3,,,1653,yes,yes,
2026-09-28,varicella titer test,phone,next-in-line,/tests/varicella-titer-test/,/tests/varicella-titer-test/,3,3.0,,775,yes,yes,
2026-09-28,varicella titer test,desktop,next-in-line,/tests/varicella-titer-test/,/tests/varicella-titer-test/,3,,,775,yes,yes,
2026-09-28,varicella zoster igg,phone,next-in-line,/tests/chickenpox-and-shingles-tests/,/tests/varicella-titer-test/,2,51.5,,2114,yes,yes,other page ranks
2026-09-28,varicella zoster igg,desktop,next-in-line,/tests/chickenpox-and-shingles-tests/,/tests/varicella-titer-test/,2,,,2114,yes,yes,
2026-09-28,venereal disease screening,phone,std-pages,/std-testing/,/std-testing/,19,12.5,,166,yes,no,
2026-09-28,venereal disease screening,desktop,std-pages,/std-testing/,/std-testing/,20,,,166,yes,no,
2026-09-28,vitamin a blood test,phone,selling-test-page,/tests/vitamin-a/,/tests/vitamin-a/,8,8.0,,135,yes,yes,
2026-09-28,vitamin a blood test,desktop,selling-test-page,/tests/vitamin-a/,/tests/vitamin-a/,6,,,135,yes,yes,
2026-09-28,vitamin a retinol,phone,selling-test-page,/tests/vitamin-a/,,,101.0,,62,yes,no,
2026-09-28,vitamin a retinol,desktop,selling-test-page,/tests/vitamin-a/,,,,,62,yes,no,
2026-09-28,vitamin a test,desktop,leaving,/tests/vitamin-a/,/tests/vitamin-a/,8,,,80,yes,yes,
2026-09-28,vitamin b,phone,next-in-line,/tests/b-vitamins/,,,101.0,,328,yes,no,
2026-09-28,vitamin b,desktop,next-in-line,/tests/b-vitamins/,/tests/b-vitamins/,33,,,328,yes,no,
2026-09-28,vitamin b12 blood test,phone,selling-test-page,/tests/vitamin-b12/,/tests/vitamin-b12/,7,6.0,,849,yes,no,
2026-09-28,vitamin b12 blood test,desktop,selling-test-page,/tests/vitamin-b12/,/tests/vitamin-b12/,7,,,849,yes,yes,
2026-09-28,vitamin b12 test,phone,selling-test-page,/tests/vitamin-b12/,/tests/vitamin-b12/,11,13.0,,254,yes,yes,
2026-09-28,vitamin b12 test,desktop,selling-test-page,/tests/vitamin-b12/,,,,,254,yes,yes,
2026-09-28,vitamin d 25 hydroxy,phone,selling-test-page,/tests/vitamin-d-25-hydroxy-test/,/tests/vitamin-d-25-hydroxy-test/,3,2.5,,11720,yes,yes,
2026-09-28,vitamin d 25 hydroxy,desktop,selling-test-page,/tests/vitamin-d-25-hydroxy-test/,,,,,11720,yes,yes,
2026-09-28,vitamin d 25 hydroxy test,phone,kept,/tests/vitamin-d-25-hydroxy-test/,/tests/vitamin-d-25-hydroxy-test/,3,3.0,,983,yes,yes,
2026-09-28,vitamin d 25 hydroxy test,desktop,kept,/tests/vitamin-d-25-hydroxy-test/,/tests/vitamin-d-25-hydroxy-test/,3,,,983,yes,yes,
2026-09-28,vitamin d blood test,phone,selling-test-page,/tests/vitamin-d-25-hydroxy-test/,/tests/at-home-vitamin-d-test/,53,29.5,,3821,yes,yes,other page ranks
2026-09-28,vitamin d blood test,desktop,selling-test-page,/tests/vitamin-d-25-hydroxy-test/,/tests/vitamin-d-25-hydroxy-test/,6,,,3821,yes,yes,
2026-09-28,vitamin d blood test name,phone,selling-test-page,/tests/vitamin-d-tests/,/tests/vitamin-d-25-hydroxy-test/,9,8.5,,195,yes,yes,other page ranks
2026-09-28,vitamin d blood test name,desktop,selling-test-page,/tests/vitamin-d-tests/,/tests/vitamin-d-25-hydroxy-test/,9,,,195,yes,yes,
2026-09-28,vitamin d screening,phone,selling-test-page,/tests/vitamin-d-tests/,/tests/vitamin-d-25-hydroxy-test/,7,8.0,,54,yes,yes,other page ranks
2026-09-28,vitamin d screening,desktop,selling-test-page,/tests/vitamin-d-tests/,/tests/at-home-vitamin-d-test/,40,,,54,yes,yes,
2026-09-28,vitamin d test,phone,kept,/tests/vitamin-d-25-hydroxy-test/,/tests/vitamin-d-25-hydroxy-test/,6,7.0,,1803,yes,yes,
2026-09-28,vitamin d test,desktop,kept,/tests/vitamin-d-25-hydroxy-test/,/tests/vitamin-d-25-hydroxy-test/,5,,,1803,yes,yes,
2026-09-28,vitamin d25 hydroxy,desktop,leaving,/tests/vitamin-d-25-hydroxy-test/,/tests/vitamin-d-25-hydroxy-test/,2,,,991,yes,yes,
2026-09-28,vitamin deficiency test,phone,category,/vitamins-and-nutritional-testing/,/tests/vitamins-and-nutritional-testing/,13,10.5,,643,yes,no,other page ranks
2026-09-28,vitamin deficiency test,desktop,category,/vitamins-and-nutritional-testing/,/tests/vitamins-and-nutritional-testing/,36,,,643,yes,no,
2026-09-28,vitamin k blood test,phone,selling-test-page,/tests/vitamin-k/,,,52.5,,59,yes,yes,
2026-09-28,vitamin k blood test,desktop,selling-test-page,/tests/vitamin-k/,/tests/vitamin-k/,3,,,59,yes,yes,
2026-09-28,vitamin k test,phone,selling-test-page,/tests/vitamin-k/,/tests/vitamin-k/,5,6.0,,56,yes,yes,
2026-09-28,vitamin k test,desktop,selling-test-page,/tests/vitamin-k/,/tests/vitamin-k/,5,,,56,yes,yes,
2026-09-28,vitamin k1 test,phone,selling-test-page,/tests/vitamin-k/,/tests/vitamin-k/,7,7.0,,35,no,no,
2026-09-28,vitamin k1 test,desktop,selling-test-page,/tests/vitamin-k/,/tests/vitamin-k/,5,,,35,yes,yes,
2026-09-28,vitamin panel blood test,phone,next-in-line,/tests/comprehensive-vitamin-panel/,/tests/comprehensive-vitamin-panel/,6,6.0,,251,yes,yes,
2026-09-28,vitamin panel blood test,desktop,next-in-line,/tests/comprehensive-vitamin-panel/,/tests/comprehensive-vitamin-panel/,5,,,251,yes,yes,
2026-09-28,vitamin test,phone,category,/vitamins-and-nutritional-testing/,/tests/vitamins-and-nutritional-testing/,4,4.0,,363,yes,no,other page ranks
2026-09-28,vitamin test,desktop,category,/vitamins-and-nutritional-testing/,/tests/vitamins-and-nutritional-testing/,4,,,363,yes,yes,
2026-09-28,vldl,phone,next-in-line,/tests/vldl-cholesterol/,/tests/vldl-cholesterol/,12,12.0,,1414,yes,no,refresh
2026-09-28,vldl,desktop,next-in-line,/tests/vldl-cholesterol/,/tests/vldl-cholesterol/,9,,,1414,yes,no,
2026-09-28,vldl cholesterol,phone,next-in-line,/tests/vldl-cholesterol/,/tests/vldl-cholesterol/,9,8.0,,2524,yes,no,refresh
2026-09-28,vldl cholesterol,desktop,next-in-line,/tests/vldl-cholesterol/,/tests/vldl-cholesterol/,8,,,2524,yes,no,
2026-09-28,von willebrand factor,phone,next-in-line,/tests/von-willebrand-factor/,/tests/von-willebrand-factor/,8,54.5,,647,yes,yes,
2026-09-28,von willebrand factor,desktop,next-in-line,/tests/von-willebrand-factor/,/tests/von-willebrand-factor/,8,,,647,yes,yes,
2026-09-28,vwf,phone,next-in-line,/tests/von-willebrand-factor/,/tests/von-willebrand-factor/,11,9.0,,292,yes,no,
2026-09-28,vwf,desktop,next-in-line,/tests/von-willebrand-factor/,/tests/von-willebrand-factor/,6,,,292,yes,no,
2026-09-28,vzv igg,phone,next-in-line,/tests/chickenpox-and-shingles-tests/,/tests/varicella-titer-test/,11,9.5,,899,yes,yes,other page ranks
2026-09-28,vzv igg,desktop,next-in-line,/tests/chickenpox-and-shingles-tests/,/tests/varicella-titer-test/,11,,,899,yes,yes,
2026-09-28,wbc blood test,phone,next-in-line,/tests/white-blood-cell-count-wbc/,/tests/white-blood-cell-count-wbc/,16,101.0,,12025,yes,no,
2026-09-28,wbc blood test,desktop,next-in-line,/tests/white-blood-cell-count-wbc/,/tests/white-blood-cell-count-wbc/,22,,,12025,yes,no,
2026-09-28,wellness test,phone,category,/health-and-wellness-testing/,,,52.5,,161,no,no,
2026-09-28,wellness test,desktop,category,/health-and-wellness-testing/,/tests/health-and-wellness-testing/,3,,,161,no,no,
2026-09-28,what is sermorelin,phone,treatments,/treatments/sermorelin-benefits/,,,51.5,,4948,no,no,
2026-09-28,what is sermorelin,desktop,treatments,/treatments/sermorelin-benefits/,/treatments/sermorelin-benefits/,2,,,4948,yes,yes,
2026-09-28,whey allergy test,phone,not-ranking-yet,/tests/whey-allergy-test/,/tests/whey-allergy-test/,9,7.0,,6,yes,yes,
2026-09-28,whey allergy test,desktop,not-ranking-yet,/tests/whey-allergy-test/,/tests/whey-allergy-test/,8,,,6,yes,yes,
2026-09-28,women's hormone blood panel,phone,not-ranking-yet,/tests/comprehensive-female-hormone-panel/,/tests/female-hormone-panel/,8,8.0,,17,yes,yes,other page ranks
2026-09-28,women's hormone blood panel,desktop,not-ranking-yet,/tests/comprehensive-female-hormone-panel/,/hormone-test-for-women/,20,,,17,yes,yes,
2026-09-28,women's hormone lab panel,phone,not-ranking-yet,/tests/expanded-female-hormone-panel/,/tests/female-hormone-panel/,7,8.0,,14,yes,yes,other page ranks
2026-09-28,women's hormone lab panel,desktop,not-ranking-yet,/tests/expanded-female-hormone-panel/,/tests/female-hormone-panel/,5,,,14,yes,yes,
2026-09-28,women's hormone panel,phone,not-ranking-yet,/tests/comprehensive-female-hormone-panel/,/tests/female-hormone-panel/,5,5.0,,42,yes,yes,other page ranks
2026-09-28,women's hormone panel,desktop,not-ranking-yet,/tests/comprehensive-female-hormone-panel/,/tests/female-hormone-panel/,5,,,42,yes,yes,
2026-09-28,women's hormone panel blood test,phone,not-ranking-yet,/tests/expanded-female-hormone-panel/,/tests/female-hormone-panel/,5,5.0,,13,yes,yes,other page ranks
2026-09-28,women's hormone panel blood test,desktop,not-ranking-yet,/tests/expanded-female-hormone-panel/,/tests/female-hormone-panel/,5,,,13,yes,yes,
2026-09-28,women's hormone test panel,phone,not-ranking-yet,/tests/comprehensive-female-hormone-panel/,/tests/female-hormone-panel/,5,5.0,,14,no,no,other page ranks
2026-09-28,women's hormone test panel,desktop,not-ranking-yet,/tests/comprehensive-female-hormone-panel/,/tests/female-hormone-panel/,5,,,14,yes,yes,
2026-09-28,yeast allergy blood test,phone,not-ranking-yet,/tests/yeast-allergy-test/,/tests/yeast-allergy-test/,8,8.0,,0,no,no,
2026-09-28,yeast allergy blood test,desktop,not-ranking-yet,/tests/yeast-allergy-test/,/tests/yeast-allergy-test/,8,,,0,no,no,
2026-09-28,yeast allergy test,phone,not-ranking-yet,/tests/yeast-allergy-test/,/tests/food-allergy-testing/,74,42.5,,23,yes,yes,other page ranks
2026-09-28,yeast allergy test,desktop,not-ranking-yet,/tests/yeast-allergy-test/,/tests/yeast-allergy-test/,11,,,23,yes,yes,
2026-09-28,yeast infection medication,phone,treatments,/treatments/yeast-infection/,,,101.0,,0,no,no,
2026-09-28,yeast infection medication,desktop,treatments,/treatments/yeast-infection/,,,,,0,yes,no,
2026-09-28,yeast infection test,phone,next-in-line,/tests/yeast-infection-test/,/tests/yeast-infection-test/,9,7.0,,4038,yes,yes,
2026-09-28,yeast infection test,desktop,next-in-line,/tests/yeast-infection-test/,/tests/yeast-infection-test/,9,,,4038,yes,yes,
2026-09-28,yeast infection treatment,phone,treatments,/treatments/yeast-infection/,,,101.0,,3,no,no,
2026-09-28,yeast infection treatment,desktop,treatments,/treatments/yeast-infection/,,,,,3,yes,no,
2026-09-28,zinc blood test,phone,selling-test-page,/tests/zinc-blood-test/,/tests/zinc-blood-test/,7,10.0,,482,yes,yes,
2026-09-28,zinc blood test,desktop,selling-test-page,/tests/zinc-blood-test/,/tests/zinc-blood-test/,8,,,482,yes,yes,
2026-09-28,zinc lab test,phone,selling-test-page,/tests/zinc-blood-test/,/tests/zinc-blood-test/,8,6.0,,57,yes,yes,
2026-09-28,zinc lab test,desktop,selling-test-page,/tests/zinc-blood-test/,/tests/zinc-blood-test/,8,,,57,yes,yes,
2026-09-28,zinc test,phone,selling-test-page,/tests/zinc-blood-test/,/tests/zinc-blood-test/,16,12.0,,162,yes,yes,
2026-09-28,zinc test,desktop,selling-test-page,/tests/zinc-blood-test/,/tests/zinc-blood-test/,16,,,162,yes,yes,
