week_of,keyword,device,group,planned_page,ranking_page,position_latest,median_7d,median_prior_7d,gsc_impressions_28d,ai_overview_on_page,testing_com_in_ai_overview,signals
2026-09-25,10 panel drug screen,phone,next-in-line,/tests/10-panel-drug-testing/,/tests/10-panel-drug-testing/,1,1,,1602,yes,yes,
2026-09-25,10 panel drug screen,desktop,next-in-line,/tests/10-panel-drug-testing/,/tests/10-panel-drug-testing/,1,,,1602,yes,yes,
2026-09-25,10 panel drug test,phone,next-in-line,/tests/10-panel-drug-testing/,/tests/10-panel-drug-testing/,1,1,,8654,yes,yes,buy button
2026-09-25,10 panel drug test,desktop,next-in-line,/tests/10-panel-drug-testing/,/tests/10-panel-drug-testing/,1,,,8654,yes,yes,
2026-09-25,13 panel std test,phone,std-pages,/std-testing/full-std-panel/,/std-testing/full-std-panel/,2,2,,132,no,no,
2026-09-25,13 panel std test,desktop,std-pages,/std-testing/full-std-panel/,/std-testing/full-std-panel/,2,,,132,no,no,
2026-09-25,15/3,phone,next-in-line,/tests/ca-15-3/,/tests/ca-15-3/,6,6,,8519,no,no,
2026-09-25,15/3,desktop,next-in-line,/tests/ca-15-3/,/tests/ca-15-3/,5,,,8519,no,no,
2026-09-25,17 hydroxyprogesterone,phone,next-in-line,/tests/17-hydroxyprogesterone/,/tests/17-hydroxyprogesterone/,10,10,,504,yes,yes,
2026-09-25,17 hydroxyprogesterone,desktop,next-in-line,/tests/17-hydroxyprogesterone/,/tests/17-hydroxyprogesterone/,10,,,504,yes,yes,
2026-09-25,a1ac blood test,phone,selling-test-page,/tests/hemoglobin-a1c/,/tests/hemoglobin-a1c/,37,37,,473,yes,no,
2026-09-25,a1ac blood test,desktop,selling-test-page,/tests/hemoglobin-a1c/,/tests/hemoglobin-a1c/,19,,,473,yes,no,
2026-09-25,a1c testing,phone,selling-test-page,/tests/hemoglobin-a1c/,/tests/hemoglobin-a1c/,45,45,,173,yes,no,
2026-09-25,a1c testing,desktop,selling-test-page,/tests/hemoglobin-a1c/,/tests/hemoglobin-a1c/,42,,,173,yes,no,
2026-09-25,abo rh test,phone,selling-test-page,/tests/blood-typing/,/tests/blood-typing/,10,10,,1422,no,no,refresh
2026-09-25,abo rh test,desktop,selling-test-page,/tests/blood-typing/,/tests/blood-typing/,10,,,1422,yes,yes,
2026-09-25,acetaminophen blood test,phone,next-in-line,/tests/acetaminophen/,/tests/acetaminophen/,4,4,,103,yes,yes,
2026-09-25,acetaminophen blood test,desktop,next-in-line,/tests/acetaminophen/,/tests/acetaminophen/,7,,,103,yes,yes,
2026-09-25,acetaminophen test,phone,next-in-line,/tests/acetaminophen/,/tests/acetaminophen/,8,8,,17,yes,yes,
2026-09-25,acetaminophen test,desktop,next-in-line,/tests/acetaminophen/,/tests/acetaminophen/,7,,,17,yes,yes,
2026-09-25,acetylcholine receptor antibody,phone,next-in-line,/tests/acetylcholine-receptor-achr-antibody/,/tests/acetylcholine-receptor-achr-antibody/,2,2,,598,yes,yes,
2026-09-25,acetylcholine receptor antibody,desktop,next-in-line,/tests/acetylcholine-receptor-achr-antibody/,/tests/acetylcholine-receptor-achr-antibody/,2,,,598,yes,yes,
2026-09-25,acetylcholine receptor antibody test,phone,kept,/tests/acetylcholine-receptor-achr-antibody/,/tests/acetylcholine-receptor-achr-antibody/,1,1,,134,yes,yes,
2026-09-25,acetylcholine receptor antibody test,desktop,kept,/tests/acetylcholine-receptor-achr-antibody/,/tests/acetylcholine-receptor-achr-antibody/,2,,,134,yes,yes,
2026-09-25,acetylcholine receptor binding antibody,phone,next-in-line,/tests/acetylcholine-receptor-achr-antibody/,/tests/acetylcholine-receptor-achr-antibody/,2,2,,456,yes,yes,
2026-09-25,acetylcholine receptor binding antibody,desktop,next-in-line,/tests/acetylcholine-receptor-achr-antibody/,/tests/acetylcholine-receptor-achr-antibody/,8,,,456,yes,yes,
2026-09-25,achr antibody test,phone,kept,/tests/acetylcholine-receptor-achr-antibody/,/tests/acetylcholine-receptor-achr-antibody/,2,2,,168,yes,yes,
2026-09-25,achr antibody test,desktop,kept,/tests/acetylcholine-receptor-achr-antibody/,/tests/acetylcholine-receptor-achr-antibody/,2,,,168,yes,yes,
2026-09-25,acid fast bacilli,phone,next-in-line,/tests/acid-fast-bacillus-afb-testing/,/tests/acid-fast-bacillus-afb-testing/,3,3,,1950,yes,yes,
2026-09-25,acid fast bacilli,desktop,next-in-line,/tests/acid-fast-bacillus-afb-testing/,/tests/acid-fast-bacillus-afb-testing/,3,,,1950,yes,yes,
2026-09-25,act blood test,phone,next-in-line,/tests/activated-clotting-time-act/,/tests/activated-clotting-time-act/,1,1,,528,yes,yes,
2026-09-25,act blood test,desktop,next-in-line,/tests/activated-clotting-time-act/,/tests/activated-clotting-time-act/,1,,,528,yes,yes,
2026-09-25,acth,phone,next-in-line,/tests/adrenocorticotropic-hormone-acth/,/tests/adrenocorticotropic-hormone-acth/,3,3,,21526,yes,yes,buy button
2026-09-25,acth,desktop,next-in-line,/tests/adrenocorticotropic-hormone-acth/,/tests/adrenocorticotropic-hormone-acth/,3,,,21526,yes,yes,
2026-09-25,acth hormone,phone,next-in-line,/tests/adrenocorticotropic-hormone-acth/,/tests/adrenocorticotropic-hormone-acth/,8,8,,6673,yes,yes,refresh
2026-09-25,acth hormone,desktop,next-in-line,/tests/adrenocorticotropic-hormone-acth/,,,,,6673,yes,yes,
2026-09-25,acth stim test,phone,selling-test-page,/tests/acth-stimulation-test/,/tests/acth-stimulation-test/,15,15,,74,yes,yes,
2026-09-25,acth stim test,desktop,selling-test-page,/tests/acth-stimulation-test/,/tests/adrenocorticotropic-hormone-acth/,23,,,74,yes,yes,
2026-09-25,acth stimulation test,phone,selling-test-page,/tests/acth-stimulation-test/,/tests/acth-stimulation-test/,15,15,,1003,yes,yes,refresh
2026-09-25,acth stimulation test,desktop,selling-test-page,/tests/acth-stimulation-test/,/tests/acth-stimulation-test/,16,,,1003,yes,yes,
2026-09-25,activated clotting time,phone,next-in-line,/tests/activated-clotting-time-act/,/tests/activated-clotting-time-act/,2,2,,558,yes,yes,
2026-09-25,activated clotting time,desktop,next-in-line,/tests/activated-clotting-time-act/,/tests/activated-clotting-time-act/,3,,,558,yes,yes,
2026-09-25,acute hepatitis panel,phone,selling-test-page,/tests/acute-viral-hepatitis-panel/,/tests/acute-viral-hepatitis-panel/,2,2,,1035,yes,yes,
2026-09-25,acute hepatitis panel,desktop,selling-test-page,/tests/acute-viral-hepatitis-panel/,/tests/acute-viral-hepatitis-panel/,4,,,1035,yes,yes,
2026-09-25,acute viral hepatitis panel,phone,kept,/tests/acute-viral-hepatitis-panel/,/tests/acute-viral-hepatitis-panel/,2,2,,62,yes,yes,
2026-09-25,acute viral hepatitis panel,desktop,kept,/tests/acute-viral-hepatitis-panel/,/tests/acute-viral-hepatitis-panel/,2,,,62,yes,yes,
2026-09-25,adh,phone,next-in-line,/tests/antidiuretic-hormone-adh/,/tests/antidiuretic-hormone-adh/,12,12,,11788,yes,no,refresh
2026-09-25,adh,desktop,next-in-line,/tests/antidiuretic-hormone-adh/,/tests/antidiuretic-hormone-adh/,7,,,11788,yes,no,
2026-09-25,adh hormone,phone,next-in-line,/tests/antidiuretic-hormone-adh/,/tests/antidiuretic-hormone-adh/,9,9,,181,yes,no,
2026-09-25,adh hormone,desktop,next-in-line,/tests/antidiuretic-hormone-adh/,,,,,181,yes,no,
2026-09-25,adrenal gland test,phone,selling-test-page,/tests/acth-stimulation-test/,/tests/cortisol-am-and-pm-test/,16,16,,147,yes,no,other page ranks
2026-09-25,adrenal gland test,desktop,selling-test-page,/tests/acth-stimulation-test/,/tests/cortisol/,16,,,147,yes,no,
2026-09-25,afb culture,phone,next-in-line,/tests/acid-fast-bacillus-afb-testing/,/tests/acid-fast-bacillus-afb-testing/,7,7,,1336,yes,yes,
2026-09-25,afb culture,desktop,next-in-line,/tests/acid-fast-bacillus-afb-testing/,/tests/acid-fast-bacillus-afb-testing/,6,,,1336,yes,yes,
2026-09-25,afp test,phone,kept,/tests/alpha-fetoprotein-afp-tumor-marker/,/tests/alpha-fetoprotein-afp-tumor-marker/,5,5,,3217,yes,no,
2026-09-25,afp test,desktop,kept,/tests/alpha-fetoprotein-afp-tumor-marker/,/tests/alpha-fetoprotein-afp-tumor-marker/,5,,,3217,yes,yes,
2026-09-25,afp tumor marker,phone,next-in-line,/tests/alpha-fetoprotein-afp-tumor-marker/,/tests/alpha-fetoprotein-afp-tumor-marker/,3,3,,4900,yes,yes,buy button
2026-09-25,afp tumor marker,desktop,next-in-line,/tests/alpha-fetoprotein-afp-tumor-marker/,/tests/alpha-fetoprotein-afp-tumor-marker/,4,,,4900,yes,yes,
2026-09-25,alanine aminotransferase,phone,kept,/tests/alanine-aminotransferase-alt/,/tests/alanine-aminotransferase-alt/,20,20,,210,yes,no,
2026-09-25,alanine aminotransferase,desktop,kept,/tests/alanine-aminotransferase-alt/,/tests/alanine-aminotransferase-alt/,21,,,210,yes,no,
2026-09-25,alanine aminotransferase high,phone,kept,/tests/alanine-aminotransferase-alt/,/tests/alanine-aminotransferase-alt/,22,22,,21,yes,no,
2026-09-25,alanine aminotransferase high,desktop,kept,/tests/alanine-aminotransferase-alt/,/tests/alanine-aminotransferase-alt/,35,,,21,yes,no,
2026-09-25,albumin,phone,selling-test-page,/tests/albumin/,,,101,,151,yes,no,
2026-09-25,albumin,desktop,selling-test-page,/tests/albumin/,,,,,151,yes,no,
2026-09-25,albumin blood test,phone,selling-test-page,/tests/albumin/,/tests/albumin/,11,11,,186,yes,no,
2026-09-25,albumin blood test,desktop,selling-test-page,/tests/albumin/,/tests/albumin/,11,,,186,yes,no,
2026-09-25,albumin test,phone,selling-test-page,/tests/albumin/,/tests/albumin/,11,11,,121,yes,no,
2026-09-25,albumin test,desktop,selling-test-page,/tests/albumin/,/tests/albumin/,12,,,121,yes,no,
2026-09-25,aldolase,phone,next-in-line,/tests/aldolase/,/tests/aldolase/,8,8,,1557,yes,no,refresh
2026-09-25,aldolase,desktop,next-in-line,/tests/aldolase/,/tests/aldolase/,8,,,1557,yes,no,
2026-09-25,aldolase test,phone,next-in-line,/tests/aldolase/,,,101,,2029,yes,yes,
2026-09-25,aldolase test,desktop,next-in-line,/tests/aldolase/,/tests/aldolase/,6,,,2029,yes,yes,
2026-09-25,aldosterone,phone,selling-test-page,/tests/aldosterone-and-renin/,/tests/aldosterone-and-renin/,21,21,,301,yes,no,
2026-09-25,aldosterone,desktop,selling-test-page,/tests/aldosterone-and-renin/,/tests/aldosterone-and-renin/,28,,,301,yes,no,
2026-09-25,aldosterone blood test,phone,selling-test-page,/tests/aldosterone-and-renin/,/tests/aldosterone-and-renin/,2,2,,481,yes,yes,
2026-09-25,aldosterone blood test,desktop,selling-test-page,/tests/aldosterone-and-renin/,/tests/aldosterone-and-renin/,3,,,481,yes,yes,
2026-09-25,aldosterone test,phone,selling-test-page,/tests/aldosterone-and-renin/,/tests/aldosterone-and-renin/,3,3,,843,yes,yes,
2026-09-25,aldosterone test,desktop,selling-test-page,/tests/aldosterone-and-renin/,/tests/aldosterone-and-renin/,3,,,843,yes,yes,
2026-09-25,alkaline phosphatase,phone,next-in-line,/tests/alkaline-phosphatase-alp/,/tests/alkaline-phosphatase-alp/,5,5,,42944,yes,no,
2026-09-25,alkaline phosphatase,desktop,next-in-line,/tests/alkaline-phosphatase-alp/,/tests/alkaline-phosphatase-alp/,5,,,42944,yes,no,
2026-09-25,alkaline phosphatase blood test,phone,next-in-line,/tests/alkaline-phosphatase-alp/,,,101,,6144,yes,no,
2026-09-25,alkaline phosphatase blood test,desktop,next-in-line,/tests/alkaline-phosphatase-alp/,/tests/alkaline-phosphatase-alp/,7,,,6144,yes,no,
2026-09-25,allergen food test,phone,selling-test-page,/tests/food-allergy-testing/,/tests/food-allergy-testing/,11,11,,1969,yes,yes,refresh
2026-09-25,allergen food test,desktop,selling-test-page,/tests/food-allergy-testing/,/tests/food-allergy-testing/,8,,,1969,yes,yes,
2026-09-25,allergy diagnosis,phone,category,/allergy-testing/,/tests/allergy-blood-testing/,17,17,,55,yes,no,other page ranks
2026-09-25,allergy diagnosis,desktop,category,/allergy-testing/,/tests/allergy-blood-testing/,17,,,55,yes,no,
2026-09-25,allergy testing,phone,category,/allergy-testing/,,,101,,1020,no,no,
2026-09-25,allergy testing,desktop,category,/allergy-testing/,,,,,1020,yes,no,
2026-09-25,almond allergy test,phone,not-ranking-yet,/tests/almond-allergy-test/,/tests/almond-allergy-test/,6,6,,5,yes,yes,
2026-09-25,almond allergy test,desktop,not-ranking-yet,/tests/almond-allergy-test/,/tests/almond-allergy-test/,6,,,5,yes,yes,
2026-09-25,almond allergy testing,phone,not-ranking-yet,/tests/almond-allergy-test/,/tests/almond-allergy-test/,8,8,,9,yes,yes,
2026-09-25,almond allergy testing,desktop,not-ranking-yet,/tests/almond-allergy-test/,/tests/almond-allergy-test/,5,,,9,yes,yes,
2026-09-25,alpha fetoprotein,phone,next-in-line,/tests/alpha-fetoprotein-afp-tumor-marker/,/tests/alpha-fetoprotein-afp-tumor-marker/,5,5,,5858,yes,yes,
2026-09-25,alpha fetoprotein,desktop,next-in-line,/tests/alpha-fetoprotein-afp-tumor-marker/,/tests/alpha-fetoprotein-afp-tumor-marker/,6,,,5858,yes,yes,
2026-09-25,alpha fetoprotein tumor marker,phone,kept,/tests/alpha-fetoprotein-afp-tumor-marker/,/tests/alpha-fetoprotein-afp-tumor-marker/,4,4,,2060,yes,yes,
2026-09-25,alpha fetoprotein tumor marker,desktop,kept,/tests/alpha-fetoprotein-afp-tumor-marker/,/tests/alpha-fetoprotein-afp-tumor-marker/,4,,,2060,yes,yes,
2026-09-25,alt,phone,selling-test-page,/tests/alanine-aminotransferase-alt/,,,101,,56825,yes,yes,
2026-09-25,alt,desktop,selling-test-page,/tests/alanine-aminotransferase-alt/,,,,,56825,yes,no,
2026-09-25,alt blood test,phone,selling-test-page,/tests/alanine-aminotransferase-alt/,/tests/alanine-aminotransferase-alt/,19,19,,157,yes,no,
2026-09-25,alt blood test,desktop,selling-test-page,/tests/alanine-aminotransferase-alt/,/tests/alanine-aminotransferase-alt/,34,,,157,yes,no,
2026-09-25,am cortisol test,desktop,leaving,/tests/cortisol-am-and-pm-test/,/tests/cortisol-am-and-pm-test/,7,,,325,yes,yes,
2026-09-25,amh blood test,phone,selling-test-page,/tests/anti-mullerian-hormone/,/tests/anti-mullerian-hormone/,17,17,,207,yes,yes,
2026-09-25,amh blood test,desktop,selling-test-page,/tests/anti-mullerian-hormone/,/tests/anti-mullerian-hormone/,15,,,207,yes,yes,
2026-09-25,amh test,phone,selling-test-page,/tests/anti-mullerian-hormone/,/tests/anti-mullerian-hormone/,20,20,,378,yes,no,
2026-09-25,amh test,desktop,selling-test-page,/tests/anti-mullerian-hormone/,/tests/anti-mullerian-hormone/,26,,,378,yes,no,
2026-09-25,ammonia blood test,phone,selling-test-page,/tests/ammonia/,/tests/ammonia/,9,9,,775,yes,yes,
2026-09-25,ammonia blood test,desktop,selling-test-page,/tests/ammonia/,/tests/ammonia/,9,,,775,yes,yes,
2026-09-25,ammonia in blood,phone,selling-test-page,/tests/ammonia/,/tests/ammonia/,19,19,,0,yes,no,
2026-09-25,ammonia in blood,desktop,selling-test-page,/tests/ammonia/,/tests/ammonia/,15,,,0,yes,no,
2026-09-25,ammonia levels,phone,kept,/tests/ammonia/,/tests/ammonia/,32,32,,53,yes,no,
2026-09-25,ammonia levels,desktop,kept,/tests/ammonia/,/tests/ammonia/,31,,,53,yes,no,
2026-09-25,ammonia test,phone,selling-test-page,/tests/ammonia/,/tests/ammonia/,11,11,,312,yes,no,
2026-09-25,ammonia test,desktop,selling-test-page,/tests/ammonia/,/tests/ammonia/,11,,,312,yes,yes,
2026-09-25,amylase,phone,selling-test-page,/tests/amylase/,,,101,,547,yes,no,
2026-09-25,amylase,desktop,selling-test-page,/tests/amylase/,,,,,547,yes,no,
2026-09-25,amylase blood test,phone,selling-test-page,/tests/amylase/,/tests/amylase/,3,3,,3464,yes,yes,
2026-09-25,amylase blood test,desktop,selling-test-page,/tests/amylase/,/tests/amylase/,3,,,3464,yes,yes,
2026-09-25,amylase test,phone,selling-test-page,/tests/amylase/,/tests/amylase/,8,8,,1179,yes,yes,refresh
2026-09-25,amylase test,desktop,selling-test-page,/tests/amylase/,/tests/amylase/,11,,,1179,yes,yes,
2026-09-25,ana blood test,phone,kept,/tests/antinuclear-antibody-ana/,/tests/antinuclear-antibody-ana/,16,16,,469,yes,no,
2026-09-25,ana blood test,desktop,kept,/tests/antinuclear-antibody-ana/,,,,,469,yes,no,
2026-09-25,ana lab,phone,selling-test-page,/tests/antinuclear-antibody-ana/,/tests/antinuclear-antibody-ana/,11,11,,841,yes,yes,
2026-09-25,ana lab,desktop,selling-test-page,/tests/antinuclear-antibody-ana/,/tests/antinuclear-antibody-ana/,18,,,841,yes,yes,
2026-09-25,ana panel,phone,kept,/tests/antinuclear-antibody-ana/,/tests/antinuclear-antibody-ana/,24,24,,35,yes,no,
2026-09-25,ana panel,desktop,kept,/tests/antinuclear-antibody-ana/,/tests/antinuclear-antibody-ana/,51,,,35,yes,no,
2026-09-25,ana reflex,phone,selling-test-page,/tests/antinuclear-antibody-ana/,/tests/antinuclear-antibody-ana/,25,25,,830,yes,no,
2026-09-25,ana reflex,desktop,selling-test-page,/tests/antinuclear-antibody-ana/,/tests/antinuclear-antibody-ana/,25,,,830,yes,no,
2026-09-25,ana screen,phone,selling-test-page,/tests/antinuclear-antibody-ana/,/tests/antinuclear-antibody-ana/,25,25,,744,yes,no,
2026-09-25,ana screen,desktop,selling-test-page,/tests/antinuclear-antibody-ana/,/tests/antinuclear-antibody-ana/,25,,,744,yes,no,
2026-09-25,ana test,phone,kept,/tests/antinuclear-antibody-ana/,/tests/antinuclear-antibody-ana/,28,28,,376,yes,no,
2026-09-25,ana test,desktop,kept,/tests/antinuclear-antibody-ana/,/tests/antinuclear-antibody-ana/,42,,,376,yes,no,
2026-09-25,anemia blood panel,phone,not-ranking-yet,/tests/anemia-panel-basic-test/,/tests/anemia-testing/,2,2,,26,yes,yes,other page ranks
2026-09-25,anemia blood panel,desktop,not-ranking-yet,/tests/anemia-panel-basic-test/,/tests/anemia-testing/,2,,,26,yes,yes,
2026-09-25,anemia blood test,desktop,leaving,/tests/anemia-testing/,/tests/anemia-testing/,5,,,1246,yes,yes,
2026-09-25,anemia panel,phone,selling-test-page,/tests/anemia-testing/,/tests/anemia-testing/,5,5,,734,yes,yes,
2026-09-25,anemia panel,desktop,selling-test-page,/tests/anemia-testing/,/tests/anemia-testing/,5,,,734,yes,yes,
2026-09-25,anemia panel blood test,phone,kept,/tests/anemia-testing/,/tests/anemia-testing/,1,1,,100,yes,yes,
2026-09-25,anemia panel blood test,desktop,kept,/tests/anemia-testing/,/tests/anemia-testing/,1,,,100,yes,yes,
2026-09-25,anemia panel labs,phone,not-ranking-yet,/tests/anemia-panel-basic-test/,/tests/anemia-testing/,6,6,,132,no,no,other page ranks
2026-09-25,anemia panel labs,desktop,not-ranking-yet,/tests/anemia-panel-basic-test/,/tests/anemia-testing/,6,,,132,yes,yes,
2026-09-25,anemia panel test,phone,kept,/tests/anemia-testing/,/tests/anemia-testing/,5,5,,93,yes,yes,
2026-09-25,anemia panel test,desktop,kept,/tests/anemia-testing/,/tests/anemia-testing/,5,,,93,yes,yes,
2026-09-25,anemia test,phone,category,/anemia-testing/,/tests/anemia-testing/,16,16,,353,yes,yes,other page ranks
2026-09-25,anemia test,desktop,category,/anemia-testing/,/tests/anemia-testing/,17,,,353,yes,yes,
2026-09-25,anion gap blood test,phone,selling-test-page,/tests/electrolytes-and-anion-gap/,/tests/electrolytes-and-anion-gap/,36,36,,66,yes,no,
2026-09-25,anion gap blood test,desktop,selling-test-page,/tests/electrolytes-and-anion-gap/,/tests/electrolytes-and-anion-gap/,46,,,66,yes,no,
2026-09-25,ankylosing spondylitis diagnosis,phone,category,/ankylosing-spondylitis-testing/,/ankylosing-spondylitis-testing/,8,8,,1867,yes,no,refresh
2026-09-25,ankylosing spondylitis diagnosis,desktop,category,/ankylosing-spondylitis-testing/,/ankylosing-spondylitis-testing/,8,,,1867,yes,no,
2026-09-25,ankylosing spondylitis physical exam,phone,category,/ankylosing-spondylitis-testing/,/ankylosing-spondylitis-testing/,4,4,,2679,yes,no,
2026-09-25,ankylosing spondylitis physical exam,desktop,category,/ankylosing-spondylitis-testing/,/ankylosing-spondylitis-testing/,4,,,2679,yes,no,
2026-09-25,anti centromere antibody,phone,next-in-line,/tests/anticentromere-antibody/,/tests/anticentromere-antibody/,1,1,,624,yes,yes,
2026-09-25,anti centromere antibody,desktop,next-in-line,/tests/anticentromere-antibody/,/tests/anticentromere-antibody/,1,,,624,yes,yes,
2026-09-25,anti hav,phone,selling-test-page,/tests/hepatitis-a-test/,/tests/hepatitis-a-test/,7,7,,112,yes,yes,
2026-09-25,anti hav,desktop,selling-test-page,/tests/hepatitis-a-test/,/tests/hepatitis-a-test/,7,,,112,yes,yes,
2026-09-25,anti mullerian hormone test,phone,selling-test-page,/tests/anti-mullerian-hormone/,/tests/anti-mullerian-hormone/,15,15,,330,yes,no,
2026-09-25,anti mullerian hormone test,desktop,selling-test-page,/tests/anti-mullerian-hormone/,/tests/anti-mullerian-hormone/,12,,,330,yes,yes,
2026-09-25,anti musk antibody test,phone,next-in-line,/tests/anti-musk-muscle-specific-kinase-antibodies/,/tests/anti-musk-muscle-specific-kinase-antibodies/,1,1,,36,yes,yes,
2026-09-25,anti musk antibody test,desktop,next-in-line,/tests/anti-musk-muscle-specific-kinase-antibodies/,/tests/anti-musk-muscle-specific-kinase-antibodies/,7,,,36,yes,yes,
2026-09-25,anticardiolipin antibody,phone,next-in-line,/tests/cardiolipin-antibodies/,/tests/cardiolipin-antibodies/,10,10,,1519,yes,yes,refresh
2026-09-25,anticardiolipin antibody,desktop,next-in-line,/tests/cardiolipin-antibodies/,/tests/cardiolipin-antibodies/,9,,,1519,yes,yes,
2026-09-25,antimitochondrial antibody test,phone,next-in-line,/tests/antimitochondrial-antibody-and-ama-m2/,/tests/antimitochondrial-antibody-and-ama-m2/,2,2,,72,yes,yes,
2026-09-25,antimitochondrial antibody test,desktop,next-in-line,/tests/antimitochondrial-antibody-and-ama-m2/,/tests/antimitochondrial-antibody-and-ama-m2/,11,,,72,yes,yes,
2026-09-25,apo b test,phone,kept,/tests/apo-b/,,,101,,1610,yes,yes,
2026-09-25,apo b test,desktop,kept,/tests/apo-b/,/tests/apo-b/,11,,,1610,yes,yes,
2026-09-25,apob test,phone,selling-test-page,/tests/apo-b/,/tests/apo-b/,14,14,,1868,yes,yes,refresh
2026-09-25,apob test,desktop,selling-test-page,/tests/apo-b/,/tests/apo-b/,13,,,1868,yes,yes,
2026-09-25,apoe genotype test,phone,kept,/tests/apoe-genotyping-cardiovascular-disease/,/tests/apoe-genotyping-alzheimer-disease/,18,18,,115,yes,yes,other page ranks
2026-09-25,apoe genotype test,desktop,kept,/tests/apoe-genotyping-cardiovascular-disease/,,,,,115,yes,yes,
2026-09-25,apoe4 test,desktop,leaving,/tests/apoe-genotyping-alzheimer-disease/,/tests/apoe-genotyping-cardiovascular-disease/,85,,,50,yes,yes,
2026-09-25,apolipoprotein,phone,selling-test-page,/tests/apo-b/,/tests/apo-b/,26,26,,0,yes,no,
2026-09-25,apolipoprotein,desktop,selling-test-page,/tests/apo-b/,,,,,0,yes,no,
2026-09-25,apolipoprotein a1,phone,next-in-line,/tests/apo-i/,/tests/apo-i/,11,11,,2653,yes,no,refresh
2026-09-25,apolipoprotein a1,desktop,next-in-line,/tests/apo-i/,/tests/apo-i/,11,,,2653,yes,no,
2026-09-25,apolipoprotein b,phone,selling-test-page,/tests/apo-b/,/tests/apo-b/,14,14,,155,yes,no,
2026-09-25,apolipoprotein b,desktop,selling-test-page,/tests/apo-b/,/tests/apo-b/,26,,,155,yes,no,
2026-09-25,apolipoprotein b100,phone,kept,/tests/apo-b/,/tests/apo-b/,12,12,,28,yes,no,
2026-09-25,apolipoprotein b100,desktop,kept,/tests/apo-b/,,,,,28,yes,yes,
2026-09-25,apolipoprotein test,phone,kept,/tests/apo-b/,/tests/apo-b/,13,13,,34,yes,no,
2026-09-25,apolipoprotein test,desktop,kept,/tests/apo-b/,/tests/apo-b/,23,,,34,yes,no,
2026-09-25,apple allergy test,phone,not-ranking-yet,/tests/apple-allergy-test/,/tests/apple-allergy-test/,3,3,,3,no,no,
2026-09-25,apple allergy test,desktop,not-ranking-yet,/tests/apple-allergy-test/,/tests/apple-allergy-test/,5,,,3,no,no,
2026-09-25,aptt,phone,kept,/tests/partial-thromboplastin-time-ptt-aptt/,/tests/partial-thromboplastin-time-ptt-aptt/,27,27,,100,yes,no,
2026-09-25,aptt,desktop,kept,/tests/partial-thromboplastin-time-ptt-aptt/,/tests/partial-thromboplastin-time-ptt-aptt/,27,,,100,yes,no,
2026-09-25,arthritis test,phone,category,/arthritis-testing/,/rheumatoid-arthritis-testing/,60,60,,61,yes,yes,other page ranks
2026-09-25,arthritis test,desktop,category,/arthritis-testing/,/rheumatoid-arthritis-testing/,58,,,61,yes,yes,
2026-09-25,aspartate aminotransferase,phone,next-in-line,/tests/aspartate-aminotransferase-ast/,/tests/aspartate-aminotransferase-ast/,10,10,,12963,yes,no,refresh
2026-09-25,aspartate aminotransferase,desktop,next-in-line,/tests/aspartate-aminotransferase-ast/,,,,,12963,yes,no,
2026-09-25,ast,phone,next-in-line,/tests/aspartate-aminotransferase-ast/,,,101,,32150,yes,yes,
2026-09-25,ast,desktop,next-in-line,/tests/aspartate-aminotransferase-ast/,,,,,32150,yes,yes,
2026-09-25,atorvastatin labs to monitor,phone,selling-test-page,/tests/statin-check-up-panel/,/tests/statin-check-up-panel/,6,6,,90,yes,yes,
2026-09-25,atorvastatin labs to monitor,desktop,selling-test-page,/tests/statin-check-up-panel/,/tests/statin-check-up-panel/,6,,,90,yes,yes,
2026-09-25,auto wbc,phone,next-in-line,/tests/white-blood-cell-wbc-differential/,/tests/white-blood-cell-wbc-differential/,22,22,,383,yes,no,
2026-09-25,auto wbc,desktop,next-in-line,/tests/white-blood-cell-wbc-differential/,/tests/white-blood-cell-wbc-differential/,21,,,383,yes,no,
2026-09-25,auto wbc blood test,phone,next-in-line,/tests/white-blood-cell-count-wbc/,/tests/white-blood-cell-wbc-differential/,30,30,,176,yes,no,other page ranks
2026-09-25,auto wbc blood test,desktop,next-in-line,/tests/white-blood-cell-count-wbc/,/tests/white-blood-cell-wbc-differential/,31,,,176,yes,no,
2026-09-25,autoimmune panel,phone,next-in-line,/tests/autoimmune-panel/,/tests/autoimmune-panel/,3,3,,635,yes,yes,
2026-09-25,autoimmune panel,desktop,next-in-line,/tests/autoimmune-panel/,/tests/autoimmune-panel/,2,,,635,yes,yes,
2026-09-25,avocado allergy test,phone,not-ranking-yet,/tests/avocado-allergy-test/,/tests/avocado-allergy-test/,15,15,,0,yes,no,
2026-09-25,avocado allergy test,desktop,not-ranking-yet,/tests/avocado-allergy-test/,,,,,0,yes,no,
2026-09-25,b vitamins,phone,next-in-line,/tests/b-vitamins/,,,101,,288,yes,no,
2026-09-25,b vitamins,desktop,next-in-line,/tests/b-vitamins/,,,,,288,yes,no,
2026-09-25,b12 blood test,phone,selling-test-page,/tests/vitamin-b12/,/tests/vitamin-b12/,8,8,,946,yes,yes,
2026-09-25,b12 blood test,desktop,selling-test-page,/tests/vitamin-b12/,/tests/vitamin-b12/,8,,,946,yes,yes,
2026-09-25,banana allergy test,phone,not-ranking-yet,/tests/banana-allergy-test/,/tests/banana-allergy-test/,12,12,,0,yes,no,
2026-09-25,banana allergy test,desktop,not-ranking-yet,/tests/banana-allergy-test/,/tests/banana-allergy-test/,12,,,0,yes,no,
2026-09-25,barley allergy test,phone,not-ranking-yet,/tests/barley-allergy-test/,/tests/barley-allergy-test/,4,4,,0,no,no,
2026-09-25,barley allergy test,desktop,not-ranking-yet,/tests/barley-allergy-test/,/tests/barley-allergy-test/,4,,,0,no,no,
2026-09-25,basic health panel,phone,selling-test-page,/tests/basic-health-panel/,/tests/basic-health-panel/,7,7,,166,no,no,
2026-09-25,basic health panel,desktop,selling-test-page,/tests/basic-health-panel/,/tests/standard-health-test/,6,,,166,no,no,
2026-09-25,basic metabolic panel,phone,selling-test-page,/tests/basic-metabolic-panel-bmp/,/tests/basic-metabolic-panel-bmp/,13,13,,1584,yes,no,refresh
2026-09-25,basic metabolic panel,desktop,selling-test-page,/tests/basic-metabolic-panel-bmp/,/tests/basic-metabolic-panel-bmp/,11,,,1584,yes,no,
2026-09-25,basic metabolic panel test,phone,kept,/tests/basic-metabolic-panel-bmp/,/tests/basic-metabolic-panel-bmp/,10,10,,309,yes,no,
2026-09-25,basic metabolic panel test,desktop,kept,/tests/basic-metabolic-panel-bmp/,/tests/basic-metabolic-panel-bmp/,11,,,309,yes,yes,
2026-09-25,beef allergy test,phone,not-ranking-yet,/tests/beef-allergy-test/,/tests/beef-allergy-test/,12,12,,0,yes,yes,
2026-09-25,beef allergy test,desktop,not-ranking-yet,/tests/beef-allergy-test/,/tests/beef-allergy-test/,10,,,0,yes,yes,
2026-09-25,beta 2 glycoprotein,phone,next-in-line,/tests/beta-2-glycoprotein-1-antibodies/,,,101,,983,yes,yes,
2026-09-25,beta 2 glycoprotein,desktop,next-in-line,/tests/beta-2-glycoprotein-1-antibodies/,/tests/beta-2-glycoprotein-1-antibodies/,2,,,983,yes,yes,
2026-09-25,beta 2 glycoprotein antibodies,phone,next-in-line,/tests/beta-2-glycoprotein-1-antibodies/,/tests/beta-2-glycoprotein-1-antibodies/,1,1,,157,yes,yes,
2026-09-25,beta 2 glycoprotein antibodies,desktop,next-in-line,/tests/beta-2-glycoprotein-1-antibodies/,/tests/beta-2-glycoprotein-1-antibodies/,4,,,157,yes,yes,
2026-09-25,beta hcg test,phone,selling-test-page,/tests/hcg-tumor-marker/,/tests/hcg-tumor-marker/,16,16,,199,yes,yes,
2026-09-25,beta hcg test,desktop,selling-test-page,/tests/hcg-tumor-marker/,/tests/hcg-tumor-marker/,18,,,199,yes,yes,
2026-09-25,bicarbonate,phone,next-in-line,/tests/bicarbonate-total-co2/,/tests/bicarbonate-total-co2/,7,7,,7611,yes,yes,
2026-09-25,bicarbonate,desktop,next-in-line,/tests/bicarbonate-total-co2/,/tests/bicarbonate-total-co2/,8,,,7611,yes,yes,
2026-09-25,bilirubin,phone,next-in-line,/tests/bilirubin/,/tests/bilirubin/,13,13,,1005,yes,no,refresh
2026-09-25,bilirubin,desktop,next-in-line,/tests/bilirubin/,/tests/bilirubin/,13,,,1005,yes,no,
2026-09-25,bilirubin blood test,phone,next-in-line,/tests/bilirubin/,/tests/bilirubin/,11,11,,7541,yes,no,refresh
2026-09-25,bilirubin blood test,desktop,next-in-line,/tests/bilirubin/,/tests/bilirubin/,11,,,7541,yes,no,
2026-09-25,black mold exposure test,phone,next-in-line,/tests/black-mold-exposure-test/,/tests/black-mold-exposure-test/,2,2,,6994,yes,yes,buy button
2026-09-25,black mold exposure test,desktop,next-in-line,/tests/black-mold-exposure-test/,/tests/black-mold-exposure-test/,2,,,6994,yes,yes,
2026-09-25,black pepper allergy test,phone,not-ranking-yet,/tests/black-pepper-allergy-test/,/tests/black-pepper-allergy-test/,5,5,,4,no,no,
2026-09-25,black pepper allergy test,desktop,not-ranking-yet,/tests/black-pepper-allergy-test/,/tests/black-pepper-allergy-test/,5,,,4,no,no,
2026-09-25,blood chemistry panel,phone,next-in-line,/tests/chemistry-panels/,/tests/chemistry-panels/,5,5,,282,yes,yes,
2026-09-25,blood chemistry panel,desktop,next-in-line,/tests/chemistry-panels/,/tests/chemistry-panels/,5,,,282,yes,yes,
2026-09-25,blood drug test,phone,category,/drug-testing/,/tests/urine-drug-test/,34,34,,427,yes,no,other page ranks
2026-09-25,blood drug test,desktop,category,/drug-testing/,/tests/urine-drug-test/,31,,,427,yes,no,
2026-09-25,blood gas test,phone,next-in-line,/tests/blood-gases/,/tests/blood-gases/,3,3,,1803,yes,yes,
2026-09-25,blood gas test,desktop,next-in-line,/tests/blood-gases/,,,,,1803,yes,yes,
2026-09-25,blood gases,phone,next-in-line,/tests/blood-gases/,/tests/blood-gases/,4,4,,701,yes,no,
2026-09-25,blood gases,desktop,next-in-line,/tests/blood-gases/,/tests/blood-gases/,4,,,701,yes,no,
2026-09-25,blood lab tsh,phone,selling-test-page,/tests/thyroid-stimulating-hormone-tsh/,/tests/thyroid-function-testing/,31,31,,742,yes,yes,other page ranks
2026-09-25,blood lab tsh,desktop,selling-test-page,/tests/thyroid-stimulating-hormone-tsh/,/tests/thyroid-function-testing/,32,,,742,yes,yes,
2026-09-25,blood test,phone,kept,/tests/10-essential-blood-tests-panel/,/,13,13,,10896,no,no,refresh; other page ranks
2026-09-25,blood test,desktop,kept,/tests/10-essential-blood-tests-panel/,/tests/10-essential-blood-tests-panel/,6,,,10896,yes,no,
2026-09-25,blood test for anemia,phone,selling-test-page,/tests/anemia-testing/,/tests/anemia-testing/,5,5,,3801,yes,yes,
2026-09-25,blood test for anemia,desktop,selling-test-page,/tests/anemia-testing/,/tests/anemia-testing/,5,,,3801,yes,yes,
2026-09-25,blood test for arthritis,phone,category,/arthritis-testing/,/rheumatoid-arthritis-testing/,24,24,,30,yes,no,other page ranks
2026-09-25,blood test for arthritis,desktop,category,/arthritis-testing/,/rheumatoid-arthritis-testing/,24,,,30,yes,no,
2026-09-25,blood test for herpes,phone,std-pages,/std-testing/hsv-2-test/,/std-testing/hsv-2-test/,6,6,,2790,yes,yes,
2026-09-25,blood test for herpes,desktop,std-pages,/std-testing/hsv-2-test/,/std-testing/hsv-2-test/,6,,,2790,yes,yes,
2026-09-25,blood test for shrimp allergy,phone,not-ranking-yet,/tests/shrimp-allergy-test/,/tests/shrimp-allergy-test/,5,5,,7,yes,yes,
2026-09-25,blood test for shrimp allergy,desktop,not-ranking-yet,/tests/shrimp-allergy-test/,/tests/shrimp-allergy-test/,13,,,7,yes,yes,
2026-09-25,blood test for vitamins and minerals deficiencies,phone,next-in-line,/tests/comprehensive-vitamin-panel/,/can-blood-test-detect-vitamin-deficiency/,9,9,,231,yes,no,other page ranks
2026-09-25,blood test for vitamins and minerals deficiencies,desktop,next-in-line,/tests/comprehensive-vitamin-panel/,/can-blood-test-detect-vitamin-deficiency/,7,,,231,yes,no,
2026-09-25,blood tests for inflammation,phone,category,/inflammation-and-autoimmune-testing/,/tests/inflammation-and-autoimmune-testing/,8,8,,289,yes,no,other page ranks
2026-09-25,blood tests for inflammation,desktop,category,/inflammation-and-autoimmune-testing/,/tests/inflammation-and-autoimmune-testing/,8,,,289,yes,no,
2026-09-25,blood type test,phone,selling-test-page,/tests/blood-typing/,/tests/blood-typing/,13,13,,1042,yes,yes,refresh
2026-09-25,blood type test,desktop,selling-test-page,/tests/blood-typing/,/tests/blood-typing/,17,,,1042,no,no,
2026-09-25,blood typing test,phone,kept,/tests/blood-typing/,/tests/blood-typing/,9,9,,170,yes,yes,
2026-09-25,blood typing test,desktop,kept,/tests/blood-typing/,/tests/blood-typing/,9,,,170,yes,yes,
2026-09-25,blood urea nitrogen,phone,selling-test-page,/tests/blood-urea-nitrogen-bun/,/tests/blood-urea-nitrogen-bun/,32,32,,1545,yes,no,
2026-09-25,blood urea nitrogen,desktop,selling-test-page,/tests/blood-urea-nitrogen-bun/,/tests/blood-urea-nitrogen-bun/,31,,,1545,yes,no,
2026-09-25,blueberry allergy test,phone,not-ranking-yet,/tests/blueberry-allergy-test/,/tests/blueberry-allergy-test/,8,8,,12,no,no,
2026-09-25,blueberry allergy test,desktop,not-ranking-yet,/tests/blueberry-allergy-test/,/tests/blueberry-allergy-test/,8,,,12,no,no,
2026-09-25,bmp,phone,selling-test-page,/tests/basic-metabolic-panel-bmp/,/tests/basic-metabolic-panel-bmp/,19,19,,4368,yes,no,
2026-09-25,bmp,desktop,selling-test-page,/tests/basic-metabolic-panel-bmp/,,,,,4368,yes,no,
2026-09-25,bmp blood test,phone,selling-test-page,/tests/basic-metabolic-panel-bmp/,/tests/basic-metabolic-panel-bmp/,12,12,,2400,no,no,refresh
2026-09-25,bmp blood test,desktop,selling-test-page,/tests/basic-metabolic-panel-bmp/,/tests/basic-metabolic-panel-bmp/,9,,,2400,yes,yes,
2026-09-25,bmp test,phone,kept,/tests/basic-metabolic-panel-bmp/,/tests/basic-metabolic-panel-bmp/,14,14,,642,yes,no,
2026-09-25,bmp test,desktop,kept,/tests/basic-metabolic-panel-bmp/,/tests/basic-metabolic-panel-bmp/,11,,,642,yes,yes,
2026-09-25,bnp test,phone,selling-test-page,/tests/bnp-and-nt-probnp/,/tests/bnp-and-nt-probnp/,19,19,,560,yes,no,
2026-09-25,bnp test,desktop,selling-test-page,/tests/bnp-and-nt-probnp/,/tests/bnp-and-nt-probnp/,19,,,560,yes,no,
2026-09-25,breathing test for copd,phone,category,/copd-testing/,/copd-testing/,7,7,,6288,yes,no,
2026-09-25,breathing test for copd,desktop,category,/copd-testing/,,,,,6288,yes,no,
2026-09-25,buckwheat allergy test,phone,not-ranking-yet,/tests/buckwheat-allergy-test/,/tests/buckwheat-allergy-test/,7,7,,0,no,no,
2026-09-25,buckwheat allergy test,desktop,not-ranking-yet,/tests/buckwheat-allergy-test/,/tests/buckwheat-allergy-test/,7,,,0,no,no,
2026-09-25,bun,phone,selling-test-page,/tests/blood-urea-nitrogen-bun/,,,101,,179,yes,no,
2026-09-25,bun,desktop,selling-test-page,/tests/blood-urea-nitrogen-bun/,,,,,179,yes,no,
2026-09-25,bun blood test,phone,selling-test-page,/tests/blood-urea-nitrogen-bun/,/tests/blood-urea-nitrogen-bun/,25,25,,42,yes,no,
2026-09-25,bun blood test,desktop,selling-test-page,/tests/blood-urea-nitrogen-bun/,/tests/blood-urea-nitrogen-bun/,49,,,42,yes,no,
2026-09-25,buy compounded tirzepatide,phone,treatments,/treatments/compounded-tirzepatide/,,,101,,2290,yes,no,
2026-09-25,buy compounded tirzepatide,desktop,treatments,/treatments/compounded-tirzepatide/,,,,,2290,yes,no,
2026-09-25,c difficile toxin gene naa,phone,next-in-line,/tests/clostridium-difficile-and-c-diff-toxin-test/,/tests/clostridium-difficile-and-c-diff-toxin-test/,3,3,,114,yes,yes,
2026-09-25,c difficile toxin gene naa,desktop,next-in-line,/tests/clostridium-difficile-and-c-diff-toxin-test/,/tests/clostridium-difficile-and-c-diff-toxin-test/,3,,,114,yes,yes,
2026-09-25,c peptide test,phone,selling-test-page,/tests/c-peptide/,/tests/c-peptide/,9,9,,1640,yes,yes,refresh
2026-09-25,c peptide test,desktop,selling-test-page,/tests/c-peptide/,/tests/c-peptide/,11,,,1640,yes,yes,
2026-09-25,c reactive protein,phone,selling-test-page,/tests/c-reactive-protein-crp/,,,101,,204,yes,no,
2026-09-25,c reactive protein,desktop,selling-test-page,/tests/c-reactive-protein-crp/,/tests/c-reactive-protein-crp/,28,,,204,yes,no,
2026-09-25,c reactive protein test,phone,kept,/tests/c-reactive-protein-crp/,/tests/high-sensitivity-c-reactive-protein-hs-crp/,22,22,,98,yes,no,other page ranks
2026-09-25,c reactive protein test,desktop,kept,/tests/c-reactive-protein-crp/,/tests/high-sensitivity-c-reactive-protein-hs-crp/,37,,,98,yes,no,
2026-09-25,c-peptide test,desktop,leaving,/tests/c-peptide/,/tests/c-peptide/,11,,,767,yes,yes,
2026-09-25,c3 complement blood test,phone,next-in-line,/tests/complement/,/tests/complement/,9,9,,92,yes,no,
2026-09-25,c3 complement blood test,desktop,next-in-line,/tests/complement/,/tests/complement/,10,,,92,yes,no,
2026-09-25,ca 125,phone,selling-test-page,/tests/ca-125/,/tests/ca-125/,24,24,,25,yes,no,
2026-09-25,ca 125,desktop,selling-test-page,/tests/ca-125/,,,,,25,yes,no,
2026-09-25,ca 125 blood test,phone,selling-test-page,/tests/ca-125/,/tests/ca-125/,13,13,,112,yes,no,
2026-09-25,ca 125 blood test,desktop,selling-test-page,/tests/ca-125/,/tests/ca-125/,15,,,112,yes,no,
2026-09-25,ca 15-3 breast cancer,phone,next-in-line,/tests/ca-15-3/,/tests/ca-15-3/,4,4,,5782,yes,yes,
2026-09-25,ca 15-3 breast cancer,desktop,next-in-line,/tests/ca-15-3/,/tests/ca-15-3/,4,,,5782,yes,yes,
2026-09-25,ca125 blood test,phone,selling-test-page,/tests/ca-125/,/tests/ca-125/,16,16,,88,no,no,
2026-09-25,ca125 blood test,desktop,selling-test-page,/tests/ca-125/,/tests/ca-125/,24,,,88,yes,no,
2026-09-25,calcitonin,phone,next-in-line,/tests/calcitonin/,/tests/calcitonin/,6,6,,14123,yes,yes,
2026-09-25,calcitonin,desktop,next-in-line,/tests/calcitonin/,/tests/calcitonin/,7,,,14123,yes,yes,
2026-09-25,calcitonin blood test,phone,next-in-line,/tests/calcitonin/,/tests/calcitonin/,10,10,,128,yes,yes,
2026-09-25,calcitonin blood test,desktop,next-in-line,/tests/calcitonin/,/tests/calcitonin/,10,,,128,yes,yes,
2026-09-25,calcitriol blood test,phone,selling-test-page,/tests/vitamin-d-25-dihydroxy-calcitriol-test/,/tests/vitamin-d-25-dihydroxy-calcitriol-test/,8,8,,170,yes,yes,
2026-09-25,calcitriol blood test,desktop,selling-test-page,/tests/vitamin-d-25-dihydroxy-calcitriol-test/,/tests/vitamin-d-25-dihydroxy-calcitriol-test/,8,,,170,yes,yes,
2026-09-25,calcitriol test,phone,kept,/tests/vitamin-d-25-hydroxy-test/,/tests/vitamin-d-25-dihydroxy-calcitriol-test/,6,6,,136,no,no,other page ranks
2026-09-25,calcitriol test,desktop,kept,/tests/vitamin-d-25-hydroxy-test/,/tests/vitamin-d-25-dihydroxy-calcitriol-test/,9,,,136,yes,yes,
2026-09-25,calcium blood test,phone,selling-test-page,/tests/calcium/,,,101,,623,yes,yes,
2026-09-25,calcium blood test,desktop,selling-test-page,/tests/calcium/,/tests/calcium/,14,,,623,yes,yes,
2026-09-25,calcium urine test,phone,kept,/tests/calcium-urine-test/,/tests/calcium-urine-test/,19,19,,36,yes,yes,
2026-09-25,calcium urine test,desktop,kept,/tests/calcium-urine-test/,/tests/calcium-urine-test/,19,,,36,yes,yes,
2026-09-25,calprotectin,phone,next-in-line,/tests/calprotectin/,/tests/calprotectin/,6,6,,11201,yes,yes,
2026-09-25,calprotectin,desktop,next-in-line,/tests/calprotectin/,/tests/calprotectin/,24,,,11201,yes,yes,
2026-09-25,calprotectin fecal,phone,next-in-line,/tests/calprotectin/,/tests/calprotectin/,8,8,,8956,yes,no,refresh
2026-09-25,calprotectin fecal,desktop,next-in-line,/tests/calprotectin/,/tests/calprotectin/,8,,,8956,yes,no,
2026-09-25,calr mutation,phone,next-in-line,/tests/calr-mutation/,/tests/calr-mutation/,3,3,,479,no,no,
2026-09-25,calr mutation,desktop,next-in-line,/tests/calr-mutation/,/tests/calr-mutation/,4,,,479,yes,yes,
2026-09-25,cancer antigen 125,phone,kept,/tests/ca-125/,/tests/ca-125/,26,26,,46,yes,no,
2026-09-25,cancer antigen 125,desktop,kept,/tests/ca-125/,/tests/ca-125/,37,,,46,yes,no,
2026-09-25,cancer testing,phone,category,/cancer-testing/,/tests/cancer-testing/,49,49,,138,yes,no,other page ranks
2026-09-25,cancer testing,desktop,category,/cancer-testing/,/tests/cancer-testing/,46,,,138,yes,no,
2026-09-25,candida albicans allergy test,phone,selling-test-page,/tests/candida-albicans-allergy-test/,/tests/candida-albicans-allergy-test/,6,6,,52,no,no,
2026-09-25,candida albicans allergy test,desktop,selling-test-page,/tests/candida-albicans-allergy-test/,/tests/candida-albicans-allergy-test/,6,,,52,no,no,
2026-09-25,cardiac crp high sensitivity,phone,selling-test-page,/tests/high-sensitivity-c-reactive-protein-hs-crp/,/tests/high-sensitivity-c-reactive-protein-hs-crp/,7,7,,7858,yes,yes,
2026-09-25,cardiac crp high sensitivity,desktop,selling-test-page,/tests/high-sensitivity-c-reactive-protein-hs-crp/,/tests/high-sensitivity-c-reactive-protein-hs-crp/,8,,,7858,yes,yes,
2026-09-25,cardiac panel,phone,selling-test-page,/tests/comprehensive-heart-health-panel/,/tests/comprehensive-heart-health-panel/,49,49,,126,yes,yes,
2026-09-25,cardiac panel,desktop,selling-test-page,/tests/comprehensive-heart-health-panel/,/tests/basic-heart-health-panel/,18,,,126,yes,no,
2026-09-25,cardiolipin antibody,phone,next-in-line,/tests/cardiolipin-antibodies/,/tests/cardiolipin-antibodies/,1,1,,1719,yes,yes,
2026-09-25,cardiolipin antibody,desktop,next-in-line,/tests/cardiolipin-antibodies/,/tests/cardiolipin-antibodies/,1,,,1719,yes,yes,
2026-09-25,casein allergy test,phone,not-ranking-yet,/tests/casein-allergy-test/,/tests/casein-allergy-test/,12,12,,14,yes,yes,
2026-09-25,casein allergy test,desktop,not-ranking-yet,/tests/casein-allergy-test/,/tests/casein-allergy-test/,12,,,14,yes,yes,
2026-09-25,catfish allergy test,phone,not-ranking-yet,/tests/catfish-allergy-test/,/tests/catfish-allergy-test/,5,5,,0,no,no,
2026-09-25,catfish allergy test,desktop,not-ranking-yet,/tests/catfish-allergy-test/,/tests/catfish-allergy-test/,11,,,0,no,no,
2026-09-25,cbc and cmp,phone,next-in-line,/tests/standard-health-test/,/tests/standard-health-test/,2,2,,628,yes,no,
2026-09-25,cbc and cmp,desktop,next-in-line,/tests/standard-health-test/,/tests/standard-health-test/,1,,,628,yes,no,
2026-09-25,cbc blood test,phone,selling-test-page,/tests/complete-blood-count-cbc/,/tests/complete-blood-count-cbc/,24,24,,70,yes,no,
2026-09-25,cbc blood test,desktop,selling-test-page,/tests/complete-blood-count-cbc/,,,,,70,yes,no,
2026-09-25,cbc test,phone,selling-test-page,/tests/complete-blood-count-cbc/,/tests/complete-blood-count-cbc/,46,46,,265,yes,no,
2026-09-25,cbc test,desktop,selling-test-page,/tests/complete-blood-count-cbc/,,,,,265,yes,no,
2026-09-25,cbc with differential,phone,selling-test-page,/tests/complete-blood-count-cbc/,/tests/complete-blood-count-cbc/,21,21,,960,yes,no,
2026-09-25,cbc with differential,desktop,selling-test-page,/tests/complete-blood-count-cbc/,/tests/white-blood-cell-wbc-differential/,69,,,960,yes,yes,
2026-09-25,cbd oil hair follicle test,phone,next-in-line,/tests/hair-follicle-drug-test/,/tests/hair-follicle-drug-test/,2,2,,6093,no,no,buy button
2026-09-25,cbd oil hair follicle test,desktop,next-in-line,/tests/hair-follicle-drug-test/,/tests/hair-follicle-drug-test/,2,,,6093,yes,no,
2026-09-25,cd4,phone,next-in-line,/tests/cd4-count/,/tests/cd4-count/,10,10,,374,yes,yes,
2026-09-25,cd4,desktop,next-in-line,/tests/cd4-count/,/tests/cd4-count/,10,,,374,yes,yes,
2026-09-25,cd4 count,phone,next-in-line,/tests/cd4-count/,/tests/cd4-count/,5,5,,3602,yes,yes,
2026-09-25,cd4 count,desktop,next-in-line,/tests/cd4-count/,/tests/cd4-count/,4,,,3602,yes,yes,
2026-09-25,celiac antibody test,phone,selling-test-page,/tests/celiac-disease-antibody-tests/,/tests/celiac-disease-antibody-tests/,17,17,,33,yes,no,
2026-09-25,celiac antibody test,desktop,selling-test-page,/tests/celiac-disease-antibody-tests/,/tests/celiac-disease-antibody-tests/,19,,,33,yes,no,
2026-09-25,celiac blood test,phone,category,/celiac-testing/,,,101,,883,yes,no,
2026-09-25,celiac blood test,desktop,category,/celiac-testing/,/tests/celiac-disease-antibody-tests/,39,,,883,yes,no,
2026-09-25,celiac disease antibody test,phone,selling-test-page,/tests/celiac-disease-antibody-tests/,/tests/celiac-disease-antibody-tests/,16,16,,49,yes,no,
2026-09-25,celiac disease antibody test,desktop,selling-test-page,/tests/celiac-disease-antibody-tests/,/tests/celiac-disease-antibody-tests/,17,,,49,yes,no,
2026-09-25,celiac disease test,phone,category,/celiac-testing/,/tests/celiac-testing/,18,18,,420,yes,no,other page ranks
2026-09-25,celiac disease test,desktop,category,/celiac-testing/,,,,,420,yes,no,
2026-09-25,centromere b antibody,phone,next-in-line,/tests/anticentromere-antibody/,/tests/anticentromere-antibody/,4,4,,1029,no,no,
2026-09-25,centromere b antibody,desktop,next-in-line,/tests/anticentromere-antibody/,/tests/anticentromere-antibody/,4,,,1029,yes,yes,
2026-09-25,ceruloplasmin,phone,next-in-line,/tests/ceruloplasmin/,/tests/ceruloplasmin/,7,7,,9869,yes,yes,
2026-09-25,ceruloplasmin,desktop,next-in-line,/tests/ceruloplasmin/,/tests/ceruloplasmin/,6,,,9869,yes,yes,
2026-09-25,ceruloplasmin test,phone,next-in-line,/tests/ceruloplasmin/,/tests/ceruloplasmin/,9,9,,2326,yes,yes,refresh
2026-09-25,ceruloplasmin test,desktop,next-in-line,/tests/ceruloplasmin/,/tests/ceruloplasmin/,11,,,2326,yes,yes,
2026-09-25,chemistry panel,phone,next-in-line,/tests/chemistry-panels/,/tests/chemistry-panels/,3,3,,440,yes,no,
2026-09-25,chemistry panel,desktop,next-in-line,/tests/chemistry-panels/,/tests/chemistry-panels/,3,,,440,yes,no,
2026-09-25,chicken allergy test,phone,not-ranking-yet,/tests/chicken-allergy-test/,/tests/chicken-allergy-test/,14,14,,8,yes,yes,
2026-09-25,chicken allergy test,desktop,not-ranking-yet,/tests/chicken-allergy-test/,/tests/chicken-allergy-test/,11,,,8,no,no,
2026-09-25,chickpea allergy test,phone,not-ranking-yet,/tests/chickpea-allergy-test/,/tests/chickpea-allergy-test/,9,9,,0,no,no,
2026-09-25,chickpea allergy test,desktop,not-ranking-yet,/tests/chickpea-allergy-test/,/tests/chickpea-allergy-test/,13,,,0,no,no,
2026-09-25,chlamydia and gonorrhea,phone,std-pages,/std-testing/chlamydia-gonorrhea-test/,/std-testing/chlamydia-gonorrhea-test/,38,38,,0,yes,no,
2026-09-25,chlamydia and gonorrhea,desktop,std-pages,/std-testing/chlamydia-gonorrhea-test/,,,,,0,yes,no,
2026-09-25,chlamydia blood test,phone,selling-test-page,/tests/chlamydia-blood-test/,/tests/chlamydia-blood-test/,3,3,,326,yes,yes,
2026-09-25,chlamydia blood test,desktop,selling-test-page,/tests/chlamydia-blood-test/,/tests/chlamydia-blood-test/,3,,,326,yes,yes,
2026-09-25,chlamydia lab test,phone,std-pages,/tests/chlamydia-urine-test/,/tests/chlamydia-urine-test/,3,3,,47,yes,yes,
2026-09-25,chlamydia lab test,desktop,std-pages,/tests/chlamydia-urine-test/,/tests/chlamydia-urine-test/,3,,,47,yes,yes,
2026-09-25,chlamydia pee,phone,std-pages,/tests/chlamydia-urine-test/,,,101,,0,yes,no,
2026-09-25,chlamydia pee,desktop,std-pages,/tests/chlamydia-urine-test/,,,,,0,yes,no,
2026-09-25,chlamydia pee test,phone,std-pages,/tests/chlamydia-urine-test/,/tests/chlamydia-urine-test/,3,3,,1233,yes,yes,
2026-09-25,chlamydia pee test,desktop,std-pages,/tests/chlamydia-urine-test/,/tests/chlamydia-urine-test/,3,,,1233,yes,yes,
2026-09-25,chlamydia test,phone,next-in-line,/tests/chlamydia-test/,/tests/at-home-chlamydia-test/,30,30,,3783,yes,yes,other page ranks
2026-09-25,chlamydia test,desktop,next-in-line,/tests/chlamydia-test/,/tests/at-home-chlamydia-test/,7,,,3783,yes,yes,
2026-09-25,chlamydia trachomatis antigen test,phone,selling-test-page,/tests/chlamydia-blood-test/,/tests/chlamydia-blood-test/,6,6,,43,no,no,
2026-09-25,chlamydia trachomatis antigen test,desktop,selling-test-page,/tests/chlamydia-blood-test/,/tests/chlamydia-blood-test/,7,,,43,no,no,
2026-09-25,chlamydia trachomatis rna tma urogenital,phone,std-pages,/tests/chlamydia-urine-test/,,,101,,29,yes,no,
2026-09-25,chlamydia trachomatis rna tma urogenital,desktop,std-pages,/tests/chlamydia-urine-test/,,,,,29,yes,no,
2026-09-25,chlamydia urine test,phone,std-pages,/tests/chlamydia-urine-test/,/tests/chlamydia-urine-test/,3,3,,259,yes,yes,
2026-09-25,chlamydia urine test,desktop,std-pages,/tests/chlamydia-urine-test/,/tests/chlamydia-urine-test/,3,,,259,yes,yes,
2026-09-25,chocolate allergy test,phone,not-ranking-yet,/tests/chocolate-allergy-test/,/tests/chocolate-allergy-test/,4,4,,0,yes,yes,
2026-09-25,chocolate allergy test,desktop,not-ranking-yet,/tests/chocolate-allergy-test/,/tests/chocolate-allergy-test/,10,,,0,yes,yes,
2026-09-25,cholesterol panel,phone,next-in-line,/tests/cholesterol/,/tests/cholesterol/,14,14,,114,yes,no,
2026-09-25,cholesterol panel,desktop,next-in-line,/tests/cholesterol/,/tests/lipid-panel/,42,,,114,yes,no,
2026-09-25,cholesterol test,phone,category,/cardiac-and-cholesterol-testing/,/tests/cholesterol/,17,17,,383,yes,no,other page ranks
2026-09-25,cholesterol test,desktop,category,/cardiac-and-cholesterol-testing/,/tests/cholesterol/,17,,,383,yes,no,
2026-09-25,cholesterol testing,phone,category,/cardiac-and-cholesterol-testing/,/tests/cardiac-and-cholesterol-testing/,18,18,,1029,yes,no,other page ranks
2026-09-25,cholesterol testing,desktop,category,/cardiac-and-cholesterol-testing/,/tests/cholesterol/,58,,,1029,yes,no,
2026-09-25,chromogranin a,phone,next-in-line,/tests/chromogranin/,/tests/chromogranin/,3,3,,2670,yes,yes,buy button
2026-09-25,chromogranin a,desktop,next-in-line,/tests/chromogranin/,/tests/chromogranin/,6,,,2670,yes,no,
2026-09-25,chromogranin a test,phone,next-in-line,/tests/chromogranin/,/tests/chromogranin/,2,2,,909,yes,yes,
2026-09-25,chromogranin a test,desktop,next-in-line,/tests/chromogranin/,/tests/chromogranin/,2,,,909,yes,yes,
2026-09-25,cinnamon allergy test,phone,not-ranking-yet,/tests/cinnamon-allergy-test/,/tests/cinnamon-allergy-test/,6,6,,4,yes,no,
2026-09-25,cinnamon allergy test,desktop,not-ranking-yet,/tests/cinnamon-allergy-test/,/tests/cinnamon-allergy-test/,7,,,4,yes,no,
2026-09-25,ck,phone,selling-test-page,/tests/creatine-kinase-ck/,,,101,,4618,yes,no,
2026-09-25,ck,desktop,selling-test-page,/tests/creatine-kinase-ck/,,,,,4618,yes,no,
2026-09-25,ck blood test,phone,selling-test-page,/tests/creatine-kinase-ck/,/tests/creatine-kinase-ck/,8,8,,3582,yes,yes,refresh
2026-09-25,ck blood test,desktop,selling-test-page,/tests/creatine-kinase-ck/,/tests/creatine-kinase-ck/,9,,,3582,yes,yes,
2026-09-25,ck-mb,phone,next-in-line,/tests/ck-mb/,/tests/ck-mb/,5,5,,1626,yes,yes,
2026-09-25,ck-mb,desktop,next-in-line,/tests/ck-mb/,/tests/ck-mb/,7,,,1626,yes,yes,
2026-09-25,ckmb,phone,next-in-line,/tests/ck-mb/,/tests/ck-mb/,6,6,,2081,yes,yes,
2026-09-25,ckmb,desktop,next-in-line,/tests/ck-mb/,/tests/ck-mb/,7,,,2081,yes,yes,
2026-09-25,clam allergy test,phone,not-ranking-yet,/tests/clam-allergy-test/,/tests/clam-allergy-test/,15,15,,0,no,no,
2026-09-25,clam allergy test,desktop,not-ranking-yet,/tests/clam-allergy-test/,/tests/clam-allergy-test/,13,,,0,no,no,
2026-09-25,cmp blood test,phone,selling-test-page,/tests/comprehensive-metabolic-panel-cmp/,/tests/comprehensive-metabolic-panel-cmp/,8,8,,18912,yes,yes,refresh
2026-09-25,cmp blood test,desktop,selling-test-page,/tests/comprehensive-metabolic-panel-cmp/,/tests/comprehensive-metabolic-panel-cmp/,8,,,18912,yes,yes,
2026-09-25,cmv igg,phone,next-in-line,/tests/cytomegalovirus-cmv-tests/,/tests/cytomegalovirus-cmv-tests/,11,11,,848,yes,yes,
2026-09-25,cmv igg,desktop,next-in-line,/tests/cytomegalovirus-cmv-tests/,/tests/cytomegalovirus-cmv-tests/,11,,,848,yes,yes,
2026-09-25,cmv igm,phone,next-in-line,/tests/cytomegalovirus-cmv-tests/,/tests/cytomegalovirus-cmv-tests/,2,2,,357,yes,yes,
2026-09-25,cmv igm,desktop,next-in-line,/tests/cytomegalovirus-cmv-tests/,/tests/cytomegalovirus-cmv-tests/,2,,,357,yes,yes,
2026-09-25,coconut allergy test,phone,not-ranking-yet,/tests/coconut-allergy-test/,,,101,,0,yes,no,
2026-09-25,coconut allergy test,desktop,not-ranking-yet,/tests/coconut-allergy-test/,,,,,0,yes,no,
2026-09-25,coffee allergy test,phone,not-ranking-yet,/tests/coffee-allergy-test/,/tests/coffee-allergy-test/,5,5,,0,yes,no,
2026-09-25,coffee allergy test,desktop,not-ranking-yet,/tests/coffee-allergy-test/,/tests/coffee-allergy-test/,7,,,0,yes,no,
2026-09-25,complete blood picture test,phone,kept,/tests/complete-blood-count-cbc/,/tests/complete-blood-count-cbc/,13,13,,27,yes,yes,
2026-09-25,complete blood picture test,desktop,kept,/tests/complete-blood-count-cbc/,,,,,27,yes,yes,
2026-09-25,complete thyroid panel,phone,selling-test-page,/tests/comprehensive-thyroid-panel/,/tests/comprehensive-thyroid-panel/,5,5,,1699,yes,yes,
2026-09-25,complete thyroid panel,desktop,selling-test-page,/tests/comprehensive-thyroid-panel/,/tests/comprehensive-thyroid-panel/,4,,,1699,yes,yes,
2026-09-25,compound semaglutide,phone,treatments,/treatments/compounded-semaglutide/,/treatments/compounded-semaglutide/,3,3,,2073,yes,yes,
2026-09-25,compound semaglutide,desktop,treatments,/treatments/compounded-semaglutide/,/treatments/compounded-semaglutide/,4,,,2073,yes,yes,
2026-09-25,compounded semaglutide,phone,treatments,/treatments/compounded-semaglutide/,/treatments/compounded-semaglutide/,2,2,,9930,yes,yes,
2026-09-25,compounded semaglutide,desktop,treatments,/treatments/compounded-semaglutide/,/treatments/compounded-semaglutide/,3,,,9930,yes,yes,
2026-09-25,compounded semaglutide glp-1,phone,treatments,/treatments/compounded-semaglutide/,/treatments/compounded-semaglutide/,4,4,,19,yes,yes,
2026-09-25,compounded semaglutide glp-1,desktop,treatments,/treatments/compounded-semaglutide/,/treatments/compounded-semaglutide/,3,,,19,yes,yes,
2026-09-25,compounded semaglutide injections,phone,treatments,/treatments/compounded-semaglutide/,/treatments/compounded-semaglutide/,5,5,,71,yes,no,
2026-09-25,compounded semaglutide injections,desktop,treatments,/treatments/compounded-semaglutide/,/treatments/compounded-semaglutide/,5,,,71,yes,no,
2026-09-25,compounded tirzepatide,phone,treatments,/treatments/compounded-tirzepatide/,/treatments/compounded-tirzepatide/,6,6,,19105,yes,yes,
2026-09-25,compounded tirzepatide,desktop,treatments,/treatments/compounded-tirzepatide/,/treatments/compounded-tirzepatide/,4,,,19105,yes,yes,
2026-09-25,comprehensive metabolic panel,phone,selling-test-page,/tests/comprehensive-metabolic-panel-cmp/,/tests/comprehensive-metabolic-panel-cmp/,4,4,,31201,yes,yes,
2026-09-25,comprehensive metabolic panel,desktop,selling-test-page,/tests/comprehensive-metabolic-panel-cmp/,/tests/comprehensive-metabolic-panel-cmp/,5,,,31201,yes,yes,
2026-09-25,comprehensive metabolic panel test,phone,kept,/tests/comprehensive-metabolic-panel-cmp/,/tests/comprehensive-metabolic-panel-cmp/,6,6,,1810,yes,yes,
2026-09-25,comprehensive metabolic panel test,desktop,kept,/tests/comprehensive-metabolic-panel-cmp/,/tests/comprehensive-metabolic-panel-cmp/,6,,,1810,yes,yes,
2026-09-25,comprehensive thyroid panel,phone,selling-test-page,/tests/comprehensive-thyroid-panel/,/tests/comprehensive-thyroid-panel/,3,3,,263,yes,yes,
2026-09-25,comprehensive thyroid panel,desktop,selling-test-page,/tests/comprehensive-thyroid-panel/,/tests/comprehensive-thyroid-panel/,4,,,263,yes,yes,
2026-09-25,comprehensive vitamin panel,phone,kept,/tests/comprehensive-vitamin-panel/,/tests/comprehensive-vitamin-panel/,4,4,,115,yes,yes,
2026-09-25,comprehensive vitamin panel,desktop,kept,/tests/comprehensive-vitamin-panel/,/tests/comprehensive-vitamin-panel/,2,,,115,yes,yes,
2026-09-25,copd test,phone,category,/copd-testing/,/copd-testing/,15,15,,275,yes,no,
2026-09-25,copd test,desktop,category,/copd-testing/,/copd-testing/,14,,,275,yes,no,
2026-09-25,copper blood test,phone,selling-test-page,/tests/copper/,/tests/copper/,8,8,,808,yes,yes,
2026-09-25,copper blood test,desktop,selling-test-page,/tests/copper/,/tests/copper/,8,,,808,yes,yes,
2026-09-25,copper serum blood test,phone,selling-test-page,/tests/copper/,/tests/copper/,8,8,,373,yes,yes,
2026-09-25,copper serum blood test,desktop,selling-test-page,/tests/copper/,/tests/copper/,8,,,373,yes,yes,
2026-09-25,copper test,phone,selling-test-page,/tests/copper/,/tests/copper/,4,4,,316,no,no,
2026-09-25,copper test,desktop,selling-test-page,/tests/copper/,/tests/copper/,4,,,316,yes,yes,
2026-09-25,copper urine test,phone,kept,/tests/copper/,/tests/copper-urine-test/,11,11,,100,yes,yes,other page ranks
2026-09-25,copper urine test,desktop,kept,/tests/copper/,/tests/copper-urine-test/,11,,,100,yes,yes,
2026-09-25,cortisol,phone,selling-test-page,/tests/cortisol/,,,101,,2,yes,no,
2026-09-25,cortisol,desktop,selling-test-page,/tests/cortisol/,,,,,2,yes,no,
2026-09-25,cortisol am,phone,selling-test-page,/tests/cortisol-am-and-pm-test/,/tests/cortisol-am-and-pm-test/,5,5,,636,yes,yes,
2026-09-25,cortisol am,desktop,selling-test-page,/tests/cortisol-am-and-pm-test/,/tests/cortisol-am-and-pm-test/,6,,,636,yes,yes,
2026-09-25,cortisol am test,phone,selling-test-page,/tests/cortisol-am-and-pm-test/,/tests/cortisol-am-and-pm-test/,4,4,,612,yes,yes,
2026-09-25,cortisol am test,desktop,selling-test-page,/tests/cortisol-am-and-pm-test/,/tests/cortisol-am-and-pm-test/,6,,,612,yes,yes,
2026-09-25,cortisol blood test,phone,selling-test-page,/tests/cortisol/,/tests/cortisol-am-and-pm-test/,8,8,,2178,yes,yes,refresh; other page ranks
2026-09-25,cortisol blood test,desktop,selling-test-page,/tests/cortisol/,/tests/cortisol-am-and-pm-test/,11,,,2178,yes,yes,
2026-09-25,cortisol level test,phone,kept,/tests/cortisol/,,,101,,526,yes,no,
2026-09-25,cortisol level test,desktop,kept,/tests/cortisol/,/tests/cortisol-am-and-pm-test/,20,,,526,yes,yes,
2026-09-25,cortisol levels test,phone,kept,/tests/cortisol-am-and-pm-test/,/tests/cortisol/,10,10,,744,yes,no,other page ranks
2026-09-25,cortisol levels test,desktop,kept,/tests/cortisol-am-and-pm-test/,/tests/cortisol/,10,,,744,yes,yes,
2026-09-25,cortisol test,phone,selling-test-page,/tests/cortisol/,/tests/cortisol/,11,11,,4717,yes,no,refresh
2026-09-25,cortisol test,desktop,selling-test-page,/tests/cortisol/,/tests/cortisol-am-and-pm-test/,10,,,4717,yes,yes,
2026-09-25,cortisol testing,phone,selling-test-page,/tests/cortisol-am-and-pm-test/,/tests/cortisol-am-and-pm-test/,12,12,,633,yes,yes,
2026-09-25,cortisol testing,desktop,selling-test-page,/tests/cortisol-am-and-pm-test/,/tests/cortisol-am-and-pm-test/,13,,,633,yes,yes,
2026-09-25,cost of std check,phone,std-pages,/std-test-pricing/,/std-testing/atlanta-ga/,3,3,,1994,yes,no,other page ranks
2026-09-25,cost of std check,desktop,std-pages,/std-test-pricing/,/std-testing/atlanta-ga/,3,,,1994,no,no,
2026-09-25,cotinine,phone,next-in-line,/tests/nicotine-and-cotinine/,/tests/nicotine-and-cotinine/,7,7,,2090,yes,yes,
2026-09-25,cotinine,desktop,next-in-line,/tests/nicotine-and-cotinine/,,,,,2090,yes,no,
2026-09-25,covid 19 diagnostic test,phone,next-in-line,/tests/covid-19-antigen-test/,/tests/at-home-molecular-pcr-covid-19-test/,69,69,,0,yes,no,other page ranks
2026-09-25,covid 19 diagnostic test,desktop,next-in-line,/tests/covid-19-antigen-test/,/tests/at-home-covid-19-antigen-test/,29,,,0,yes,no,
2026-09-25,crab allergy test,phone,not-ranking-yet,/tests/crab-allergy-test/,/tests/crab-allergy-test/,7,7,,0,yes,no,
2026-09-25,crab allergy test,desktop,not-ranking-yet,/tests/crab-allergy-test/,/tests/crab-allergy-test/,7,,,0,yes,no,
2026-09-25,creatine kinase,phone,selling-test-page,/tests/creatine-kinase-ck/,/tests/creatine-kinase-ck/,17,17,,689,yes,no,
2026-09-25,creatine kinase,desktop,selling-test-page,/tests/creatine-kinase-ck/,/tests/creatine-kinase-ck/,24,,,689,yes,no,
2026-09-25,creatine kinase high,phone,kept,/tests/creatine-kinase-ck/,/tests/creatine-kinase-ck/,17,17,,188,yes,no,
2026-09-25,creatine kinase high,desktop,kept,/tests/creatine-kinase-ck/,/tests/creatine-kinase-ck/,18,,,188,yes,no,
2026-09-25,creatine kinase test,phone,kept,/tests/creatine-kinase-ck/,/tests/ck-mb/,37,37,,863,yes,yes,other page ranks
2026-09-25,creatine kinase test,desktop,kept,/tests/creatine-kinase-ck/,/tests/ck-mb/,77,,,863,yes,yes,
2026-09-25,creatinine,phone,selling-test-page,/tests/creatinine/,/tests/creatinine/,18,18,,313,yes,no,
2026-09-25,creatinine,desktop,selling-test-page,/tests/creatinine/,/tests/creatinine/,17,,,313,yes,no,
2026-09-25,creatinine blood test,phone,selling-test-page,/tests/creatinine/,,,101,,112,yes,no,
2026-09-25,creatinine blood test,desktop,selling-test-page,/tests/creatinine/,/tests/creatinine/,21,,,112,yes,no,
2026-09-25,creatinine test,phone,selling-test-page,/tests/creatinine/,/tests/creatinine/,14,14,,540,yes,no,
2026-09-25,creatinine test,desktop,selling-test-page,/tests/creatinine/,,,,,540,yes,yes,
2026-09-25,crp blood test,phone,kept,/tests/c-reactive-protein-crp/,/tests/c-reactive-protein-crp/,19,19,,220,yes,no,
2026-09-25,crp blood test,desktop,kept,/tests/c-reactive-protein-crp/,,,,,220,yes,no,
2026-09-25,crp test,phone,selling-test-page,/tests/c-reactive-protein-crp/,/tests/high-sensitivity-c-reactive-protein-hs-crp/,62,62,,1495,yes,no,other page ranks
2026-09-25,crp test,desktop,selling-test-page,/tests/c-reactive-protein-crp/,,,,,1495,yes,yes,
2026-09-25,ct ng test,phone,std-pages,/std-testing/chlamydia-gonorrhea-test/,/std-testing/chlamydia-gonorrhea-test/,27,27,,48,yes,no,
2026-09-25,ct ng test,desktop,std-pages,/std-testing/chlamydia-gonorrhea-test/,,,,,48,yes,no,
2026-09-25,ctng test,phone,std-pages,/std-testing/chlamydia-gonorrhea-test/,/std-testing/chlamydia-gonorrhea-test/,20,20,,2,no,no,
2026-09-25,ctng test,desktop,std-pages,/std-testing/chlamydia-gonorrhea-test/,/std-testing/chlamydia-gonorrhea-test/,20,,,2,yes,no,
2026-09-25,cyclic citrullinated peptide,phone,next-in-line,/tests/cyclic-citrullinated-peptide-antibody/,/tests/cyclic-citrullinated-peptide-antibody/,7,7,,1018,yes,no,
2026-09-25,cyclic citrullinated peptide,desktop,next-in-line,/tests/cyclic-citrullinated-peptide-antibody/,/tests/cyclic-citrullinated-peptide-antibody/,12,,,1018,yes,no,
2026-09-25,cyclic citrullinated peptide ccp ab igg,phone,next-in-line,/tests/cyclic-citrullinated-peptide-antibody/,/tests/cyclic-citrullinated-peptide-antibody/,8,8,,22,no,no,
2026-09-25,cyclic citrullinated peptide ccp ab igg,desktop,next-in-line,/tests/cyclic-citrullinated-peptide-antibody/,/tests/cyclic-citrullinated-peptide-antibody/,13,,,22,yes,no,
2026-09-25,d dimer,phone,next-in-line,/tests/d-dimer/,/tests/d-dimer/,6,6,,14480,yes,no,
2026-09-25,d dimer,desktop,next-in-line,/tests/d-dimer/,/tests/d-dimer/,6,,,14480,yes,no,
2026-09-25,dat blood test,phone,next-in-line,/tests/direct-antiglobulin-test/,/tests/direct-antiglobulin-test/,1,1,,356,yes,yes,
2026-09-25,dat blood test,desktop,next-in-line,/tests/direct-antiglobulin-test/,/tests/direct-antiglobulin-test/,1,,,356,yes,yes,
2026-09-25,dehydroepiandrosterone blood test,phone,not-ranking-yet,/tests/dehydroepiandrosterone-test/,/tests/dheas/,9,9,,0,yes,no,other page ranks
2026-09-25,dehydroepiandrosterone blood test,desktop,not-ranking-yet,/tests/dehydroepiandrosterone-test/,/tests/dehydroepiandrosterone-test/,6,,,0,yes,no,
2026-09-25,dehydroepiandrosterone test,phone,kept,/tests/dheas/,/tests/dheas/,12,12,,97,yes,yes,
2026-09-25,dehydroepiandrosterone test,desktop,kept,/tests/dheas/,/tests/dheas/,12,,,97,yes,yes,
2026-09-25,dhea sulfate,phone,selling-test-page,/tests/dheas/,/tests/dheas/,17,17,,4828,yes,no,
2026-09-25,dhea sulfate,desktop,selling-test-page,/tests/dheas/,/tests/dheas/,16,,,4828,yes,no,
2026-09-25,dhea sulfate test,phone,kept,/tests/dheas/,/tests/dheas/,10,10,,439,yes,yes,
2026-09-25,dhea sulfate test,desktop,kept,/tests/dheas/,/tests/dheas/,12,,,439,yes,no,
2026-09-25,dhea test,phone,kept,/tests/dheas/,/tests/dheas/,10,10,,269,yes,yes,
2026-09-25,dhea test,desktop,kept,/tests/dheas/,/tests/dheas/,11,,,269,yes,yes,
2026-09-25,dhea-s,phone,selling-test-page,/tests/dheas/,/tests/dheas/,12,12,,651,yes,no,
2026-09-25,dhea-s,desktop,selling-test-page,/tests/dheas/,,,,,651,yes,no,
2026-09-25,dheas,phone,selling-test-page,/tests/dheas/,/tests/dheas/,15,15,,250,yes,no,
2026-09-25,dheas,desktop,selling-test-page,/tests/dheas/,/tests/dheas/,16,,,250,yes,no,
2026-09-25,dheas test,phone,kept,/tests/dheas/,/tests/dheas/,12,12,,303,yes,yes,
2026-09-25,dheas test,desktop,kept,/tests/dheas/,,,,,303,yes,yes,
2026-09-25,diabetes panel,phone,selling-test-page,/tests/diabetes-panel/,/tests/diabetes-panel/,1,1,,176,yes,yes,
2026-09-25,diabetes panel,desktop,selling-test-page,/tests/diabetes-panel/,/tests/diabetes-panel/,1,,,176,yes,yes,
2026-09-25,diabetes panel blood test,phone,not-ranking-yet,/tests/expanded-diabetes-panel/,/tests/diabetes-panel/,3,3,,4,yes,yes,other page ranks
2026-09-25,diabetes panel blood test,desktop,not-ranking-yet,/tests/expanded-diabetes-panel/,/tests/diabetes-panel/,3,,,4,yes,yes,
2026-09-25,diabetes panel test,desktop,leaving,/tests/comprehensive-diabetes-panel/,/tests/diabetes-panel/,2,,,71,yes,yes,
2026-09-25,diabetes panel test price,phone,not-ranking-yet,/tests/expanded-diabetes-panel/,/tests/comprehensive-diabetes-panel/,4,4,,0,no,no,other page ranks
2026-09-25,diabetes panel test price,desktop,not-ranking-yet,/tests/expanded-diabetes-panel/,/tests/comprehensive-diabetes-panel/,4,,,0,no,no,
2026-09-25,diabetes testing,phone,selling-test-page,/tests/comprehensive-diabetes-panel/,/glucose-testing/,23,23,,40,yes,no,other page ranks
2026-09-25,diabetes testing,desktop,selling-test-page,/tests/comprehensive-diabetes-panel/,/glucose-testing/,24,,,40,yes,no,
2026-09-25,direct antiglobulin test,phone,next-in-line,/tests/direct-antiglobulin-test/,/tests/direct-antiglobulin-test/,7,7,,1493,yes,yes,
2026-09-25,direct antiglobulin test,desktop,next-in-line,/tests/direct-antiglobulin-test/,/tests/direct-antiglobulin-test/,9,,,1493,yes,yes,
2026-09-25,direct ldl,desktop,leaving,/tests/ldl-cholesterol/,/tests/direct-ldl-cholesterol/,6,,,789,yes,yes,
2026-09-25,disease diagnosis,phone,category,/disease-detection-and-monitoring-testing/,/disease-detection-and-monitoring-testing/,4,4,,35,yes,yes,
2026-09-25,disease diagnosis,desktop,category,/disease-detection-and-monitoring-testing/,/disease-detection-and-monitoring-testing/,6,,,35,yes,yes,
2026-09-25,disease testing,phone,category,/infectious-disease-testing/,/tests/infectious-disease-testing/,6,6,,228,no,no,other page ranks
2026-09-25,disease testing,desktop,category,/infectious-disease-testing/,/tests/infectious-disease-testing/,6,,,228,no,no,
2026-09-25,dna testing,phone,category,/dna-testing/,/tests/dna-testing/,16,16,,972,yes,no,other page ranks
2026-09-25,dna testing,desktop,category,/dna-testing/,/tests/dna-testing/,18,,,972,yes,no,
2026-09-25,dog dander allergy test,phone,not-ranking-yet,/tests/dog-dander-allergy-test/,/tests/dog-dander-allergy-test/,13,13,,6,yes,yes,
2026-09-25,dog dander allergy test,desktop,not-ranking-yet,/tests/dog-dander-allergy-test/,/tests/dog-dander-allergy-test/,13,,,6,yes,yes,
2026-09-25,drug and alcohol test,phone,category,/drug-testing/,/tests/10-panel-drug-testing/,21,21,,281,no,no,other page ranks
2026-09-25,drug and alcohol test,desktop,category,/drug-testing/,,,,,281,no,no,
2026-09-25,drug test,phone,next-in-line,/tests/urine-drug-test/,/tests/at-home-drug-test/,27,27,,12358,yes,yes,other page ranks
2026-09-25,drug test,desktop,next-in-line,/tests/urine-drug-test/,/tests/at-home-drug-test/,24,,,12358,yes,no,
2026-09-25,dsdna,phone,next-in-line,/tests/anti-dsdna/,/tests/anti-dsdna/,2,2,,1920,yes,yes,
2026-09-25,dsdna,desktop,next-in-line,/tests/anti-dsdna/,/tests/anti-dsdna/,6,,,1920,yes,yes,
2026-09-25,dsdna antibody,phone,next-in-line,/tests/anti-dsdna/,/tests/anti-dsdna/,1,1,,1283,yes,yes,
2026-09-25,dsdna antibody,desktop,next-in-line,/tests/anti-dsdna/,/tests/anti-dsdna/,2,,,1283,yes,yes,
2026-09-25,ebv ab vca igg,phone,next-in-line,/tests/epstein-barr-virus-ebv-antibody-tests/,/tests/epstein-barr-virus-ebv-antibody-tests/,2,2,,1206,yes,no,
2026-09-25,ebv ab vca igg,desktop,next-in-line,/tests/epstein-barr-virus-ebv-antibody-tests/,/tests/epstein-barr-virus-ebv-antibody-tests/,4,,,1206,yes,no,
2026-09-25,ebv vca igg,phone,next-in-line,/tests/epstein-barr-virus-ebv-antibody-tests/,/tests/epstein-barr-virus-ebv-antibody-tests/,12,12,,991,yes,no,
2026-09-25,ebv vca igg,desktop,next-in-line,/tests/epstein-barr-virus-ebv-antibody-tests/,/tests/epstein-barr-virus-ebv-antibody-tests/,11,,,991,yes,no,
2026-09-25,egfr,phone,next-in-line,/tests/estimated-glomerular-filtration-rate-egfr/,/tests/estimated-glomerular-filtration-rate-egfr/,25,25,,130,yes,no,
2026-09-25,egfr,desktop,next-in-line,/tests/estimated-glomerular-filtration-rate-egfr/,/tests/estimated-glomerular-filtration-rate-egfr/,20,,,130,yes,no,
2026-09-25,egfr blood test,phone,next-in-line,/tests/estimated-glomerular-filtration-rate-egfr/,/tests/estimated-glomerular-filtration-rate-egfr/,12,12,,340,yes,no,
2026-09-25,egfr blood test,desktop,next-in-line,/tests/estimated-glomerular-filtration-rate-egfr/,/tests/estimated-glomerular-filtration-rate-egfr/,10,,,340,yes,no,
2026-09-25,egg white allergy blood test,phone,not-ranking-yet,/tests/egg-white-allergy-test/,/tests/egg-white-allergy-test/,6,6,,0,no,no,
2026-09-25,egg white allergy blood test,desktop,not-ranking-yet,/tests/egg-white-allergy-test/,/tests/egg-white-allergy-test/,6,,,0,no,no,
2026-09-25,egg white allergy test,phone,not-ranking-yet,/tests/egg-white-allergy-test/,/tests/egg-white-allergy-test/,9,9,,0,no,no,
2026-09-25,egg white allergy test,desktop,not-ranking-yet,/tests/egg-white-allergy-test/,/tests/egg-white-allergy-test/,9,,,0,no,no,
2026-09-25,electrolyte panel,phone,selling-test-page,/tests/electrolytes-and-anion-gap/,/tests/electrolytes-and-anion-gap/,7,7,,665,yes,yes,
2026-09-25,electrolyte panel,desktop,selling-test-page,/tests/electrolytes-and-anion-gap/,/tests/electrolytes-and-anion-gap/,7,,,665,yes,yes,
2026-09-25,electrolytes blood test,phone,selling-test-page,/tests/electrolytes-and-anion-gap/,/tests/electrolytes-and-anion-gap/,19,19,,369,yes,yes,
2026-09-25,electrolytes blood test,desktop,selling-test-page,/tests/electrolytes-and-anion-gap/,/tests/electrolytes-and-anion-gap/,15,,,369,yes,yes,
2026-09-25,electrolytes test,phone,kept,/tests/electrolytes-and-anion-gap/,/tests/electrolytes-and-anion-gap/,10,10,,72,yes,yes,
2026-09-25,electrolytes test,desktop,kept,/tests/electrolytes-and-anion-gap/,/tests/electrolytes-and-anion-gap/,8,,,72,yes,yes,
2026-09-25,erythrocyte sedimentation rate,phone,kept,/tests/erythrocyte-sedimentation-rate-esr/,,,101,,61,yes,no,
2026-09-25,erythrocyte sedimentation rate,desktop,kept,/tests/erythrocyte-sedimentation-rate-esr/,/tests/erythrocyte-sedimentation-rate-esr/,44,,,61,yes,no,
2026-09-25,erythropoietin,phone,next-in-line,/tests/erythropoietin/,/tests/erythropoietin/,9,9,,1494,yes,no,refresh
2026-09-25,erythropoietin,desktop,next-in-line,/tests/erythropoietin/,/tests/erythropoietin/,10,,,1494,yes,no,
2026-09-25,erythropoietin blood test,phone,next-in-line,/tests/erythropoietin/,/tests/erythropoietin/,11,11,,1226,yes,yes,refresh
2026-09-25,erythropoietin blood test,desktop,next-in-line,/tests/erythropoietin/,/tests/erythropoietin/,6,,,1226,yes,yes,
2026-09-25,esr,phone,selling-test-page,/tests/erythrocyte-sedimentation-rate-esr/,/tests/erythrocyte-sedimentation-rate-esr/,5,5,,31511,yes,no,
2026-09-25,esr,desktop,selling-test-page,/tests/erythrocyte-sedimentation-rate-esr/,/tests/erythrocyte-sedimentation-rate-esr/,5,,,31511,yes,yes,
2026-09-25,esr blood test,phone,selling-test-page,/tests/erythrocyte-sedimentation-rate-esr/,/tests/erythrocyte-sedimentation-rate-esr/,41,41,,869,yes,no,
2026-09-25,esr blood test,desktop,selling-test-page,/tests/erythrocyte-sedimentation-rate-esr/,/tests/erythrocyte-sedimentation-rate-esr/,39,,,869,yes,no,
2026-09-25,esr test,phone,selling-test-page,/tests/erythrocyte-sedimentation-rate-esr/,/tests/erythrocyte-sedimentation-rate-esr/,33,33,,376,yes,no,
2026-09-25,esr test,desktop,selling-test-page,/tests/erythrocyte-sedimentation-rate-esr/,/tests/erythrocyte-sedimentation-rate-esr/,40,,,376,yes,no,
2026-09-25,essential health check,phone,selling-test-page,/tests/essential-health-panel/,/tests/essential-health-panel/,3,3,,48,no,no,
2026-09-25,essential health check,desktop,selling-test-page,/tests/essential-health-panel/,/tests/essential-health-panel/,2,,,48,no,no,
2026-09-25,estradiol blood test,phone,selling-test-page,/tests/estradiol-test/,/tests/estradiol-test/,2,2,,3217,yes,yes,
2026-09-25,estradiol blood test,desktop,selling-test-page,/tests/estradiol-test/,/tests/estradiol-test/,2,,,3217,yes,yes,
2026-09-25,estradiol lab test,phone,selling-test-page,/tests/estradiol-test/,/tests/estradiol-test/,8,8,,317,yes,yes,
2026-09-25,estradiol lab test,desktop,selling-test-page,/tests/estradiol-test/,/tests/estradiol-test/,8,,,317,yes,yes,
2026-09-25,estradiol test,phone,selling-test-page,/tests/estradiol-test/,,,101,,1798,yes,yes,
2026-09-25,estradiol test,desktop,selling-test-page,/tests/estradiol-test/,,,,,1798,yes,yes,
2026-09-25,estradiol ultrasensitive,phone,selling-test-page,/tests/estradiol-test-ultrasensitive-test/,/tests/estradiol-test-ultrasensitive-test/,6,6,,155,yes,yes,
2026-09-25,estradiol ultrasensitive,desktop,selling-test-page,/tests/estradiol-test-ultrasensitive-test/,/tests/estradiol-test-ultrasensitive-test/,7,,,155,yes,yes,
2026-09-25,estradiol ultrasensitive lc/ms,phone,selling-test-page,/tests/estradiol-test-ultrasensitive-test/,,,101,,190,yes,yes,
2026-09-25,estradiol ultrasensitive lc/ms,desktop,selling-test-page,/tests/estradiol-test-ultrasensitive-test/,/tests/estradiol-test-ultrasensitive-test/,11,,,190,yes,yes,
2026-09-25,estradiol ultrasensitive test,phone,selling-test-page,/tests/estradiol-test-ultrasensitive-test/,/tests/estradiol-test/,4,4,,146,yes,yes,other page ranks
2026-09-25,estradiol ultrasensitive test,desktop,selling-test-page,/tests/estradiol-test-ultrasensitive-test/,/tests/estradiol-test/,4,,,146,yes,yes,
2026-09-25,estrogen blood test,phone,selling-test-page,/tests/estrogen/,/tests/estrogen/,7,7,,450,no,no,
2026-09-25,estrogen blood test,desktop,selling-test-page,/tests/estrogen/,/tests/estrogen/,8,,,450,yes,yes,
2026-09-25,estrogen test,phone,selling-test-page,/tests/estrogen/,/tests/estrogen/,8,8,,594,yes,yes,
2026-09-25,estrogen test,desktop,selling-test-page,/tests/estrogen/,/tests/estrogen/,9,,,594,yes,yes,
2026-09-25,estrogen testing,phone,selling-test-page,/tests/estrogen/,/tests/estrogen/,8,8,,84,yes,yes,
2026-09-25,estrogen testing,desktop,selling-test-page,/tests/estrogen/,/tests/estrogen/,6,,,84,yes,yes,
2026-09-25,estrogens total,phone,kept,/tests/estrogen/,/tests/estrogen/,36,36,,27,yes,yes,
2026-09-25,estrogens total,desktop,kept,/tests/estrogen/,,,,,27,yes,yes,
2026-09-25,estrone test,phone,kept,/tests/estrone-test/,/tests/estrone-test/,8,8,,37,yes,yes,
2026-09-25,estrone test,desktop,kept,/tests/estrone-test/,/tests/estrone-test/,8,,,37,yes,yes,
2026-09-25,fasting insulin,phone,selling-test-page,/tests/fasting-insulin-test/,/tests/fasting-insulin-test/,2,2,,2582,yes,yes,
2026-09-25,fasting insulin,desktop,selling-test-page,/tests/fasting-insulin-test/,/tests/fasting-insulin-test/,2,,,2582,yes,yes,
2026-09-25,fasting insulin test,phone,selling-test-page,/tests/fasting-insulin-test/,/tests/fasting-insulin-test/,5,5,,5264,yes,yes,
2026-09-25,fasting insulin test,desktop,selling-test-page,/tests/fasting-insulin-test/,/tests/fasting-insulin-test/,6,,,5264,yes,yes,
2026-09-25,fecal elastase,phone,next-in-line,/tests/stool-elastase/,/tests/stool-elastase/,7,7,,1520,yes,yes,
2026-09-25,fecal elastase,desktop,next-in-line,/tests/stool-elastase/,/tests/stool-elastase/,9,,,1520,yes,no,
2026-09-25,fecal lactoferrin,phone,next-in-line,/tests/lactoferrin/,/tests/lactoferrin/,2,2,,1350,yes,yes,
2026-09-25,fecal lactoferrin,desktop,next-in-line,/tests/lactoferrin/,/tests/lactoferrin/,2,,,1350,yes,yes,
2026-09-25,female hormone panel,phone,not-ranking-yet,/tests/standard-female-hormone-test/,/tests/female-hormone-panel/,4,4,,448,yes,yes,other page ranks
2026-09-25,female hormone panel,desktop,not-ranking-yet,/tests/standard-female-hormone-test/,/tests/female-hormone-panel/,4,,,448,yes,yes,
2026-09-25,female hormone panel blood test,phone,not-ranking-yet,/tests/standard-female-hormone-test/,/tests/female-hormone-panel/,5,5,,422,yes,yes,other page ranks
2026-09-25,female hormone panel blood test,desktop,not-ranking-yet,/tests/standard-female-hormone-test/,/tests/female-hormone-panel/,4,,,422,yes,yes,
2026-09-25,female hormone panel test,phone,not-ranking-yet,/tests/standard-female-hormone-test/,/tests/female-hormone-panel/,6,6,,5,yes,yes,other page ranks
2026-09-25,female hormone panel test,desktop,not-ranking-yet,/tests/standard-female-hormone-test/,/tests/female-hormone-panel/,4,,,5,yes,yes,
2026-09-25,female hormone test list,phone,next-in-line,/tests/female-hormone-panel/,/tests/female-hormone-panel/,7,7,,941,yes,yes,
2026-09-25,female hormone test list,desktop,next-in-line,/tests/female-hormone-panel/,/tests/female-hormone-panel/,5,,,941,yes,yes,
2026-09-25,ferritin,phone,selling-test-page,/tests/ferritin/,/tests/ferritin/,18,18,,519,yes,no,
2026-09-25,ferritin,desktop,selling-test-page,/tests/ferritin/,/tests/ferritin/,34,,,519,yes,no,
2026-09-25,ferritin blood test,phone,selling-test-page,/tests/ferritin/,/tests/ferritin/,19,19,,1378,yes,yes,
2026-09-25,ferritin blood test,desktop,selling-test-page,/tests/ferritin/,/tests/ferritin/,30,,,1378,yes,yes,
2026-09-25,ferritin test,phone,selling-test-page,/tests/ferritin/,,,101,,899,yes,yes,
2026-09-25,ferritin test,desktop,selling-test-page,/tests/ferritin/,,,,,899,yes,yes,
2026-09-25,fert test,phone,category,/fertility-testing/,,,101,,465,no,no,
2026-09-25,fert test,desktop,category,/fertility-testing/,/tests/fertility-testing/,44,,,465,no,no,
2026-09-25,fertility testing,phone,category,/fertility-testing/,/tests/fertility-testing/,71,71,,1001,yes,no,other page ranks
2026-09-25,fertility testing,desktop,category,/fertility-testing/,/tests/fertility-testing/,74,,,1001,no,no,
2026-09-25,fibrinogen blood test,phone,next-in-line,/tests/fibrinogen/,/tests/fibrinogen/,5,5,,1128,yes,yes,
2026-09-25,fibrinogen blood test,desktop,next-in-line,/tests/fibrinogen/,/tests/fibrinogen/,5,,,1128,yes,yes,
2026-09-25,fibrinogen test,phone,next-in-line,/tests/fibrinogen/,/tests/fibrinogen/,2,2,,546,yes,no,
2026-09-25,fibrinogen test,desktop,next-in-line,/tests/fibrinogen/,/tests/fibrinogen/,5,,,546,yes,no,
2026-09-25,flu testing,phone,category,/influenza-testing/,/tests/at-home-influenza-test/,27,27,,1257,yes,no,other page ranks
2026-09-25,flu testing,desktop,category,/influenza-testing/,/tests/at-home-influenza-test/,18,,,1257,yes,no,
2026-09-25,fobt,phone,next-in-line,/tests/fecal-occult-blood-test/,/tests/fecal-occult-blood-test/,10,10,,1777,yes,yes,refresh
2026-09-25,fobt,desktop,next-in-line,/tests/fecal-occult-blood-test/,/tests/fecal-occult-blood-test/,10,,,1777,yes,yes,
2026-09-25,fobt test,phone,next-in-line,/tests/fecal-occult-blood-test/,,,101,,1144,yes,yes,
2026-09-25,fobt test,desktop,next-in-line,/tests/fecal-occult-blood-test/,/tests/fecal-occult-blood-test/,9,,,1144,yes,yes,
2026-09-25,folate blood test,phone,selling-test-page,/tests/folate-test/,/tests/folate-test/,15,15,,502,yes,yes,
2026-09-25,folate blood test,desktop,selling-test-page,/tests/folate-test/,,,,,502,yes,yes,
2026-09-25,folate lab test,phone,selling-test-page,/tests/folate-test/,/tests/folate-test/,20,20,,1559,yes,yes,
2026-09-25,folate lab test,desktop,selling-test-page,/tests/folate-test/,,,,,1559,yes,yes,
2026-09-25,follicle stimulating hormone,phone,kept,/tests/follicle-stimulating-hormone-fsh/,,,101,,113,yes,no,
2026-09-25,follicle stimulating hormone,desktop,kept,/tests/follicle-stimulating-hormone-fsh/,/tests/follicle-stimulating-hormone-fsh/,24,,,113,yes,no,
2026-09-25,follicle stimulating hormone test,phone,kept,/tests/follicle-stimulating-hormone-fsh/,/tests/follicle-stimulating-hormone-fsh/,12,12,,421,yes,yes,
2026-09-25,follicle stimulating hormone test,desktop,kept,/tests/follicle-stimulating-hormone-fsh/,/tests/follicle-stimulating-hormone-fsh/,12,,,421,yes,yes,
2026-09-25,food allergy blood test,phone,kept,/tests/food-allergy-testing/,/tests/food-allergy-testing/,12,12,,935,yes,yes,
2026-09-25,food allergy blood test,desktop,kept,/tests/food-allergy-testing/,/tests/at-home-food-allergy-test/,30,,,935,yes,yes,
2026-09-25,food allergy test,phone,selling-test-page,/tests/food-allergy-testing/,/tests/food-allergy-testing/,12,12,,1728,yes,yes,refresh
2026-09-25,food allergy test,desktop,selling-test-page,/tests/food-allergy-testing/,,,,,1728,yes,no,
2026-09-25,food allergy testing,phone,selling-test-page,/tests/food-allergy-testing/,/tests/food-allergy-testing/,24,24,,1612,no,no,
2026-09-25,food allergy testing,desktop,selling-test-page,/tests/food-allergy-testing/,/tests/food-sensitivity-testing/,68,,,1612,yes,yes,
2026-09-25,food intolerance test,phone,category,/food-sensitivity-testing/,/tests/food-sensitivity-testing/,52,52,,1304,yes,yes,other page ranks
2026-09-25,food intolerance test,desktop,category,/food-sensitivity-testing/,/tests/food-sensitivity-testing/,42,,,1304,yes,yes,
2026-09-25,food sensitivities test,phone,selling-test-page,/tests/food-sensitivity-testing/,,,101,,1884,yes,no,
2026-09-25,food sensitivities test,desktop,selling-test-page,/tests/food-sensitivity-testing/,/tests/food-sensitivity-testing/,30,,,1884,yes,no,
2026-09-25,food sensitivity test,phone,category,/food-sensitivity-testing/,/tests/food-sensitivity-testing/,31,31,,3364,yes,no,other page ranks
2026-09-25,food sensitivity test,desktop,category,/food-sensitivity-testing/,,,,,3364,yes,yes,
2026-09-25,food sensitivity testing,phone,selling-test-page,/tests/food-sensitivity-testing/,/tests/food-sensitivity-testing/,41,41,,503,yes,no,
2026-09-25,food sensitivity testing,desktop,selling-test-page,/tests/food-sensitivity-testing/,,,,,503,yes,no,
2026-09-25,free psa,phone,selling-test-page,/tests/psa-free-to-total-ratio-test/,/tests/psa-free-to-total-ratio-test/,3,3,,310,yes,yes,
2026-09-25,free psa,desktop,selling-test-page,/tests/psa-free-to-total-ratio-test/,/tests/psa-free-to-total-ratio-test/,8,,,310,yes,yes,
2026-09-25,free psa test,phone,selling-test-page,/tests/psa-free-to-total-ratio-test/,/tests/psa-free-to-total-ratio-test/,14,14,,209,yes,yes,
2026-09-25,free psa test,desktop,selling-test-page,/tests/psa-free-to-total-ratio-test/,,,,,209,yes,yes,
2026-09-25,free t,phone,selling-test-page,/tests/testosterone-test-free-and-total-test/,/tests/testosterone-test-free-and-total-test/,21,21,,6,yes,no,
2026-09-25,free t,desktop,selling-test-page,/tests/testosterone-test-free-and-total-test/,,,,,6,yes,no,
2026-09-25,free t3 blood test,phone,selling-test-page,/tests/free-t3-test/,/tests/free-t3-test/,46,46,,235,yes,no,
2026-09-25,free t3 blood test,desktop,selling-test-page,/tests/free-t3-test/,/tests/t3-test/,9,,,235,yes,no,
2026-09-25,free t3 test,phone,selling-test-page,/tests/free-t3-test/,/tests/t3-test/,9,9,,96,yes,no,other page ranks
2026-09-25,free t3 test,desktop,selling-test-page,/tests/free-t3-test/,/tests/t3-test/,12,,,96,yes,yes,
2026-09-25,free t4 blood test,desktop,leaving,/tests/t4-test/,/tests/t4-test/,5,,,5263,yes,yes,
2026-09-25,free t4 test,phone,kept,/tests/free-t4-test/,/tests/free-t4-test/,8,8,,525,yes,yes,
2026-09-25,free t4 test,desktop,kept,/tests/free-t4-test/,/tests/t4-test/,8,,,525,yes,no,
2026-09-25,free testosterone blood test,phone,not-ranking-yet,/tests/free-testosterone-test/,/tests/testosterone-test-free-and-total-test/,16,16,,9,yes,no,other page ranks
2026-09-25,free testosterone blood test,desktop,not-ranking-yet,/tests/free-testosterone-test/,/tests/testosterone-test-free-and-total-test/,17,,,9,yes,no,
2026-09-25,free testosterone lab test,phone,not-ranking-yet,/tests/free-testosterone-test/,/tests/testosterone/,20,20,,5,yes,no,other page ranks
2026-09-25,free testosterone lab test,desktop,not-ranking-yet,/tests/free-testosterone-test/,/tests/testosterone-test-free-and-total-test/,44,,,5,yes,no,
2026-09-25,free testosterone test,phone,kept,/tests/testosterone-test-free-and-total-test/,/tests/testosterone-test-free-and-total-test/,17,17,,236,yes,yes,
2026-09-25,free testosterone test,desktop,kept,/tests/testosterone-test-free-and-total-test/,/tests/testosterone-test-free-and-total-test/,21,,,236,yes,yes,
2026-09-25,free thyroxine t4 test,phone,selling-test-page,/tests/t4-test/,/tests/t4-test/,5,5,,3804,yes,yes,
2026-09-25,free thyroxine t4 test,desktop,selling-test-page,/tests/t4-test/,/tests/t4-test/,5,,,3804,yes,yes,
2026-09-25,free vs total testosterone,desktop,leaving,/tests/testosterone-test-free-and-total-test/,/tests/testosterone-test-free-and-total-test/,16,,,71,yes,no,
2026-09-25,fructosamine,phone,next-in-line,/tests/fructosamine/,/tests/fructosamine/,1,1,,6837,yes,yes,buy button
2026-09-25,fructosamine,desktop,next-in-line,/tests/fructosamine/,/tests/fructosamine/,2,,,6837,yes,yes,
2026-09-25,fructosamine test,phone,next-in-line,/tests/fructosamine/,/tests/fructosamine/,3,3,,2916,yes,yes,buy button
2026-09-25,fructosamine test,desktop,next-in-line,/tests/fructosamine/,/tests/fructosamine/,6,,,2916,yes,yes,
2026-09-25,fsh and lh,phone,selling-test-page,/tests/fsh-lh-test/,/tests/fsh-lh-test/,23,23,,172,yes,no,
2026-09-25,fsh and lh,desktop,selling-test-page,/tests/fsh-lh-test/,/tests/fsh-lh-test/,38,,,172,yes,no,
2026-09-25,fsh and lh blood test,phone,selling-test-page,/tests/fsh-lh-test/,/tests/follicle-stimulating-hormone-fsh/,8,8,,376,yes,yes,other page ranks
2026-09-25,fsh and lh blood test,desktop,selling-test-page,/tests/fsh-lh-test/,/tests/follicle-stimulating-hormone-fsh/,8,,,376,yes,yes,
2026-09-25,fsh and lh test,phone,selling-test-page,/tests/fsh-lh-test/,/tests/follicle-stimulating-hormone-fsh/,24,24,,208,yes,yes,other page ranks
2026-09-25,fsh and lh test,desktop,selling-test-page,/tests/fsh-lh-test/,/tests/fsh-lh-test/,9,,,208,yes,yes,
2026-09-25,fsh blood test,phone,selling-test-page,/tests/follicle-stimulating-hormone-fsh/,/tests/follicle-stimulating-hormone-fsh/,11,11,,3873,yes,yes,refresh
2026-09-25,fsh blood test,desktop,selling-test-page,/tests/follicle-stimulating-hormone-fsh/,/tests/follicle-stimulating-hormone-fsh/,10,,,3873,yes,yes,
2026-09-25,fsh lh test,desktop,leaving,/tests/fsh-lh-test/,/tests/fsh-lh-test/,7,,,122,yes,yes,
2026-09-25,fsh test,phone,selling-test-page,/tests/follicle-stimulating-hormone-fsh/,/tests/follicle-stimulating-hormone-fsh/,12,12,,916,yes,yes,
2026-09-25,fsh test,desktop,selling-test-page,/tests/follicle-stimulating-hormone-fsh/,/tests/follicle-stimulating-hormone-fsh/,13,,,916,yes,yes,
2026-09-25,fsh testing,phone,selling-test-page,/tests/follicle-stimulating-hormone-fsh/,/tests/follicle-stimulating-hormone-fsh/,8,8,,3912,yes,yes,refresh
2026-09-25,fsh testing,desktop,selling-test-page,/tests/follicle-stimulating-hormone-fsh/,/tests/follicle-stimulating-hormone-fsh/,8,,,3912,yes,yes,
2026-09-25,full panel std test,phone,std-pages,/std-testing/,/std-testing/atlanta-ga/,8,8,,10059,no,no,refresh
2026-09-25,full panel std test,desktop,std-pages,/std-testing/,/std-testing/atlanta-ga/,6,,,10059,no,no,
2026-09-25,full panel std test includes,phone,std-pages,/std-testing/full-std-panel/,/std-testing/standard-std-panel/,2,2,,76,yes,yes,other page ranks
2026-09-25,full panel std test includes,desktop,std-pages,/std-testing/full-std-panel/,/std-testing/standard-std-panel/,2,,,76,yes,yes,
2026-09-25,full panel thyroid test,phone,selling-test-page,/tests/comprehensive-thyroid-panel/,/tests/comprehensive-thyroid-panel/,5,5,,92,yes,yes,
2026-09-25,full panel thyroid test,desktop,selling-test-page,/tests/comprehensive-thyroid-panel/,/tests/comprehensive-thyroid-panel/,5,,,92,yes,yes,
2026-09-25,full std panel,phone,std-pages,/std-testing/full-std-panel/,/std-testing/standard-std-panel/,2,2,,784,no,no,other page ranks
2026-09-25,full std panel,desktop,std-pages,/std-testing/full-std-panel/,/std-testing/standard-std-panel/,2,,,784,yes,yes,
2026-09-25,full std panel includes,phone,std-pages,/std-testing/full-std-panel/,/std-testing/standard-std-panel/,1,1,,53,yes,yes,other page ranks
2026-09-25,full std panel includes,desktop,std-pages,/std-testing/full-std-panel/,/std-testing/standard-std-panel/,1,,,53,yes,yes,
2026-09-25,full sti panel,phone,std-pages,/std-testing/full-std-panel/,/std-testing/standard-std-panel/,1,1,,248,no,no,other page ranks
2026-09-25,full sti panel,desktop,std-pages,/std-testing/full-std-panel/,/std-testing/standard-std-panel/,1,,,248,no,no,
2026-09-25,full sti panel includes,phone,std-pages,/std-testing/full-std-panel/,/std-testing/standard-std-panel/,1,1,,27,yes,yes,other page ranks
2026-09-25,full sti panel includes,desktop,std-pages,/std-testing/full-std-panel/,/std-testing/standard-std-panel/,1,,,27,yes,yes,
2026-09-25,full thyroid panel,phone,selling-test-page,/tests/full-thyroid-panel/,/thyroid-testing-example-results/,34,34,,1365,yes,yes,other page ranks
2026-09-25,full thyroid panel,desktop,selling-test-page,/tests/full-thyroid-panel/,/tests/comprehensive-thyroid-panel/,5,,,1365,yes,yes,
2026-09-25,full thyroid panel includes,phone,selling-test-page,/tests/full-thyroid-panel/,/tests/comprehensive-thyroid-panel/,2,2,,1646,yes,yes,other page ranks
2026-09-25,full thyroid panel includes,desktop,selling-test-page,/tests/full-thyroid-panel/,/tests/comprehensive-thyroid-panel/,4,,,1646,yes,yes,
2026-09-25,full women's hormone panel,phone,not-ranking-yet,/tests/expanded-female-hormone-panel/,/hormone-test-for-women/,8,8,,0,yes,yes,other page ranks
2026-09-25,full women's hormone panel,desktop,not-ranking-yet,/tests/expanded-female-hormone-panel/,/hormone-test-for-women/,5,,,0,yes,yes,
2026-09-25,g6pd blood test,phone,selling-test-page,/tests/g6pd/,/tests/g6pd/,10,10,,114,yes,yes,
2026-09-25,g6pd blood test,desktop,selling-test-page,/tests/g6pd/,,,,,114,yes,yes,
2026-09-25,g6pd deficiency test,phone,selling-test-page,/tests/g6pd/,/tests/g6pd/,13,13,,81,yes,yes,
2026-09-25,g6pd deficiency test,desktop,selling-test-page,/tests/g6pd/,/tests/g6pd/,13,,,81,yes,yes,
2026-09-25,g6pd test,phone,selling-test-page,/tests/g6pd/,/tests/g6pd/,10,10,,546,yes,yes,
2026-09-25,g6pd test,desktop,selling-test-page,/tests/g6pd/,/tests/g6pd/,10,,,546,yes,yes,
2026-09-25,gamma glutamyl transferase,phone,selling-test-page,/tests/gamma-glutamyl-transferase-ggt/,/tests/gamma-glutamyl-transferase-ggt/,24,24,,273,yes,no,
2026-09-25,gamma glutamyl transferase,desktop,selling-test-page,/tests/gamma-glutamyl-transferase-ggt/,,,,,273,yes,no,
2026-09-25,gamma gt,phone,kept,/tests/gamma-glutamyl-transferase-ggt/,/tests/gamma-glutamyl-transferase-ggt/,15,15,,492,yes,no,
2026-09-25,gamma gt,desktop,kept,/tests/gamma-glutamyl-transferase-ggt/,/tests/gamma-glutamyl-transferase-ggt/,22,,,492,yes,no,
2026-09-25,gdh antigen,phone,next-in-line,/tests/clostridium-difficile-and-c-diff-toxin-test/,/tests/clostridium-difficile-and-c-diff-toxin-test/,27,27,,94,yes,no,
2026-09-25,gdh antigen,desktop,next-in-line,/tests/clostridium-difficile-and-c-diff-toxin-test/,/tests/clostridium-difficile-and-c-diff-toxin-test/,27,,,94,yes,no,
2026-09-25,gelatin allergy test,phone,not-ranking-yet,/tests/gelatin-allergy-test/,/tests/gelatin-allergy-test/,7,7,,0,yes,yes,
2026-09-25,gelatin allergy test,desktop,not-ranking-yet,/tests/gelatin-allergy-test/,/tests/gelatin-allergy-test/,7,,,0,yes,yes,
2026-09-25,gen force test,phone,category,/infectious-disease-genetic-testing/,,,101,,28,yes,no,
2026-09-25,gen force test,desktop,category,/infectious-disease-genetic-testing/,,,,,28,yes,no,
2026-09-25,genetic testing,phone,category,/dna-testing/,/tests/dna-testing/,51,51,,3632,yes,no,other page ranks
2026-09-25,genetic testing,desktop,category,/dna-testing/,/tests/dna-testing/,34,,,3632,yes,no,
2026-09-25,genital herpes test,phone,std-pages,/std-testing/hsv-2-test/,/std-testing/herpes-1-2-test/,17,17,,356,yes,no,other page ranks
2026-09-25,genital herpes test,desktop,std-pages,/std-testing/hsv-2-test/,/std-testing/herpes-1-2-test/,19,,,356,yes,no,
2026-09-25,gestational diabetes test,phone,next-in-line,/tests/glucose-tests-gestational-diabetes/,/tests/glucose-tests-gestational-diabetes/,16,16,,143,yes,no,
2026-09-25,gestational diabetes test,desktop,next-in-line,/tests/glucose-tests-gestational-diabetes/,,,,,143,yes,no,
2026-09-25,ggt blood test,phone,selling-test-page,/tests/gamma-glutamyl-transferase-ggt/,/tests/gamma-glutamyl-transferase-ggt/,15,15,,1335,yes,no,refresh
2026-09-25,ggt blood test,desktop,selling-test-page,/tests/gamma-glutamyl-transferase-ggt/,/tests/gamma-glutamyl-transferase-ggt/,17,,,1335,yes,no,
2026-09-25,ggt lab,phone,selling-test-page,/tests/gamma-glutamyl-transferase-ggt/,/tests/gamma-glutamyl-transferase-ggt/,10,10,,1883,yes,no,refresh
2026-09-25,ggt lab,desktop,selling-test-page,/tests/gamma-glutamyl-transferase-ggt/,/tests/gamma-glutamyl-transferase-ggt/,18,,,1883,yes,no,
2026-09-25,gi panel,phone,next-in-line,/tests/gastrointestinal-pathogens-panel/,/tests/gastrointestinal-pathogens-panel/,1,1,,612,yes,yes,
2026-09-25,gi panel,desktop,next-in-line,/tests/gastrointestinal-pathogens-panel/,/tests/gastrointestinal-pathogens-panel/,1,,,612,yes,yes,
2026-09-25,gi pathogen panel,phone,next-in-line,/tests/gastrointestinal-pathogens-panel/,/tests/gastrointestinal-pathogens-panel/,2,2,,424,yes,yes,
2026-09-25,gi pathogen panel,desktop,next-in-line,/tests/gastrointestinal-pathogens-panel/,/tests/gastrointestinal-pathogens-panel/,4,,,424,yes,yes,
2026-09-25,ginger allergy test,phone,not-ranking-yet,/tests/ginger-allergy-test/,/tests/ginger-allergy-test/,4,4,,0,no,no,
2026-09-25,ginger allergy test,desktop,not-ranking-yet,/tests/ginger-allergy-test/,/tests/ginger-allergy-test/,4,,,0,no,no,
2026-09-25,glp-1 compound tirzepatide,phone,treatments,/treatments/compounded-tirzepatide/,/treatments/compounded-tirzepatide/,5,5,,303,yes,yes,
2026-09-25,glp-1 compound tirzepatide,desktop,treatments,/treatments/compounded-tirzepatide/,/treatments/compounded-tirzepatide/,5,,,303,yes,yes,
2026-09-25,glucose test,phone,category,/glucose-testing/,/glucose-testing/,32,32,,598,yes,no,
2026-09-25,glucose test,desktop,category,/glucose-testing/,/glucose-testing/,31,,,598,yes,no,
2026-09-25,glucose test pregnancy,phone,next-in-line,/tests/glucose-tests-gestational-diabetes/,/tests/glucose-tests-gestational-diabetes/,13,13,,647,yes,no,
2026-09-25,glucose test pregnancy,desktop,next-in-line,/tests/glucose-tests-gestational-diabetes/,/tests/glucose-tests-gestational-diabetes/,13,,,647,yes,yes,
2026-09-25,glucose testing,phone,category,/glucose-testing/,/glucose-testing/,9,9,,574,yes,no,
2026-09-25,glucose testing,desktop,category,/glucose-testing/,/glucose-testing/,10,,,574,yes,no,
2026-09-25,glucose tolerance test,phone,selling-test-page,/tests/glucose-tolerance-test/,/tests/glucose-tolerance-test/,43,43,,27,yes,no,
2026-09-25,glucose tolerance test,desktop,selling-test-page,/tests/glucose-tolerance-test/,/tests/glucose-tolerance-test/,32,,,27,yes,no,
2026-09-25,gluten allergy test,phone,selling-test-page,/tests/gluten-allergy-test/,/tests/gluten-allergy-test/,31,31,,581,yes,no,
2026-09-25,gluten allergy test,desktop,selling-test-page,/tests/gluten-allergy-test/,/tests/gluten-allergy-test/,27,,,581,yes,no,
2026-09-25,gluten sensitivity test,phone,selling-test-page,/tests/gluten-allergy-test/,,,101,,42,yes,no,
2026-09-25,gluten sensitivity test,desktop,selling-test-page,/tests/gluten-allergy-test/,,,,,42,yes,no,
2026-09-25,gonorrhea,phone,std-pages,/tests/gonorrhea-urine-test/,,,101,,15,yes,no,
2026-09-25,gonorrhea,desktop,std-pages,/tests/gonorrhea-urine-test/,,,,,15,yes,no,
2026-09-25,gonorrhea blood test,phone,std-pages,/std-testing/chlamydia-gonorrhea-test/,/tests/gonorrhea-test/,4,4,,205,no,no,other page ranks
2026-09-25,gonorrhea blood test,desktop,std-pages,/std-testing/chlamydia-gonorrhea-test/,/tests/gonorrhea-test/,4,,,205,yes,yes,
2026-09-25,gonorrhea test,phone,std-pages,/std-testing/chlamydia-gonorrhea-test/,/tests/gonorrhea-test/,5,5,,3255,yes,yes,other page ranks
2026-09-25,gonorrhea test,desktop,std-pages,/std-testing/chlamydia-gonorrhea-test/,/tests/gonorrhea-test/,5,,,3255,yes,yes,
2026-09-25,gonorrhea test for men,phone,std-pages,/tests/gonorrhea-urine-test/,/tests/gonorrhea-test/,8,8,,173,yes,yes,other page ranks
2026-09-25,gonorrhea test for men,desktop,std-pages,/tests/gonorrhea-urine-test/,/tests/gonorrhea-test/,5,,,173,yes,yes,
2026-09-25,gonorrhea testing,phone,std-pages,/std-testing/chlamydia-gonorrhea-test/,/tests/gonorrhea-test/,11,11,,1630,yes,yes,refresh; other page ranks
2026-09-25,gonorrhea testing,desktop,std-pages,/std-testing/chlamydia-gonorrhea-test/,/tests/gonorrhea-test/,22,,,1630,yes,yes,
2026-09-25,gonorrhea urine test,phone,std-pages,/tests/gonorrhea-urine-test/,/tests/gonorrhea-urine-test/,2,2,,132,yes,yes,
2026-09-25,gonorrhea urine test,desktop,std-pages,/tests/gonorrhea-urine-test/,/tests/gonorrhea-urine-test/,2,,,132,yes,yes,
2026-09-25,grape allergy test,phone,not-ranking-yet,/tests/grape-allergy-test/,/tests/grape-allergy-test/,5,5,,4,no,no,
2026-09-25,grape allergy test,desktop,not-ranking-yet,/tests/grape-allergy-test/,/tests/grape-allergy-test/,4,,,4,no,no,
2026-09-25,grapefruit allergy,phone,selling-test-page,/tests/grapefruit-allergy-test/,/tests/grapefruit-allergy-test/,7,7,,54,yes,yes,
2026-09-25,grapefruit allergy,desktop,selling-test-page,/tests/grapefruit-allergy-test/,,,,,54,yes,yes,
2026-09-25,graves disease labs,phone,category,/graves-disease-testing/,/graves-disease-testing/,8,8,,335,yes,no,
2026-09-25,graves disease labs,desktop,category,/graves-disease-testing/,/graves-disease-testing/,11,,,335,yes,no,
2026-09-25,graves disease test,phone,category,/graves-disease-testing/,/graves-disease-testing/,10,10,,225,yes,no,
2026-09-25,graves disease test,desktop,category,/graves-disease-testing/,,,,,225,yes,no,
2026-09-25,growth hormone test,phone,selling-test-page,/tests/growth-hormone/,/tests/growth-hormone/,14,14,,106,yes,yes,
2026-09-25,growth hormone test,desktop,selling-test-page,/tests/growth-hormone/,,,,,106,yes,yes,
2026-09-25,hair follicle drug test,phone,next-in-line,/tests/hair-follicle-drug-test/,/tests/hair-follicle-drug-test/,11,11,,8771,yes,yes,refresh
2026-09-25,hair follicle drug test,desktop,next-in-line,/tests/hair-follicle-drug-test/,,,,,8771,yes,yes,
2026-09-25,haptoglobin,phone,next-in-line,/tests/haptoglobin/,/tests/haptoglobin/,4,4,,13224,yes,yes,
2026-09-25,haptoglobin,desktop,next-in-line,/tests/haptoglobin/,/tests/haptoglobin/,4,,,13224,yes,yes,
2026-09-25,haptoglobin blood test,phone,next-in-line,/tests/haptoglobin/,/tests/haptoglobin/,9,9,,1190,yes,yes,refresh
2026-09-25,haptoglobin blood test,desktop,next-in-line,/tests/haptoglobin/,/tests/haptoglobin/,9,,,1190,yes,yes,
2026-09-25,hashimoto disease,phone,selling-test-page,/tests/thyroid-panel/,,,101,,0,yes,no,
2026-09-25,hashimoto disease,desktop,selling-test-page,/tests/thyroid-panel/,,,,,0,yes,no,
2026-09-25,hav igm,phone,selling-test-page,/tests/hepatitis-a-antibody-test-igm-test/,/tests/hepatitis-a-test/,3,3,,79,no,no,other page ranks
2026-09-25,hav igm,desktop,selling-test-page,/tests/hepatitis-a-antibody-test-igm-test/,/tests/hepatitis-a-test/,3,,,79,yes,yes,
2026-09-25,hazelnut allergy blood test,phone,not-ranking-yet,/tests/hazelnut-allergy-test/,/tests/hazelnut-allergy-test/,2,2,,0,no,no,
2026-09-25,hazelnut allergy blood test,desktop,not-ranking-yet,/tests/hazelnut-allergy-test/,/tests/hazelnut-allergy-test/,5,,,0,no,no,
2026-09-25,hazelnut allergy test,phone,not-ranking-yet,/tests/hazelnut-allergy-test/,/tests/hazelnut-allergy-test/,15,15,,0,no,no,
2026-09-25,hazelnut allergy test,desktop,not-ranking-yet,/tests/hazelnut-allergy-test/,/tests/hazelnut-allergy-test/,15,,,0,no,no,
2026-09-25,hazelnut allergy testing,phone,not-ranking-yet,/tests/hazelnut-allergy-test/,/tests/hazelnut-allergy-test/,15,15,,0,yes,no,
2026-09-25,hazelnut allergy testing,desktop,not-ranking-yet,/tests/hazelnut-allergy-test/,/tests/hazelnut-allergy-test/,14,,,0,yes,no,
2026-09-25,hbsag test,phone,selling-test-page,/tests/hepatitis-b-test/,,,101,,3,yes,no,
2026-09-25,hbsag test,desktop,selling-test-page,/tests/hepatitis-b-test/,/tests/hepatitis-b-test/,17,,,3,yes,no,
2026-09-25,hcg hormone pregnancy test,phone,selling-test-page,/tests/pregnancy-test-hcg/,/tests/pregnancy-test-hcg/,27,27,,562,yes,no,
2026-09-25,hcg hormone pregnancy test,desktop,selling-test-page,/tests/pregnancy-test-hcg/,,,,,562,yes,no,
2026-09-25,hcg quantitative,phone,selling-test-page,/tests/hcg-tumor-marker/,/tests/hcg-tumor-marker/,12,12,,3221,yes,yes,refresh
2026-09-25,hcg quantitative,desktop,selling-test-page,/tests/hcg-tumor-marker/,/tests/hcg-tumor-marker/,10,,,3221,yes,yes,
2026-09-25,hcg quantitative pregnancy,phone,selling-test-page,/tests/hcg-tumor-marker/,/tests/hcg-tumor-marker/,10,10,,576,yes,yes,
2026-09-25,hcg quantitative pregnancy,desktop,selling-test-page,/tests/hcg-tumor-marker/,/tests/hcg-tumor-marker/,12,,,576,yes,yes,
2026-09-25,hcg tumor marker,phone,kept,/tests/hcg-tumor-marker/,/tests/hcg-tumor-marker/,2,2,,309,yes,yes,
2026-09-25,hcg tumor marker,desktop,kept,/tests/hcg-tumor-marker/,/tests/hcg-tumor-marker/,2,,,309,yes,yes,
2026-09-25,hco3,phone,next-in-line,/tests/bicarbonate-total-co2/,/tests/bicarbonate-total-co2/,2,2,,15227,yes,yes,buy button
2026-09-25,hco3,desktop,next-in-line,/tests/bicarbonate-total-co2/,/tests/bicarbonate-total-co2/,2,,,15227,yes,yes,
2026-09-25,hct,phone,next-in-line,/tests/hematocrit/,/tests/hematocrit/,8,8,,16998,yes,yes,refresh
2026-09-25,hct,desktop,next-in-line,/tests/hematocrit/,/tests/hematocrit/,2,,,16998,yes,yes,
2026-09-25,hct blood test,phone,next-in-line,/tests/hematocrit/,/tests/hematocrit/,6,6,,32909,yes,no,
2026-09-25,hct blood test,desktop,next-in-line,/tests/hematocrit/,/tests/hematocrit/,5,,,32909,yes,no,
2026-09-25,hcv ab,phone,selling-test-page,/tests/hepatitis-c-test/,/tests/hepatitis-c-test/,11,11,,1045,yes,yes,refresh
2026-09-25,hcv ab,desktop,selling-test-page,/tests/hepatitis-c-test/,/tests/hepatitis-c-test/,11,,,1045,yes,yes,
2026-09-25,hcv antibody,phone,selling-test-page,/tests/hepatitis-c-test/,/tests/hepatitis-c-test/,8,8,,1372,yes,yes,refresh
2026-09-25,hcv antibody,desktop,selling-test-page,/tests/hepatitis-c-test/,/tests/hepatitis-c-test/,16,,,1372,yes,yes,
2026-09-25,hcv antibody test,phone,kept,/tests/hepatitis-c-test/,/tests/hepatitis-c-test/,16,16,,348,yes,no,
2026-09-25,hcv antibody test,desktop,kept,/tests/hepatitis-c-test/,/tests/hepatitis-c-test/,15,,,348,yes,yes,
2026-09-25,hdl blood test,phone,next-in-line,/tests/hdl-cholesterol/,/tests/hdl-cholesterol/,7,7,,1750,yes,no,
2026-09-25,hdl blood test,desktop,next-in-line,/tests/hdl-cholesterol/,/tests/hdl-cholesterol/,13,,,1750,yes,no,
2026-09-25,hdl cholesterol blood test,phone,next-in-line,/tests/hdl-cholesterol/,/tests/hdl-cholesterol/,10,10,,306,yes,no,
2026-09-25,hdl cholesterol blood test,desktop,next-in-line,/tests/hdl-cholesterol/,/tests/hdl-cholesterol/,10,,,306,yes,no,
2026-09-25,he4 blood test,phone,next-in-line,/tests/human-epididymis-protein-4-he4/,/tests/human-epididymis-protein-4-he4/,1,1,,257,yes,yes,
2026-09-25,he4 blood test,desktop,next-in-line,/tests/human-epididymis-protein-4-he4/,/tests/human-epididymis-protein-4-he4/,2,,,257,yes,yes,
2026-09-25,healthcheck test,phone,category,/health-and-wellness-testing/,,,101,,0,no,no,
2026-09-25,healthcheck test,desktop,category,/health-and-wellness-testing/,,,,,0,no,no,
2026-09-25,heart health blood test,phone,kept,/tests/basic-heart-health-panel/,,,101,,6,yes,no,
2026-09-25,heart health blood test,desktop,kept,/tests/basic-heart-health-panel/,/tests/basic-heart-health-panel/,21,,,6,yes,no,
2026-09-25,heart panel,phone,not-ranking-yet,/tests/expanded-heart-panel/,/tests/expanded-heart-panel/,4,4,,2,yes,yes,
2026-09-25,heart panel,desktop,not-ranking-yet,/tests/expanded-heart-panel/,/tests/expanded-heart-panel/,6,,,2,yes,yes,
2026-09-25,heart panel blood test,phone,not-ranking-yet,/tests/expanded-heart-panel/,/tests/basic-heart-health-panel/,13,13,,1,yes,no,other page ranks
2026-09-25,heart panel blood test,desktop,not-ranking-yet,/tests/expanded-heart-panel/,/tests/basic-heart-health-panel/,13,,,1,yes,no,
2026-09-25,heavy metal testing,phone,category,/heavy-metals-and-toxins-testing/,/heavy-metals-and-toxins-testing/,12,12,,1452,yes,yes,refresh
2026-09-25,heavy metal testing,desktop,category,/heavy-metals-and-toxins-testing/,/tests/heavy-metals/,30,,,1452,yes,yes,
2026-09-25,heavy metals urine test,phone,selling-test-page,/tests/heavy-metals-urine-test/,/tests/heavy-metals-urine-test/,7,7,,87,yes,no,
2026-09-25,heavy metals urine test,desktop,selling-test-page,/tests/heavy-metals-urine-test/,/tests/heavy-metals-urine-test/,8,,,87,yes,no,
2026-09-25,hemoglobin a1c,phone,selling-test-page,/tests/hemoglobin-a1c/,/tests/hemoglobin-a1c/,26,26,,661,yes,no,
2026-09-25,hemoglobin a1c,desktop,selling-test-page,/tests/hemoglobin-a1c/,/tests/hemoglobin-a1c/,28,,,661,yes,no,
2026-09-25,hemoglobin a1c test,phone,kept,/tests/hemoglobin-a1c/,/tests/hemoglobin-a1c/,35,35,,41,yes,no,
2026-09-25,hemoglobin a1c test,desktop,kept,/tests/hemoglobin-a1c/,/tests/hemoglobin-a1c/,60,,,41,yes,no,
2026-09-25,hemoglobin blood test,phone,next-in-line,/tests/hemoglobin/,,,101,,4757,yes,yes,
2026-09-25,hemoglobin blood test,desktop,next-in-line,/tests/hemoglobin/,/tests/hemoglobin/,11,,,4757,yes,yes,
2026-09-25,hep a igm,phone,selling-test-page,/tests/hepatitis-a-antibody-test-igm-test/,/tests/hepatitis-a-antibody-test-igm-test/,4,4,,182,yes,yes,
2026-09-25,hep a igm,desktop,selling-test-page,/tests/hepatitis-a-antibody-test-igm-test/,/tests/hepatitis-a-antibody-test-igm-test/,3,,,182,yes,yes,
2026-09-25,hep a titer,phone,selling-test-page,/tests/hepatitis-a-test/,/tests/hepatitis-a-test/,7,7,,133,yes,no,
2026-09-25,hep a titer,desktop,selling-test-page,/tests/hepatitis-a-test/,/tests/hepatitis-a-test/,7,,,133,yes,no,
2026-09-25,hep b immunity test,phone,selling-test-page,/tests/hepatitis-b-immunity-status-test/,/tests/hepatitis-b-immunity-status-test/,7,7,,249,yes,yes,
2026-09-25,hep b immunity test,desktop,selling-test-page,/tests/hepatitis-b-immunity-status-test/,/tests/hepatitis-b-immunity-status-test/,5,,,249,yes,yes,
2026-09-25,hep b surface antigen,phone,kept,/tests/hepatitis-b-test/,/tests/hepatitis-b-test/,20,20,,42,yes,no,
2026-09-25,hep b surface antigen,desktop,kept,/tests/hepatitis-b-test/,/tests/hepatitis-b-test/,20,,,42,yes,no,
2026-09-25,hepatic function panel,phone,selling-test-page,/tests/liver-panel/,/tests/liver-panel/,11,11,,1939,yes,no,refresh
2026-09-25,hepatic function panel,desktop,selling-test-page,/tests/liver-panel/,/tests/liver-panel/,15,,,1939,yes,yes,
2026-09-25,hepatitis a antibody,phone,selling-test-page,/tests/hepatitis-a-test/,/tests/hepatitis-a-test/,11,11,,232,yes,yes,
2026-09-25,hepatitis a antibody,desktop,selling-test-page,/tests/hepatitis-a-test/,/tests/hepatitis-a-antibody-test-igm-test/,31,,,232,yes,yes,
2026-09-25,hepatitis a igm,phone,selling-test-page,/tests/hepatitis-a-antibody-test-igm-test/,/tests/hepatitis-a-test/,2,2,,194,yes,yes,other page ranks
2026-09-25,hepatitis a igm,desktop,selling-test-page,/tests/hepatitis-a-antibody-test-igm-test/,/tests/hepatitis-a-test/,3,,,194,yes,yes,
2026-09-25,hepatitis a igm test,phone,kept,/tests/hepatitis-a-antibody-test-igm-test/,/tests/hepatitis-a-test/,2,2,,90,no,no,other page ranks
2026-09-25,hepatitis a igm test,desktop,kept,/tests/hepatitis-a-antibody-test-igm-test/,/tests/hepatitis-a-test/,8,,,90,yes,yes,
2026-09-25,hepatitis a test,desktop,leaving,/tests/hepatitis-a-antibody-test-igm-test/,/tests/hepatitis-a-test/,7,,,102,yes,yes,
2026-09-25,hepatitis b core ab total,phone,selling-test-page,/tests/hepatitis-b-core-antibody-test/,/tests/hepatitis-b-core-antibody-test/,6,6,,93,yes,no,
2026-09-25,hepatitis b core ab total,desktop,selling-test-page,/tests/hepatitis-b-core-antibody-test/,/tests/hepatitis-b-core-antibody-test/,13,,,93,yes,no,
2026-09-25,hepatitis b core antibody,phone,selling-test-page,/tests/hepatitis-b-core-antibody-test/,/tests/hepatitis-b-core-antibody-test/,22,22,,97,yes,no,
2026-09-25,hepatitis b core antibody,desktop,selling-test-page,/tests/hepatitis-b-core-antibody-test/,/tests/hepatitis-b-core-antibody-test/,21,,,97,yes,no,
2026-09-25,hepatitis b core antibody test,phone,selling-test-page,/tests/hepatitis-b-core-antibody-test/,/tests/hepatitis-b-core-antibody-test/,2,2,,89,yes,no,
2026-09-25,hepatitis b core antibody test,desktop,selling-test-page,/tests/hepatitis-b-core-antibody-test/,/tests/hepatitis-b-core-antibody-test/,8,,,89,yes,no,
2026-09-25,hepatitis b immunity,phone,selling-test-page,/tests/hepatitis-b-immunity-status-test/,/tests/hepatitis-b-immunity-status-test/,18,18,,342,yes,no,
2026-09-25,hepatitis b immunity,desktop,selling-test-page,/tests/hepatitis-b-immunity-status-test/,/tests/hepatitis-b-immunity-status-test/,22,,,342,yes,no,
2026-09-25,hepatitis b immunity test,phone,selling-test-page,/tests/hepatitis-b-immunity-status-test/,/tests/hepatitis-b-immunity-status-test/,7,7,,179,yes,yes,
2026-09-25,hepatitis b immunity test,desktop,selling-test-page,/tests/hepatitis-b-immunity-status-test/,/tests/hepatitis-b-immunity-status-test/,5,,,179,yes,yes,
2026-09-25,hepatitis b surface antibody,phone,selling-test-page,/tests/hepatitis-b-test/,/tests/hepatitis-b-test/,40,40,,13,yes,no,
2026-09-25,hepatitis b surface antibody,desktop,selling-test-page,/tests/hepatitis-b-test/,,,,,13,yes,no,
2026-09-25,hepatitis b test,phone,selling-test-page,/tests/hepatitis-b-test/,/tests/hepatitis-b-test/,11,11,,295,yes,yes,
2026-09-25,hepatitis b test,desktop,selling-test-page,/tests/hepatitis-b-test/,,,,,295,yes,yes,
2026-09-25,hepatitis blood test,phone,category,/hepatitis-testing/,/tests/hepatitis-testing/,16,16,,200,yes,no,other page ranks
2026-09-25,hepatitis blood test,desktop,category,/hepatitis-testing/,/tests/hepatitis-testing/,16,,,200,yes,no,
2026-09-25,hepatitis c antibody test,phone,selling-test-page,/tests/hepatitis-c-test/,/tests/hepatitis-c-test/,20,20,,457,yes,no,
2026-09-25,hepatitis c antibody test,desktop,selling-test-page,/tests/hepatitis-c-test/,/tests/hepatitis-c-test/,19,,,457,yes,yes,
2026-09-25,hepatitis c test,phone,kept,/tests/hepatitis-c-test/,/tests/hepatitis-c-test/,31,31,,195,yes,no,
2026-09-25,hepatitis c test,desktop,kept,/tests/hepatitis-c-test/,/tests/at-home-hepatitis-c-test/,89,,,195,yes,no,
2026-09-25,hepatitis panel,phone,selling-test-page,/tests/acute-viral-hepatitis-panel/,/tests/acute-viral-hepatitis-panel/,10,10,,585,yes,yes,
2026-09-25,hepatitis panel,desktop,selling-test-page,/tests/acute-viral-hepatitis-panel/,/tests/acute-viral-hepatitis-panel/,15,,,585,yes,yes,
2026-09-25,hepatitis panel test,phone,kept,/hepatitis-testing/,/tests/acute-viral-hepatitis-panel/,21,21,,236,yes,yes,other page ranks
2026-09-25,hepatitis panel test,desktop,kept,/hepatitis-testing/,/hepatitis-testing/,57,,,236,yes,yes,
2026-09-25,hepatitis test,phone,category,/hepatitis-testing/,/tests/hepatitis-testing/,14,14,,155,yes,no,other page ranks
2026-09-25,hepatitis test,desktop,category,/hepatitis-testing/,/tests/hepatitis-testing/,14,,,155,yes,no,
2026-09-25,herpes 1 test,phone,std-pages,/std-testing/hsv-1-test/,/std-testing/hsv-1-test/,9,9,,138,yes,yes,
2026-09-25,herpes 1 test,desktop,std-pages,/std-testing/hsv-1-test/,/std-testing/hsv-1-test/,9,,,138,yes,yes,
2026-09-25,herpes swab test,phone,std-pages,/std-testing/hsv-1-test/,/std-testing/hsv-2-test/,53,53,,2,yes,no,other page ranks
2026-09-25,herpes swab test,desktop,std-pages,/std-testing/hsv-1-test/,/std-testing/hsv-2-test/,8,,,2,yes,no,
2026-09-25,herpes test,phone,selling-test-page,/std-testing/herpes-1-2-test/,/std-testing/hsv-2-test/,13,13,,3646,yes,no,refresh; other page ranks
2026-09-25,herpes test,desktop,selling-test-page,/std-testing/herpes-1-2-test/,/std-testing/hsv-1-test/,17,,,3646,yes,no,
2026-09-25,herpes testing cost,phone,std-pages,/std-test-pricing/,/std-test-pricing/,2,2,,6550,no,no,
2026-09-25,herpes testing cost,desktop,std-pages,/std-test-pricing/,/std-test-pricing/,2,,,6550,no,no,
2026-09-25,hgb blood test,phone,next-in-line,/tests/hemoglobin/,,,101,,20853,yes,yes,
2026-09-25,hgb blood test,desktop,next-in-line,/tests/hemoglobin/,/tests/hemoglobin/,8,,,20853,yes,yes,
2026-09-25,hgh,phone,selling-test-page,/tests/growth-hormone/,,,101,,104,yes,no,
2026-09-25,hgh,desktop,selling-test-page,/tests/growth-hormone/,,,,,104,yes,no,
2026-09-25,hgh test,phone,selling-test-page,/tests/growth-hormone/,/tests/growth-hormone/,7,7,,120,yes,yes,
2026-09-25,hgh test,desktop,selling-test-page,/tests/growth-hormone/,/tests/growth-hormone/,8,,,120,yes,yes,
2026-09-25,high copper levels in blood,phone,kept,/tests/copper/,/tests/copper/,19,19,,43,yes,no,
2026-09-25,high copper levels in blood,desktop,kept,/tests/copper/,/tests/copper/,19,,,43,yes,no,
2026-09-25,high risk hpv,phone,std-pages,/tests/hpv-test/,/tests/hpv-test/,32,32,,12,yes,no,
2026-09-25,high risk hpv,desktop,std-pages,/tests/hpv-test/,/tests/hpv-test/,30,,,12,yes,no,
2026-09-25,high sensitivity crp,phone,selling-test-page,/tests/high-sensitivity-c-reactive-protein-hs-crp/,/tests/high-sensitivity-c-reactive-protein-hs-crp/,13,13,,1440,yes,no,refresh
2026-09-25,high sensitivity crp,desktop,selling-test-page,/tests/high-sensitivity-c-reactive-protein-hs-crp/,/tests/high-sensitivity-c-reactive-protein-hs-crp/,13,,,1440,yes,no,
2026-09-25,hiv 1 and 2 test,phone,std-pages,/tests/hiv-test/,/tests/hiv-test/,2,2,,167,yes,yes,
2026-09-25,hiv 1 and 2 test,desktop,std-pages,/tests/hiv-test/,/tests/hiv-test/,3,,,167,yes,yes,
2026-09-25,hiv 1/2 ag/ab 4th gen,phone,std-pages,/tests/hiv-test/,/std-testing/hiv-4th-generation-test/,7,7,,52,yes,yes,other page ranks
2026-09-25,hiv 1/2 ag/ab 4th gen,desktop,std-pages,/tests/hiv-test/,/std-testing/hiv-4th-generation-test/,7,,,52,yes,yes,
2026-09-25,hiv 1/2 antigen/antibody,phone,std-pages,/tests/hiv-test/,/std-testing/hiv-4th-generation-test/,10,10,,4,yes,yes,other page ranks
2026-09-25,hiv 1/2 antigen/antibody,desktop,std-pages,/tests/hiv-test/,/std-testing/hiv-4th-generation-test/,8,,,4,yes,yes,
2026-09-25,hiv 4th generation test,phone,selling-test-page,/std-testing/hiv-4th-generation-test/,/std-testing/hiv-4th-generation-test/,1,1,,360,yes,yes,
2026-09-25,hiv 4th generation test,desktop,selling-test-page,/std-testing/hiv-4th-generation-test/,/std-testing/hiv-4th-generation-test/,1,,,360,yes,yes,
2026-09-25,hiv ag/ab,phone,selling-test-page,/std-testing/hiv-4th-generation-test/,/std-testing/hiv-4th-generation-test/,16,16,,137,yes,no,
2026-09-25,hiv ag/ab,desktop,selling-test-page,/std-testing/hiv-4th-generation-test/,/std-testing/hiv-4th-generation-test/,16,,,137,yes,no,
2026-09-25,hiv early detection test,phone,std-pages,/tests/hiv-viral-load/,,,101,,60,yes,no,
2026-09-25,hiv early detection test,desktop,std-pages,/tests/hiv-viral-load/,,,,,60,yes,no,
2026-09-25,hiv i and 2,phone,std-pages,/tests/hiv-test/,/tests/hiv-test/,20,20,,485,yes,no,
2026-09-25,hiv i and 2,desktop,std-pages,/tests/hiv-test/,/tests/hiv-test/,20,,,485,yes,no,
2026-09-25,hiv rna,phone,std-pages,/tests/hiv-viral-load/,/tests/hiv-viral-load/,43,43,,4,yes,no,
2026-09-25,hiv rna,desktop,std-pages,/tests/hiv-viral-load/,/tests/hiv-viral-load/,42,,,4,yes,no,
2026-09-25,hiv rna early detection,phone,std-pages,/tests/hiv-viral-load/,/tests/hiv-viral-load/,10,10,,160,yes,no,
2026-09-25,hiv rna early detection,desktop,std-pages,/tests/hiv-viral-load/,/tests/hiv-viral-load/,7,,,160,yes,no,
2026-09-25,hiv rna test,phone,std-pages,/tests/hiv-viral-load/,,,101,,170,yes,yes,
2026-09-25,hiv rna test,desktop,std-pages,/tests/hiv-viral-load/,,,,,170,yes,yes,
2026-09-25,hiv rna testing,phone,std-pages,/tests/hiv-viral-load/,/tests/hiv-viral-load/,16,16,,59,yes,yes,
2026-09-25,hiv rna testing,desktop,std-pages,/tests/hiv-viral-load/,,,,,59,yes,yes,
2026-09-25,hiv screening,phone,std-pages,/tests/hiv-test/,/tests/hiv-test/,30,30,,338,yes,no,
2026-09-25,hiv screening,desktop,std-pages,/tests/hiv-test/,/tests/hiv-test/,28,,,338,yes,no,
2026-09-25,hiv test,phone,kept,(city pages),/tests/hiv-test/,24,24,,53,yes,no,other page ranks
2026-09-25,hiv test,desktop,kept,(city pages),/tests/hiv-test/,38,,,53,yes,no,
2026-09-25,hiv viral load,phone,std-pages,/tests/hiv-viral-load/,/tests/hiv-viral-load/,31,31,,0,yes,no,
2026-09-25,hiv viral load,desktop,std-pages,/tests/hiv-viral-load/,/tests/hiv-viral-load/,29,,,0,yes,no,
2026-09-25,hiv viral load test,phone,std-pages,/tests/hiv-viral-load/,/tests/hiv-viral-load/,18,18,,25,yes,no,
2026-09-25,hiv viral load test,desktop,std-pages,/tests/hiv-viral-load/,/tests/hiv-viral-load/,25,,,25,yes,no,
2026-09-25,hla b27 test,phone,next-in-line,/tests/hla-b27/,/tests/hla-b27/,8,8,,1063,yes,yes,refresh
2026-09-25,hla b27 test,desktop,next-in-line,/tests/hla-b27/,/tests/hla-b27/,14,,,1063,yes,yes,
2026-09-25,hla-b27 antigen,phone,next-in-line,/tests/hla-b27/,/tests/hla-b27/,3,3,,1560,yes,no,
2026-09-25,hla-b27 antigen,desktop,next-in-line,/tests/hla-b27/,/tests/hla-b27/,11,,,1560,yes,yes,
2026-09-25,homocysteine,phone,selling-test-page,/tests/homocysteine/,/tests/homocysteine/,24,24,,1135,yes,no,
2026-09-25,homocysteine,desktop,selling-test-page,/tests/homocysteine/,/tests/homocysteine/,17,,,1135,yes,no,
2026-09-25,homocysteine blood test,phone,selling-test-page,/tests/homocysteine/,/tests/homocysteine/,4,4,,5163,yes,yes,
2026-09-25,homocysteine blood test,desktop,selling-test-page,/tests/homocysteine/,/tests/homocysteine/,9,,,5163,yes,yes,
2026-09-25,homocysteine test,phone,selling-test-page,/tests/homocysteine/,/tests/homocysteine/,6,6,,2951,yes,yes,
2026-09-25,homocysteine test,desktop,selling-test-page,/tests/homocysteine/,/tests/homocysteine/,6,,,2951,yes,yes,
2026-09-25,hormonal imbalance test,phone,category,/hormone-imbalance-and-hormone-level-testing/,/hormone-imbalance-and-hormone-level-testing/,3,3,,322,yes,yes,
2026-09-25,hormonal imbalance test,desktop,category,/hormone-imbalance-and-hormone-level-testing/,/hormone-imbalance-and-hormone-level-testing/,3,,,322,yes,yes,
2026-09-25,hormone imbalance test,phone,category,/hormone-imbalance-and-hormone-level-testing/,/hormone-imbalance-and-hormone-level-testing/,4,4,,443,yes,yes,
2026-09-25,hormone imbalance test,desktop,category,/hormone-imbalance-and-hormone-level-testing/,/hormone-imbalance-and-hormone-level-testing/,3,,,443,yes,yes,
2026-09-25,hormone panel,phone,next-in-line,/tests/female-hormone-panel/,/tests/female-hormone-panel/,4,4,,1583,yes,no,
2026-09-25,hormone panel,desktop,next-in-line,/tests/female-hormone-panel/,/hormone-imbalance-and-hormone-level-testing/,4,,,1583,yes,no,
2026-09-25,hormone panel for women,phone,category,/hormone-test-for-women/,/tests/female-hormone-panel/,5,5,,1862,no,no,other page ranks
2026-09-25,hormone panel for women,desktop,category,/hormone-test-for-women/,/tests/female-hormone-panel/,5,,,1862,yes,yes,
2026-09-25,hormone test,phone,category,/hormone-testing/,/hormone-imbalance-and-hormone-level-testing/,6,6,,1875,yes,yes,other page ranks
2026-09-25,hormone test,desktop,category,/hormone-testing/,/hormone-imbalance-and-hormone-level-testing/,6,,,1875,yes,yes,
2026-09-25,hormone testing,phone,category,/hormone-testing/,/hormone-imbalance-and-hormone-level-testing/,6,6,,4708,yes,yes,other page ranks
2026-09-25,hormone testing,desktop,category,/hormone-testing/,/hormone-imbalance-and-hormone-level-testing/,11,,,4708,yes,yes,
2026-09-25,hormone testing for women,phone,category,/hormone-test-for-women/,/hormone-test-for-women/,7,7,,6218,yes,yes,
2026-09-25,hormone testing for women,desktop,category,/hormone-test-for-women/,/hormone-test-for-women/,7,,,6218,yes,yes,
2026-09-25,hpv,phone,std-pages,/tests/hpv-test/,,,101,,0,yes,no,
2026-09-25,hpv,desktop,std-pages,/tests/hpv-test/,,,,,0,yes,no,
2026-09-25,hpv 18,phone,std-pages,/tests/hpv-test/,/tests/hpv-test/,71,71,,0,no,no,
2026-09-25,hpv 18,desktop,std-pages,/tests/hpv-test/,/tests/hpv-test/,73,,,0,no,no,
2026-09-25,hpv blood test,phone,std-pages,/tests/hpv-test/,/tests/hpv-test/,5,5,,433,yes,yes,
2026-09-25,hpv blood test,desktop,std-pages,/tests/hpv-test/,/tests/hpv-test/,5,,,433,yes,yes,
2026-09-25,hpv strains,phone,std-pages,/tests/hpv-test/,/tests/hpv-test/,33,33,,7,yes,no,
2026-09-25,hpv strains,desktop,std-pages,/tests/hpv-test/,/tests/hpv-test/,26,,,7,yes,no,
2026-09-25,hpv test,phone,std-pages,/tests/hpv-test/,,,101,,1406,no,no,
2026-09-25,hpv test,desktop,std-pages,/tests/hpv-test/,/tests/at-home-human-papillomavirus-hpv-test/,13,,,1406,yes,no,
2026-09-25,hpv test for men,phone,std-pages,/tests/hpv-test/,/tests/hpv-test/,46,46,,6,yes,no,
2026-09-25,hpv test for men,desktop,std-pages,/tests/hpv-test/,/tests/hpv-test/,36,,,6,yes,no,
2026-09-25,hpv testing,phone,std-pages,/tests/hpv-test/,/tests/at-home-human-papillomavirus-hpv-test/,14,14,,141,yes,no,other page ranks
2026-09-25,hpv testing,desktop,std-pages,/tests/hpv-test/,/tests/at-home-human-papillomavirus-hpv-test/,25,,,141,yes,no,
2026-09-25,hscrp test,phone,kept,/tests/high-sensitivity-c-reactive-protein-hs-crp/,/tests/high-sensitivity-c-reactive-protein-hs-crp/,15,15,,1305,yes,yes,refresh
2026-09-25,hscrp test,desktop,kept,/tests/high-sensitivity-c-reactive-protein-hs-crp/,/tests/high-sensitivity-c-reactive-protein-hs-crp/,14,,,1305,yes,yes,
2026-09-25,hsv 1 antibodies,phone,std-pages,/std-testing/hsv-1-test/,/std-testing/hsv-1-test/,4,4,,71,yes,yes,
2026-09-25,hsv 1 antibodies,desktop,std-pages,/std-testing/hsv-1-test/,/std-testing/hsv-1-test/,4,,,71,yes,yes,
2026-09-25,hsv 1 test,phone,std-pages,/std-testing/hsv-1-test/,/std-testing/hsv-1-test/,6,6,,429,yes,yes,
2026-09-25,hsv 1 test,desktop,std-pages,/std-testing/hsv-1-test/,/std-testing/hsv-1-test/,7,,,429,yes,yes,
2026-09-25,hsv blood test,phone,std-pages,/std-testing/hsv-2-test/,/std-testing/hsv-2-test/,8,8,,408,yes,yes,
2026-09-25,hsv blood test,desktop,std-pages,/std-testing/hsv-2-test/,/std-testing/hsv-2-test/,8,,,408,yes,yes,
2026-09-25,hsv test,phone,selling-test-page,/std-testing/herpes-1-2-test/,/std-testing/hsv-1-test/,7,7,,1862,yes,yes,other page ranks
2026-09-25,hsv test,desktop,selling-test-page,/std-testing/herpes-1-2-test/,/std-testing/hsv-1-test/,7,,,1862,yes,yes,
2026-09-25,hsv1,phone,std-pages,/std-testing/hsv-1-test/,,,101,,2,yes,no,
2026-09-25,hsv1,desktop,std-pages,/std-testing/hsv-1-test/,,,,,2,yes,no,
2026-09-25,hsv1 blood test,phone,std-pages,/std-testing/hsv-1-test/,/std-testing/hsv-1-test/,2,2,,69,yes,yes,
2026-09-25,hsv1 blood test,desktop,std-pages,/std-testing/hsv-1-test/,/std-testing/hsv-1-test/,4,,,69,yes,yes,
2026-09-25,hsv1 testing,phone,std-pages,/std-testing/hsv-1-test/,/std-testing/hsv-1-test/,1,1,,117,yes,yes,
2026-09-25,hsv1 testing,desktop,std-pages,/std-testing/hsv-1-test/,/std-testing/hsv-1-test/,1,,,117,yes,yes,
2026-09-25,hsv2 test,phone,std-pages,/std-testing/hsv-2-test/,/std-testing/hsv-2-test/,9,9,,367,yes,yes,
2026-09-25,hsv2 test,desktop,std-pages,/std-testing/hsv-2-test/,/std-testing/hsv-2-test/,9,,,367,yes,yes,
2026-09-25,hsv2 testing,phone,std-pages,/std-testing/hsv-2-test/,/std-testing/hsv-2-test/,11,11,,184,yes,yes,
2026-09-25,hsv2 testing,desktop,std-pages,/std-testing/hsv-2-test/,/std-testing/hsv-2-test/,18,,,184,yes,yes,
2026-09-25,htlv,phone,selling-test-page,/tests/human-t-cell-lymphotropic-virus-htlv-testing/,/tests/human-t-cell-lymphotropic-virus-htlv-testing/,14,14,,201,yes,no,
2026-09-25,htlv,desktop,selling-test-page,/tests/human-t-cell-lymphotropic-virus-htlv-testing/,/tests/human-t-cell-lymphotropic-virus-htlv-testing/,15,,,201,yes,no,
2026-09-25,htlv blood test,phone,selling-test-page,/tests/human-t-cell-lymphotropic-virus-htlv-testing/,/tests/human-t-cell-lymphotropic-virus-htlv-testing/,1,1,,124,yes,yes,
2026-09-25,htlv blood test,desktop,selling-test-page,/tests/human-t-cell-lymphotropic-virus-htlv-testing/,/tests/human-t-cell-lymphotropic-virus-htlv-testing/,1,,,124,yes,yes,
2026-09-25,htlv test,phone,selling-test-page,/tests/human-t-cell-lymphotropic-virus-htlv-testing/,/tests/human-t-cell-lymphotropic-virus-htlv-testing/,1,1,,141,yes,yes,
2026-09-25,htlv test,desktop,selling-test-page,/tests/human-t-cell-lymphotropic-virus-htlv-testing/,/tests/human-t-cell-lymphotropic-virus-htlv-testing/,1,,,141,yes,yes,
2026-09-25,htlv-i ii antibody,desktop,leaving,/tests/human-t-cell-lymphotropic-virus-htlv-testing/,/tests/human-t-cell-lymphotropic-virus-htlv-testing/,2,,,32,yes,yes,
2026-09-25,human chorionic gonadotropin test,phone,kept,/tests/pregnancy-test-hcg/,/tests/pregnancy-test-hcg/,20,20,,47,yes,no,
2026-09-25,human chorionic gonadotropin test,desktop,kept,/tests/pregnancy-test-hcg/,/tests/pregnancy-test-hcg/,27,,,47,yes,no,
2026-09-25,human epididymis protein 4,phone,next-in-line,/tests/human-epididymis-protein-4-he4/,/tests/human-epididymis-protein-4-he4/,5,5,,198,yes,yes,
2026-09-25,human epididymis protein 4,desktop,next-in-line,/tests/human-epididymis-protein-4-he4/,/tests/human-epididymis-protein-4-he4/,6,,,198,yes,yes,
2026-09-25,human nuclear antigen antibody,phone,next-in-line,/tests/extractable-nuclear-antigen-antibodies-ena-panel/,/tests/antinuclear-antibody-ana/,82,82,,61,no,no,other page ranks
2026-09-25,human nuclear antigen antibody,desktop,next-in-line,/tests/extractable-nuclear-antigen-antibodies-ena-panel/,/tests/extractable-nuclear-antigen-antibodies-ena-panel/,43,,,61,no,no,
2026-09-25,hydroxyprogesterone,phone,next-in-line,/tests/17-hydroxyprogesterone/,/tests/17-hydroxyprogesterone/,7,7,,1671,yes,yes,
2026-09-25,hydroxyprogesterone,desktop,next-in-line,/tests/17-hydroxyprogesterone/,/tests/17-hydroxyprogesterone/,9,,,1671,yes,yes,
2026-09-25,identification of a disease,phone,category,/disease-detection-and-monitoring-testing/,/disease-detection-and-monitoring-testing/,9,9,,45,yes,yes,
2026-09-25,identification of a disease,desktop,category,/disease-detection-and-monitoring-testing/,/disease-detection-and-monitoring-testing/,10,,,45,yes,yes,
2026-09-25,ig blood test,phone,selling-test-page,/tests/immunoglobulins-iga-igg-igm/,/tests/immunoglobulins-iga-igg-igm/,7,7,,197,yes,no,
2026-09-25,ig blood test,desktop,selling-test-page,/tests/immunoglobulins-iga-igg-igm/,/tests/immunoglobulins-iga-igg-igm/,8,,,197,yes,no,
2026-09-25,iga blood test,phone,selling-test-page,/tests/immunoglobulins-iga-igg-igm/,/tests/immunoglobulins-iga-igg-igm/,18,18,,1472,yes,no,
2026-09-25,iga blood test,desktop,selling-test-page,/tests/immunoglobulins-iga-igg-igm/,/tests/immunoglobulins-iga-igg-igm/,19,,,1472,yes,no,
2026-09-25,ige blood test,phone,selling-test-page,/tests/total-ige/,/tests/total-ige/,13,13,,1308,yes,yes,refresh
2026-09-25,ige blood test,desktop,selling-test-page,/tests/total-ige/,/tests/total-ige/,15,,,1308,yes,yes,
2026-09-25,igf 1 test,desktop,leaving,/tests/insulin-growth-factor-1-igf-1/,/tests/insulin-growth-factor-1-igf-1/,11,,,301,yes,no,
2026-09-25,igf-1,phone,selling-test-page,/tests/insulin-growth-factor-1-igf-1/,/tests/insulin-growth-factor-1-igf-1/,17,17,,3390,yes,no,
2026-09-25,igf-1,desktop,selling-test-page,/tests/insulin-growth-factor-1-igf-1/,/tests/insulin-growth-factor-1-igf-1/,17,,,3390,yes,no,
2026-09-25,igf-1 test,phone,kept,/tests/insulin-growth-factor-1-igf-1/,/tests/insulin-growth-factor-1-igf-1/,11,11,,317,yes,no,
2026-09-25,igf-1 test,desktop,kept,/tests/insulin-growth-factor-1-igf-1/,/tests/insulin-growth-factor-1-igf-1/,11,,,317,yes,no,
2026-09-25,igm blood test,phone,selling-test-page,/tests/immunoglobulins-iga-igg-igm/,/tests/immunoglobulins-iga-igg-igm/,14,14,,43,yes,no,
2026-09-25,igm blood test,desktop,selling-test-page,/tests/immunoglobulins-iga-igg-igm/,/tests/immunoglobulins-iga-igg-igm/,14,,,43,yes,no,
2026-09-25,igra,phone,next-in-line,/tests/igra-tb-test/,,,101,,2340,yes,yes,
2026-09-25,igra,desktop,next-in-line,/tests/igra-tb-test/,,,,,2340,yes,no,
2026-09-25,igra test,phone,next-in-line,/tests/igra-tb-test/,/tests/igra-tb-test/,3,3,,2158,yes,no,buy button
2026-09-25,igra test,desktop,next-in-line,/tests/igra-tb-test/,/tests/igra-tb-test/,11,,,2158,yes,no,
2026-09-25,il-6,phone,next-in-line,/tests/interleukin-6/,/tests/interleukin-6/,5,5,,2477,yes,no,
2026-09-25,il-6,desktop,next-in-line,/tests/interleukin-6/,/tests/interleukin-6/,5,,,2477,yes,no,
2026-09-25,immunity blood test,phone,category,/immunity-testing/,/tests/immunity-testing/,3,3,,64,yes,no,other page ranks
2026-09-25,immunity blood test,desktop,category,/immunity-testing/,/tests/immunity-testing/,3,,,64,yes,no,
2026-09-25,immunity test,phone,category,/immunity-testing/,/tests/immunity-testing/,2,2,,5951,yes,yes,buy button; other page ranks
2026-09-25,immunity test,desktop,category,/immunity-testing/,/tests/immunity-testing/,2,,,5951,yes,yes,
2026-09-25,immunoglobulin blood test,phone,kept,/tests/immunoglobulins-iga-igg-igm/,/tests/immunoglobulins-iga-igg-igm/,3,3,,354,yes,yes,
2026-09-25,immunoglobulin blood test,desktop,kept,/tests/immunoglobulins-iga-igg-igm/,/tests/immunoglobulins-iga-igg-igm/,3,,,354,yes,yes,
2026-09-25,immunoglobulin test,phone,kept,/tests/immunoglobulins-iga-igg-igm/,/tests/immunoglobulins-iga-igg-igm/,3,3,,118,yes,yes,
2026-09-25,immunoglobulin test,desktop,kept,/tests/immunoglobulins-iga-igg-igm/,/tests/immunoglobulins-iga-igg-igm/,7,,,118,yes,yes,
2026-09-25,immunoglobulin testing,phone,kept,/tests/immunoglobulins-iga-igg-igm/,/tests/immunoglobulins-iga-igg-igm/,2,2,,59,yes,yes,
2026-09-25,immunoglobulin testing,desktop,kept,/tests/immunoglobulins-iga-igg-igm/,/tests/immunoglobulins-iga-igg-igm/,3,,,59,yes,yes,
2026-09-25,infectious disease testing,phone,category,/infectious-disease-testing/,/tests/infectious-disease-testing/,9,9,,159,yes,no,other page ranks
2026-09-25,infectious disease testing,desktop,category,/infectious-disease-testing/,/tests/infectious-disease-testing/,14,,,159,yes,no,
2026-09-25,inflammation test,phone,category,/inflammation-and-autoimmune-testing/,/tests/inflammation-and-autoimmune-testing/,8,8,,397,yes,no,other page ranks
2026-09-25,inflammation test,desktop,category,/inflammation-and-autoimmune-testing/,/tests/inflammation-and-autoimmune-testing/,8,,,397,yes,no,
2026-09-25,insulin blood test,phone,selling-test-page,/tests/fasting-insulin-test/,/tests/fasting-insulin-test/,6,6,,1248,yes,yes,
2026-09-25,insulin blood test,desktop,selling-test-page,/tests/fasting-insulin-test/,/tests/fasting-insulin-test/,10,,,1248,yes,yes,
2026-09-25,insulin like growth factor 1,phone,kept,/tests/insulin-growth-factor-1-igf-1/,/tests/insulin-growth-factor-1-igf-1/,17,17,,70,yes,no,
2026-09-25,insulin like growth factor 1,desktop,kept,/tests/insulin-growth-factor-1-igf-1/,/tests/insulin-growth-factor-1-igf-1/,17,,,70,yes,no,
2026-09-25,insulin random blood test,phone,selling-test-page,/tests/insulin/,/tests/fasting-insulin-test/,2,2,,21,yes,no,other page ranks
2026-09-25,insulin random blood test,desktop,selling-test-page,/tests/insulin/,/tests/fasting-insulin-test/,2,,,21,yes,yes,
2026-09-25,insulin test,phone,kept,/tests/fasting-insulin-test/,/tests/fasting-insulin-test/,12,12,,1743,yes,yes,refresh
2026-09-25,insulin test,desktop,kept,/tests/fasting-insulin-test/,/tests/fasting-insulin-test/,5,,,1743,yes,yes,
2026-09-25,insulin-like growth factor 1,desktop,leaving,/tests/insulin-growth-factor-1-igf-1/,/tests/insulin-growth-factor-1-igf-1/,36,,,47,yes,no,
2026-09-25,intrinsic factor,phone,next-in-line,/tests/intrinsic-factor-antibody/,/tests/intrinsic-factor-antibody/,4,4,,4015,yes,yes,
2026-09-25,intrinsic factor,desktop,next-in-line,/tests/intrinsic-factor-antibody/,/tests/intrinsic-factor-antibody/,4,,,4015,yes,yes,
2026-09-25,intrinsic factor blocking antibody,phone,next-in-line,/tests/intrinsic-factor-antibody/,/tests/intrinsic-factor-antibody/,1,1,,1083,yes,yes,
2026-09-25,intrinsic factor blocking antibody,desktop,next-in-line,/tests/intrinsic-factor-antibody/,/tests/intrinsic-factor-antibody/,3,,,1083,yes,yes,
2026-09-25,ionized calcium test,phone,selling-test-page,/tests/calcium/,/tests/calcium/,27,27,,5,yes,no,
2026-09-25,ionized calcium test,desktop,selling-test-page,/tests/calcium/,/tests/calcium/,29,,,5,yes,no,
2026-09-25,iron blood test,phone,selling-test-page,/tests/iron/,/tests/ferritin/,57,57,,2551,yes,yes,other page ranks
2026-09-25,iron blood test,desktop,selling-test-page,/tests/iron/,/tests/iron/,15,,,2551,yes,yes,
2026-09-25,iron panel,phone,selling-test-page,/tests/iron/,/tests/transferrin-and-iron-binding-capacity-tibc-uibc/,60,60,,578,yes,no,other page ranks
2026-09-25,iron panel,desktop,selling-test-page,/tests/iron/,/tests/transferrin-and-iron-binding-capacity-tibc-uibc/,37,,,578,yes,yes,
2026-09-25,iron test,phone,selling-test-page,/tests/iron/,/tests/iron/,11,11,,678,yes,yes,
2026-09-25,iron test,desktop,selling-test-page,/tests/iron/,/tests/iron/,18,,,678,yes,yes,
2026-09-25,jak2,phone,next-in-line,/tests/jak2-mutation/,/tests/jak2-mutation/,5,5,,1336,yes,yes,
2026-09-25,jak2,desktop,next-in-line,/tests/jak2-mutation/,/tests/jak2-mutation/,5,,,1336,yes,yes,
2026-09-25,jak2 mutation,phone,next-in-line,/tests/jak2-mutation/,/tests/jak2-mutation/,16,16,,1610,yes,yes,
2026-09-25,jak2 mutation,desktop,next-in-line,/tests/jak2-mutation/,,,,,1610,yes,no,
2026-09-25,kidney blood test,phone,selling-test-page,/tests/renal-panel/,/tests/renal-panel/,9,9,,792,yes,no,
2026-09-25,kidney blood test,desktop,selling-test-page,/tests/renal-panel/,/tests/renal-panel/,11,,,792,yes,no,
2026-09-25,kidney function test,phone,selling-test-page,/tests/kidney-function-test/,/tests/renal-panel/,14,14,,823,yes,no,other page ranks
2026-09-25,kidney function test,desktop,selling-test-page,/tests/kidney-function-test/,/tests/renal-panel/,14,,,823,yes,no,
2026-09-25,kidney panel,phone,selling-test-page,/tests/kidney-function-test/,/tests/renal-panel/,7,7,,236,yes,yes,other page ranks
2026-09-25,kidney panel,desktop,selling-test-page,/tests/kidney-function-test/,/tests/renal-panel/,5,,,236,yes,yes,
2026-09-25,lab test for latex allergy,phone,not-ranking-yet,/tests/latex-allergy-test/,/tests/latex-allergy-test/,19,19,,0,no,no,
2026-09-25,lab test for latex allergy,desktop,not-ranking-yet,/tests/latex-allergy-test/,/tests/latex-allergy-test/,20,,,0,no,no,
2026-09-25,lab test for psa,phone,selling-test-page,/tests/prostate-specific-antigen-psa/,/tests/prostate-specific-antigen-psa/,16,16,,542,yes,no,
2026-09-25,lab test for psa,desktop,selling-test-page,/tests/prostate-specific-antigen-psa/,/tests/prostate-specific-antigen-psa/,18,,,542,yes,no,
2026-09-25,lab tests online,phone,brand,/,/,1,1,,591,no,no,
2026-09-25,lab tests online,desktop,brand,/,/,1,,,591,no,no,
2026-09-25,lab tests online website,phone,brand,/,/,1,1,,36,yes,yes,
2026-09-25,lab tests online website,desktop,brand,/,/,1,,,36,yes,yes,
2026-09-25,labs for gout,phone,category,/gout-testing/,/gout-testing/,5,5,,204,yes,yes,
2026-09-25,labs for gout,desktop,category,/gout-testing/,/gout-testing/,6,,,204,yes,yes,
2026-09-25,labtestsonline,phone,brand,/,/,1,1,,206,no,no,
2026-09-25,labtestsonline,desktop,brand,/,/,1,,,206,no,no,
2026-09-25,labtestsonline.org,phone,brand,/,/news/labtestsonline-org-is-now-testing-com/,3,3,,46,no,no,
2026-09-25,labtestsonline.org,desktop,brand,/,/news/labtestsonline-org-is-now-testing-com/,3,,,46,no,no,
2026-09-25,lactate,phone,next-in-line,/tests/lactate/,/tests/lactate/,10,10,,3785,yes,no,refresh
2026-09-25,lactate,desktop,next-in-line,/tests/lactate/,/tests/lactate/,11,,,3785,yes,no,
2026-09-25,lactate blood test,phone,next-in-line,/tests/lactate/,/tests/lactate/,2,2,,1617,yes,yes,
2026-09-25,lactate blood test,desktop,next-in-line,/tests/lactate/,/tests/lactate/,7,,,1617,yes,yes,
2026-09-25,lactate dehydrogenase,phone,next-in-line,/tests/lactate-dehydrogenase-ldh/,/tests/lactate-dehydrogenase-ldh/,4,4,,19757,no,no,
2026-09-25,lactate dehydrogenase,desktop,next-in-line,/tests/lactate-dehydrogenase-ldh/,/tests/lactate-dehydrogenase-ldh/,4,,,19757,yes,yes,
2026-09-25,lactoferrin stool,phone,next-in-line,/tests/lactoferrin/,/tests/lactoferrin/,2,2,,806,yes,yes,
2026-09-25,lactoferrin stool,desktop,next-in-line,/tests/lactoferrin/,/tests/lactoferrin/,2,,,806,yes,yes,
2026-09-25,lactose intolerance test,phone,kept,/tests/lactose-tolerance-test/,/tests/lactose-tolerance-test/,20,20,,676,yes,no,
2026-09-25,lactose intolerance test,desktop,kept,/tests/lactose-tolerance-test/,,,,,676,yes,yes,
2026-09-25,lactose tolerance test,phone,kept,/tests/lactose-tolerance-test/,/tests/lactose-tolerance-test/,21,21,,186,yes,yes,
2026-09-25,lactose tolerance test,desktop,kept,/tests/lactose-tolerance-test/,,,,,186,yes,yes,
2026-09-25,latex allergy test,phone,not-ranking-yet,/tests/latex-allergy-test/,/tests/latex-allergy-test/,13,13,,11,yes,yes,
2026-09-25,latex allergy test,desktop,not-ranking-yet,/tests/latex-allergy-test/,/tests/latex-allergy-test/,15,,,11,yes,yes,
2026-09-25,latex allergy testing,phone,not-ranking-yet,/tests/latex-allergy-test/,/tests/latex-allergy-test/,13,13,,12,yes,yes,
2026-09-25,latex allergy testing,desktop,not-ranking-yet,/tests/latex-allergy-test/,/tests/latex-allergy-test/,13,,,12,yes,yes,
2026-09-25,ldh blood test,phone,next-in-line,/tests/lactate-dehydrogenase-ldh/,/tests/lactate-dehydrogenase-ldh/,6,6,,11460,yes,no,
2026-09-25,ldh blood test,desktop,next-in-line,/tests/lactate-dehydrogenase-ldh/,/tests/lactate-dehydrogenase-ldh/,4,,,11460,yes,no,
2026-09-25,ldl blood test,phone,next-in-line,/tests/ldl-cholesterol/,/tests/ldl-cholesterol/,5,5,,2910,yes,no,
2026-09-25,ldl blood test,desktop,next-in-line,/tests/ldl-cholesterol/,/tests/ldl-cholesterol/,6,,,2910,yes,no,
2026-09-25,ldl calculated,phone,next-in-line,/tests/ldl-cholesterol/,/tests/ldl-cholesterol/,9,9,,323,yes,no,
2026-09-25,ldl calculated,desktop,next-in-line,/tests/ldl-cholesterol/,/tests/ldl-cholesterol/,8,,,323,yes,no,
2026-09-25,ldl cholesterol test,phone,kept,/tests/ldl-cholesterol/,/tests/ldl-cholesterol/,15,15,,30,yes,no,
2026-09-25,ldl cholesterol test,desktop,kept,/tests/ldl-cholesterol/,/tests/ldl-cholesterol/,12,,,30,yes,no,
2026-09-25,ldl direct,phone,selling-test-page,/tests/direct-ldl-cholesterol/,/tests/direct-ldl-cholesterol/,7,7,,1943,yes,yes,
2026-09-25,ldl direct,desktop,selling-test-page,/tests/direct-ldl-cholesterol/,/tests/direct-ldl-cholesterol/,21,,,1943,yes,yes,
2026-09-25,ldl direct blood test,phone,selling-test-page,/tests/direct-ldl-cholesterol/,/tests/direct-ldl-cholesterol/,2,2,,537,yes,yes,
2026-09-25,ldl direct blood test,desktop,selling-test-page,/tests/direct-ldl-cholesterol/,/tests/direct-ldl-cholesterol/,2,,,537,yes,yes,
2026-09-25,ldl direct test,phone,kept,/tests/direct-ldl-cholesterol/,/tests/direct-ldl-cholesterol/,3,3,,47,yes,yes,
2026-09-25,ldl direct test,desktop,kept,/tests/direct-ldl-cholesterol/,/tests/direct-ldl-cholesterol/,4,,,47,yes,yes,
2026-09-25,ldl particle number,phone,next-in-line,/tests/ldl-particle-testing-ldl-p/,/tests/ldl-particle-testing-ldl-p/,4,4,,1249,yes,no,
2026-09-25,ldl particle number,desktop,next-in-line,/tests/ldl-particle-testing-ldl-p/,/tests/ldl-particle-testing-ldl-p/,4,,,1249,yes,no,
2026-09-25,ldl-p,phone,next-in-line,/tests/ldl-particle-testing-ldl-p/,,,101,,917,yes,no,
2026-09-25,ldl-p,desktop,next-in-line,/tests/ldl-particle-testing-ldl-p/,,,,,917,yes,no,
2026-09-25,lead blood test,phone,selling-test-page,/tests/lead/,/tests/lead/,21,21,,1025,yes,yes,
2026-09-25,lead blood test,desktop,selling-test-page,/tests/lead/,,,,,1025,yes,yes,
2026-09-25,lead test,phone,selling-test-page,/tests/lead/,/tests/lead/,19,19,,970,yes,no,
2026-09-25,lead test,desktop,selling-test-page,/tests/lead/,,,,,970,yes,no,
2026-09-25,lead testing,phone,selling-test-page,/tests/lead/,/tests/lead/,24,24,,893,yes,no,
2026-09-25,lead testing,desktop,selling-test-page,/tests/lead/,,,,,893,yes,no,
2026-09-25,lead urine test,phone,kept,/tests/lead/,/tests/lead-urine-test/,4,4,,78,yes,yes,other page ranks
2026-09-25,lead urine test,desktop,kept,/tests/lead/,/tests/lead-urine-test/,8,,,78,yes,yes,
2026-09-25,lemon allergy test,phone,not-ranking-yet,/tests/lemon-allergy-test/,/tests/lemon-allergy-test/,6,6,,3,no,no,
2026-09-25,lemon allergy test,desktop,not-ranking-yet,/tests/lemon-allergy-test/,/tests/lemon-allergy-test/,6,,,3,no,no,
2026-09-25,lh blood test,phone,selling-test-page,/tests/luteinizing-hormone-lh/,/tests/luteinizing-hormone-lh/,8,8,,1165,yes,yes,refresh
2026-09-25,lh blood test,desktop,selling-test-page,/tests/luteinizing-hormone-lh/,/tests/luteinizing-hormone-lh/,8,,,1165,yes,yes,
2026-09-25,lh test,phone,selling-test-page,/tests/luteinizing-hormone-lh/,/tests/luteinizing-hormone-lh/,6,6,,1365,yes,yes,
2026-09-25,lh test,desktop,selling-test-page,/tests/luteinizing-hormone-lh/,/tests/luteinizing-hormone-lh/,7,,,1365,yes,yes,
2026-09-25,lipase,phone,selling-test-page,/tests/lipase/,/tests/lipase/,21,21,,158,yes,no,
2026-09-25,lipase,desktop,selling-test-page,/tests/lipase/,,,,,158,yes,no,
2026-09-25,lipase blood test,phone,selling-test-page,/tests/lipase/,,,101,,2108,yes,yes,
2026-09-25,lipase blood test,desktop,selling-test-page,/tests/lipase/,/tests/lipase/,13,,,2108,yes,yes,
2026-09-25,lipase test,phone,selling-test-page,/tests/lipase/,/tests/lipase/,6,6,,2348,yes,yes,
2026-09-25,lipase test,desktop,selling-test-page,/tests/lipase/,/tests/lipase/,10,,,2348,yes,yes,
2026-09-25,lipid panel,phone,next-in-line,/tests/lipid-panel/,/tests/lipid-panel/,5,5,,31969,yes,no,
2026-09-25,lipid panel,desktop,next-in-line,/tests/lipid-panel/,/tests/lipid-panel/,5,,,31969,yes,no,
2026-09-25,lipid panel test,phone,next-in-line,/tests/lipid-panel/,/tests/lipid-panel/,6,6,,8965,yes,yes,
2026-09-25,lipid panel test,desktop,next-in-line,/tests/lipid-panel/,/tests/lipid-panel/,6,,,8965,yes,yes,
2026-09-25,lipoprotein a test,phone,selling-test-page,/tests/lipoprotein-a/,/tests/lipoprotein-a/,10,10,,6831,yes,no,refresh
2026-09-25,lipoprotein a test,desktop,selling-test-page,/tests/lipoprotein-a/,,,,,6831,yes,no,
2026-09-25,lithium,phone,selling-test-page,/tests/lithium/,,,101,,2,yes,no,
2026-09-25,lithium,desktop,selling-test-page,/tests/lithium/,,,,,2,yes,no,
2026-09-25,lithium blood test,phone,selling-test-page,/tests/lithium/,/tests/lithium/,3,3,,321,yes,yes,
2026-09-25,lithium blood test,desktop,selling-test-page,/tests/lithium/,/tests/lithium/,3,,,321,yes,yes,
2026-09-25,lithium labs,phone,selling-test-page,/tests/lithium/,,,101,,177,yes,yes,
2026-09-25,lithium labs,desktop,selling-test-page,/tests/lithium/,/tests/lithium/,5,,,177,yes,yes,
2026-09-25,lithium test,phone,kept,/tests/lithium/,/tests/lithium/,12,12,,134,yes,yes,
2026-09-25,lithium test,desktop,kept,/tests/lithium/,/tests/lithium/,14,,,134,yes,yes,
2026-09-25,liver function test,phone,kept,/tests/liver-panel/,/tests/liver-panel/,16,16,,333,yes,no,
2026-09-25,liver function test,desktop,kept,/tests/liver-panel/,,,,,333,yes,no,
2026-09-25,liver function test fasting required,phone,selling-test-page,/tests/liver-panel/,/tests/liver-panel/,2,2,,214,yes,yes,
2026-09-25,liver function test fasting required,desktop,selling-test-page,/tests/liver-panel/,/tests/liver-panel/,3,,,214,yes,yes,
2026-09-25,liver kidney microsomal antibody,phone,next-in-line,/tests/anti-lkm-1/,/tests/anti-lkm-1/,10,10,,271,yes,yes,
2026-09-25,liver kidney microsomal antibody,desktop,next-in-line,/tests/anti-lkm-1/,/tests/anti-lkm-1/,10,,,271,yes,yes,
2026-09-25,liver panel,phone,selling-test-page,/tests/liver-panel/,/tests/liver-panel/,6,6,,1034,yes,yes,
2026-09-25,liver panel,desktop,selling-test-page,/tests/liver-panel/,/tests/liver-panel/,9,,,1034,yes,yes,
2026-09-25,liver panel test,phone,kept,/tests/liver-panel/,/tests/liver-panel/,11,11,,517,yes,yes,
2026-09-25,liver panel test,desktop,kept,/tests/liver-panel/,/tests/liver-panel/,14,,,517,yes,no,
2026-09-25,lpa blood test,phone,kept,/tests/lipoprotein-a/,,,101,,180,yes,no,
2026-09-25,lpa blood test,desktop,kept,/tests/lipoprotein-a/,/tests/lipoprotein-a/,17,,,180,yes,no,
2026-09-25,lpa test,phone,selling-test-page,/tests/lipoprotein-a/,/tests/lipoprotein-a/,13,13,,1253,yes,no,refresh
2026-09-25,lpa test,desktop,selling-test-page,/tests/lipoprotein-a/,/tests/lipoprotein-a/,12,,,1253,yes,no,
2026-09-25,lupus anticoagulant,phone,next-in-line,/tests/lupus-anticoagulant-testing/,/tests/lupus-anticoagulant-testing/,15,15,,986,yes,no,
2026-09-25,lupus anticoagulant,desktop,next-in-line,/tests/lupus-anticoagulant-testing/,/tests/lupus-anticoagulant-testing/,15,,,986,yes,no,
2026-09-25,lupus anticoagulant test,phone,next-in-line,/tests/lupus-anticoagulant-testing/,/tests/lupus-anticoagulant-testing/,4,4,,736,yes,yes,
2026-09-25,lupus anticoagulant test,desktop,next-in-line,/tests/lupus-anticoagulant-testing/,/tests/lupus-anticoagulant-testing/,8,,,736,yes,yes,
2026-09-25,luteinizing hormone,phone,selling-test-page,/tests/luteinizing-hormone-lh/,/tests/luteinizing-hormone-lh/,28,28,,86,yes,no,
2026-09-25,luteinizing hormone,desktop,selling-test-page,/tests/luteinizing-hormone-lh/,,,,,86,yes,no,
2026-09-25,luteinizing hormone test,phone,kept,/tests/luteinizing-hormone-lh/,/tests/luteinizing-hormone-lh/,14,14,,215,yes,yes,
2026-09-25,luteinizing hormone test,desktop,kept,/tests/luteinizing-hormone-lh/,/tests/fsh-lh-test/,48,,,215,yes,yes,
2026-09-25,lyme disease test,phone,category,/lyme-disease-testing/,/lyme-disease-testing/,34,34,,613,yes,no,
2026-09-25,lyme disease test,desktop,category,/lyme-disease-testing/,/tests/at-home-lyme-disease-test/,35,,,613,yes,no,
2026-09-25,lyme titer,phone,category,/lyme-disease-testing/,/lyme-disease-testing/,2,2,,249,yes,yes,
2026-09-25,lyme titer,desktop,category,/lyme-disease-testing/,/lyme-disease-testing/,2,,,249,yes,yes,
2026-09-25,lyme titer test,phone,kept,/tests/lyme-disease-titers-test/,/tests/lyme-disease-titers-test/,19,19,,26,yes,no,
2026-09-25,lyme titer test,desktop,kept,/tests/lyme-disease-titers-test/,/tests/lyme-disease-titers-test/,41,,,26,yes,no,
2026-09-25,lymphocyte panel,phone,kept,/tests/lymphocyte-subset-panel/,/tests/lymphocyte-subset-panel/,4,4,,86,yes,yes,
2026-09-25,lymphocyte panel,desktop,kept,/tests/lymphocyte-subset-panel/,/tests/lymphocyte-subset-panel/,4,,,86,yes,yes,
2026-09-25,lymphocytes subset panel,phone,kept,/tests/lymphocyte-subset-panel/,/tests/lymphocyte-subset-panel/,5,5,,56,yes,yes,
2026-09-25,lymphocytes subset panel,desktop,kept,/tests/lymphocyte-subset-panel/,/tests/lymphocyte-subset-panel/,5,,,56,yes,yes,
2026-09-25,magnesium blood test,phone,selling-test-page,/tests/magnesium/,/tests/magnesium/,16,16,,1199,yes,yes,
2026-09-25,magnesium blood test,desktop,selling-test-page,/tests/magnesium/,/tests/magnesium/,16,,,1199,yes,yes,
2026-09-25,magnesium lab,phone,selling-test-page,/tests/magnesium-blood-serum-test/,/tests/magnesium/,21,21,,58,no,no,other page ranks
2026-09-25,magnesium lab,desktop,selling-test-page,/tests/magnesium-blood-serum-test/,/tests/magnesium/,21,,,58,yes,yes,
2026-09-25,magnesium levels in blood test,phone,kept,/tests/magnesium-blood-serum-test/,/tests/magnesium/,14,14,,145,yes,no,other page ranks
2026-09-25,magnesium levels in blood test,desktop,kept,/tests/magnesium-blood-serum-test/,/tests/magnesium-blood-serum-test/,13,,,145,yes,yes,
2026-09-25,magnesium serum,phone,selling-test-page,/tests/magnesium-blood-serum-test/,/tests/magnesium-blood-serum-test/,13,13,,113,yes,yes,
2026-09-25,magnesium serum,desktop,selling-test-page,/tests/magnesium-blood-serum-test/,/tests/magnesium-blood-serum-test/,13,,,113,yes,yes,
2026-09-25,magnesium test,phone,selling-test-page,/tests/magnesium/,/tests/magnesium-blood-serum-test/,19,19,,260,yes,no,other page ranks
2026-09-25,magnesium test,desktop,selling-test-page,/tests/magnesium/,/tests/magnesium/,37,,,260,yes,yes,
2026-09-25,magnesium urine test,phone,kept,/tests/magnesium/,/tests/magnesium/,63,63,,81,yes,yes,
2026-09-25,magnesium urine test,desktop,kept,/tests/magnesium/,/tests/magnesium-urine-test/,9,,,81,yes,yes,
2026-09-25,male hormone test list,phone,next-in-line,/tests/standard-male-hormone-test/,/tests/standard-male-hormone-test/,7,7,,41,yes,no,
2026-09-25,male hormone test list,desktop,next-in-line,/tests/standard-male-hormone-test/,/tests/standard-male-hormone-test/,7,,,41,yes,no,
2026-09-25,male wellness panel,phone,selling-test-page,/tests/standard-male-wellness-panel/,/tests/standard-male-wellness-panel/,5,5,,96,yes,yes,
2026-09-25,male wellness panel,desktop,selling-test-page,/tests/standard-male-wellness-panel/,/tests/standard-male-wellness-panel/,5,,,96,yes,yes,
2026-09-25,manual differential blood test,phone,next-in-line,/tests/white-blood-cell-wbc-differential/,/tests/white-blood-cell-wbc-differential/,29,29,,412,yes,yes,
2026-09-25,manual differential blood test,desktop,next-in-line,/tests/white-blood-cell-wbc-differential/,/tests/white-blood-cell-wbc-differential/,30,,,412,yes,yes,
2026-09-25,mch,phone,next-in-line,/tests/mch-test/,/articles/what-does-high-mch-blood-test-result-mean/,3,3,,40652,yes,no,other page ranks
2026-09-25,mch,desktop,next-in-line,/tests/mch-test/,/articles/what-does-high-mch-blood-test-result-mean/,4,,,40652,yes,no,
2026-09-25,mch blood test,phone,next-in-line,/tests/mch-test/,/articles/what-does-high-mch-blood-test-result-mean/,2,2,,77570,yes,yes,other page ranks
2026-09-25,mch blood test,desktop,next-in-line,/tests/mch-test/,/articles/what-does-high-mch-blood-test-result-mean/,2,,,77570,yes,yes,
2026-09-25,mcv blood test,phone,next-in-line,/tests/mcv-test/,/tests/mcv-test/,24,24,,4362,yes,no,
2026-09-25,mcv blood test,desktop,next-in-line,/tests/mcv-test/,/tests/mcv-test/,24,,,4362,yes,no,
2026-09-25,mean cell hemoglobin,phone,next-in-line,/tests/mchc-test/,/articles/what-does-high-mch-blood-test-result-mean/,2,2,,2881,yes,yes,other page ranks
2026-09-25,mean cell hemoglobin,desktop,next-in-line,/tests/mchc-test/,/articles/what-does-high-mch-blood-test-result-mean/,2,,,2881,yes,yes,
2026-09-25,mean cell hemoglobin concentration,phone,next-in-line,/tests/mchc-test/,/articles/what-does-high-mch-blood-test-result-mean/,9,9,,1029,yes,no,refresh; other page ranks
2026-09-25,mean cell hemoglobin concentration,desktop,next-in-line,/tests/mchc-test/,/articles/what-does-high-mch-blood-test-result-mean/,10,,,1029,yes,no,
2026-09-25,mean corpuscular volume,phone,next-in-line,/tests/mcv-test/,/tests/mcv-test/,27,27,,2835,yes,no,
2026-09-25,mean corpuscular volume,desktop,next-in-line,/tests/mcv-test/,/tests/mcv-test/,27,,,2835,yes,no,
2026-09-25,measles immunity test,phone,kept,/tests/measles-igg-immunity-test/,/tests/measles-and-mumps-tests/,8,8,,175,yes,yes,other page ranks
2026-09-25,measles immunity test,desktop,kept,/tests/measles-igg-immunity-test/,/tests/measles-and-mumps-tests/,9,,,175,yes,yes,
2026-09-25,measles titer,phone,kept,/tests/antibody-titer-test/,/tests/measles-igg-immunity-test/,3,3,,1077,yes,yes,other page ranks
2026-09-25,measles titer,desktop,kept,/tests/antibody-titer-test/,/tests/measles-igg-immunity-test/,3,,,1077,yes,yes,
2026-09-25,measles titer test,phone,kept,/tests/antibody-titer-test/,/tests/measles-igg-immunity-test/,7,7,,931,yes,yes,other page ranks
2026-09-25,measles titer test,desktop,kept,/tests/antibody-titer-test/,/tests/measles-igg-immunity-test/,8,,,931,yes,yes,
2026-09-25,men's health test,phone,category,/mens-comprehensive-health-testing/,/mens-comprehensive-health-testing/,12,12,,5402,no,no,refresh
2026-09-25,men's health test,desktop,category,/mens-comprehensive-health-testing/,/tests/comprehensive-male-wellness-panel/,48,,,5402,no,no,
2026-09-25,men's hormone panel,phone,not-ranking-yet,/tests/mens-expanded-hormone-panel/,/tests/standard-male-hormone-test/,8,8,,6,yes,yes,other page ranks
2026-09-25,men's hormone panel,desktop,not-ranking-yet,/tests/mens-expanded-hormone-panel/,/tests/standard-male-hormone-test/,5,,,6,yes,yes,
2026-09-25,men's hormone test panel,phone,not-ranking-yet,/tests/mens-expanded-hormone-panel/,/tests/standard-male-hormone-test/,5,5,,12,yes,yes,other page ranks
2026-09-25,men's hormone test panel,desktop,not-ranking-yet,/tests/mens-expanded-hormone-panel/,/tests/standard-male-hormone-test/,5,,,12,yes,yes,
2026-09-25,menopause test,phone,category,/menopause-testing/,/tests/menopause-testing/,4,4,,2518,yes,yes,other page ranks
2026-09-25,menopause test,desktop,category,/menopause-testing/,/tests/menopause-testing/,8,,,2518,yes,no,
2026-09-25,mens hormone panel,phone,selling-test-page,/tests/comprehensive-male-wellness-panel/,/tests/standard-male-hormone-test/,8,8,,169,yes,yes,other page ranks
2026-09-25,mens hormone panel,desktop,selling-test-page,/tests/comprehensive-male-wellness-panel/,/tests/standard-male-hormone-test/,5,,,169,yes,yes,
2026-09-25,mercury blood test,phone,selling-test-page,/tests/mercury/,/tests/mercury/,7,7,,175,yes,yes,
2026-09-25,mercury blood test,desktop,selling-test-page,/tests/mercury/,/tests/mercury/,11,,,175,yes,yes,
2026-09-25,mercury test,phone,selling-test-page,/tests/mercury/,/tests/mercury/,3,3,,107,yes,yes,
2026-09-25,mercury test,desktop,selling-test-page,/tests/mercury/,/tests/mercury/,4,,,107,yes,yes,
2026-09-25,mercury testing,phone,selling-test-page,/tests/mercury/,/tests/mercury/,2,2,,90,yes,yes,
2026-09-25,mercury testing,desktop,selling-test-page,/tests/mercury/,/tests/mercury/,4,,,90,yes,yes,
2026-09-25,mercury urine test,phone,kept,/tests/mercury/,/tests/mercury/,12,12,,96,yes,yes,
2026-09-25,mercury urine test,desktop,kept,/tests/mercury/,/tests/mercury/,12,,,96,yes,yes,
2026-09-25,metabolic panel,phone,selling-test-page,/tests/comprehensive-metabolic-panel-cmp/,/tests/comprehensive-metabolic-panel-cmp/,10,10,,2846,yes,yes,refresh
2026-09-25,metabolic panel,desktop,selling-test-page,/tests/comprehensive-metabolic-panel-cmp/,/tests/comprehensive-metabolic-panel-cmp/,10,,,2846,yes,yes,
2026-09-25,metal test,phone,category,/heavy-metals-and-toxins-testing/,/heavy-metals-and-toxins-testing/,40,40,,1103,yes,yes,
2026-09-25,metal test,desktop,category,/heavy-metals-and-toxins-testing/,/heavy-metals-and-toxins-testing/,40,,,1103,yes,yes,
2026-09-25,metanephrines,phone,next-in-line,/tests/plasma-free-metanephrines/,/tests/urine-metanephrines/,16,16,,1485,yes,yes,other page ranks
2026-09-25,metanephrines,desktop,next-in-line,/tests/plasma-free-metanephrines/,/tests/urine-metanephrines/,10,,,1485,yes,yes,
2026-09-25,metanephrines blood test,phone,next-in-line,/tests/plasma-free-metanephrines/,/tests/urine-metanephrines/,8,8,,1384,yes,yes,refresh; other page ranks
2026-09-25,metanephrines blood test,desktop,next-in-line,/tests/plasma-free-metanephrines/,/tests/urine-metanephrines/,11,,,1384,yes,yes,
2026-09-25,methylmalonic acid,phone,next-in-line,/tests/methylmalonic-acid/,/tests/methylmalonic-acid/,6,6,,5422,yes,yes,
2026-09-25,methylmalonic acid,desktop,next-in-line,/tests/methylmalonic-acid/,/tests/methylmalonic-acid/,6,,,5422,yes,yes,
2026-09-25,methylmalonic acid test,phone,next-in-line,/tests/methylmalonic-acid/,/tests/methylmalonic-acid/,8,8,,3171,yes,yes,refresh
2026-09-25,methylmalonic acid test,desktop,next-in-line,/tests/methylmalonic-acid/,/tests/methylmalonic-acid/,7,,,3171,yes,yes,
2026-09-25,mgen test,phone,std-pages,/tests/mycoplasma/,/tests/mycoplasma/,17,17,,1463,yes,yes,
2026-09-25,mgen test,desktop,std-pages,/tests/mycoplasma/,/tests/mycoplasma/,8,,,1463,yes,yes,
2026-09-25,mgen testing,phone,std-pages,/tests/mycoplasma/,/tests/mycoplasma/,6,6,,203,yes,yes,
2026-09-25,mgen testing,desktop,std-pages,/tests/mycoplasma/,/tests/mycoplasma/,6,,,203,yes,yes,
2026-09-25,microalbumin creatinine ratio test,phone,kept,/tests/urine-albumin-and-albumin-creatinine-ratio/,/tests/urine-albumin-and-albumin-creatinine-ratio/,19,19,,0,yes,no,
2026-09-25,microalbumin creatinine ratio test,desktop,kept,/tests/urine-albumin-and-albumin-creatinine-ratio/,/tests/urine-albumin-and-albumin-creatinine-ratio/,27,,,0,yes,no,
2026-09-25,microalbumin random,phone,selling-test-page,/tests/urine-albumin-and-albumin-creatinine-ratio/,/tests/urine-albumin-and-albumin-creatinine-ratio/,8,8,,503,yes,yes,
2026-09-25,microalbumin random,desktop,selling-test-page,/tests/urine-albumin-and-albumin-creatinine-ratio/,/tests/urine-albumin-and-albumin-creatinine-ratio/,7,,,503,yes,yes,
2026-09-25,microalbumin random urine,phone,selling-test-page,/tests/urine-albumin-and-albumin-creatinine-ratio/,/tests/urine-albumin-and-albumin-creatinine-ratio/,16,16,,398,yes,yes,
2026-09-25,microalbumin random urine,desktop,selling-test-page,/tests/urine-albumin-and-albumin-creatinine-ratio/,/tests/urine-albumin-and-albumin-creatinine-ratio/,13,,,398,yes,yes,
2026-09-25,mmr titer test,phone,kept,/tests/antibody-titer-test/,/tests/measles-and-mumps-tests/,4,4,,1373,yes,yes,other page ranks
2026-09-25,mmr titer test,desktop,kept,/tests/antibody-titer-test/,/tests/measles-and-mumps-tests/,3,,,1373,yes,yes,
2026-09-25,mold exposure test,phone,next-in-line,/tests/black-mold-exposure-test/,/tests/black-mold-exposure-test/,2,2,,809,yes,yes,
2026-09-25,mold exposure test,desktop,next-in-line,/tests/black-mold-exposure-test/,/tests/black-mold-exposure-test/,1,,,809,yes,yes,
2026-09-25,mono blood test,phone,next-in-line,/tests/mononucleosis-mono-test/,/tests/mononucleosis-mono-test/,6,6,,3362,yes,no,
2026-09-25,mono blood test,desktop,next-in-line,/tests/mononucleosis-mono-test/,/tests/mononucleosis-mono-test/,6,,,3362,yes,no,
2026-09-25,mono spot test,phone,kept,/tests/mononucleosis-mono-test/,/tests/mononucleosis-mono-test/,7,7,,163,yes,yes,
2026-09-25,mono spot test,desktop,kept,/tests/mononucleosis-mono-test/,/tests/mononucleosis-mono-test/,7,,,163,yes,yes,
2026-09-25,mono test,phone,next-in-line,/tests/mononucleosis-mono-test/,/tests/mononucleosis-mono-test/,5,5,,4863,yes,yes,
2026-09-25,mono test,desktop,next-in-line,/tests/mononucleosis-mono-test/,/tests/mononucleosis-mono-test/,6,,,4863,yes,yes,
2026-09-25,mononucleosis test,phone,kept,/tests/mononucleosis-mono-test/,/tests/mononucleosis-mono-test/,8,8,,591,yes,yes,
2026-09-25,mononucleosis test,desktop,kept,/tests/mononucleosis-mono-test/,/tests/mononucleosis-mono-test/,8,,,591,yes,yes,
2026-09-25,mould allergy test,phone,selling-test-page,/tests/black-mold-allergy-test/,/tests/black-mold-exposure-test/,17,17,,207,yes,no,other page ranks
2026-09-25,mould allergy test,desktop,selling-test-page,/tests/black-mold-allergy-test/,/tests/black-mold-exposure-test/,17,,,207,yes,no,
2026-09-25,mthfr gene mutation,phone,next-in-line,/tests/mthfr-mutation/,,,101,,48086,yes,no,
2026-09-25,mthfr gene mutation,desktop,next-in-line,/tests/mthfr-mutation/,/tests/mthfr-mutation/,6,,,48086,yes,no,
2026-09-25,mthfr mutation,phone,next-in-line,/tests/mthfr-mutation/,/tests/mthfr-mutation/,7,7,,6358,yes,no,
2026-09-25,mthfr mutation,desktop,next-in-line,/tests/mthfr-mutation/,/tests/mthfr-mutation/,6,,,6358,yes,no,
2026-09-25,mumps test,phone,kept,/tests/measles-and-mumps-tests/,/tests/mumps-igg-immunity-test/,25,25,,24,yes,no,other page ranks
2026-09-25,mumps test,desktop,kept,/tests/measles-and-mumps-tests/,/tests/measles-and-mumps-tests/,19,,,24,yes,no,
2026-09-25,mumps titer,phone,kept,/tests/mumps-igg-immunity-test/,/tests/mumps-igg-immunity-test/,5,5,,216,yes,yes,
2026-09-25,mumps titer,desktop,kept,/tests/mumps-igg-immunity-test/,/tests/mumps-igg-immunity-test/,4,,,216,yes,yes,
2026-09-25,mumps titer test,phone,kept,/tests/mumps-igg-immunity-test/,/tests/mumps-igg-immunity-test/,2,2,,125,yes,yes,
2026-09-25,mumps titer test,desktop,kept,/tests/mumps-igg-immunity-test/,/tests/measles-and-mumps-tests/,13,,,125,yes,yes,
2026-09-25,mushroom allergy test,phone,not-ranking-yet,/tests/mushroom-allergy-test/,/tests/mushroom-allergy-test/,9,9,,0,yes,yes,
2026-09-25,mushroom allergy test,desktop,not-ranking-yet,/tests/mushroom-allergy-test/,/tests/mushroom-allergy-test/,9,,,0,yes,yes,
2026-09-25,mycoplasma genitalium,phone,std-pages,/tests/mycoplasma/,,,101,,11,yes,no,
2026-09-25,mycoplasma genitalium,desktop,std-pages,/tests/mycoplasma/,,,,,11,yes,no,
2026-09-25,mycoplasma genitalium test,phone,std-pages,/tests/mycoplasma/,/treatments/mycoplasma-genitalium/,67,67,,1348,yes,yes,other page ranks
2026-09-25,mycoplasma genitalium test,desktop,std-pages,/tests/mycoplasma/,/tests/mycoplasma/,20,,,1348,yes,yes,
2026-09-25,mycoplasma in urine,phone,std-pages,/tests/mycoplasma/,/tests/mycoplasma/,9,9,,16,no,no,
2026-09-25,mycoplasma in urine,desktop,std-pages,/tests/mycoplasma/,/tests/mycoplasma/,9,,,16,yes,yes,
2026-09-25,mycoplasma test,phone,std-pages,/tests/mycoplasma/,/tests/mycoplasma/,2,2,,1455,no,no,
2026-09-25,mycoplasma test,desktop,std-pages,/tests/mycoplasma/,/tests/mycoplasma/,7,,,1455,yes,yes,
2026-09-25,mycoplasma urine,phone,std-pages,/tests/mycoplasma/,/std-testing/mycoplasma-ureaplasma-test/,8,8,,48,yes,yes,other page ranks
2026-09-25,mycoplasma urine,desktop,std-pages,/tests/mycoplasma/,/std-testing/mycoplasma-ureaplasma-test/,8,,,48,yes,yes,
2026-09-25,mycoplasma urine test,phone,std-pages,/tests/mycoplasma/,/std-testing/mycoplasma-ureaplasma-test/,3,3,,39,yes,yes,other page ranks
2026-09-25,mycoplasma urine test,desktop,std-pages,/tests/mycoplasma/,/std-testing/mycoplasma-ureaplasma-test/,3,,,39,yes,yes,
2026-09-25,na blood test,phone,next-in-line,/tests/sodium/,/tests/sodium/,7,7,,1209,yes,no,
2026-09-25,na blood test,desktop,next-in-line,/tests/sodium/,/tests/sodium/,9,,,1209,yes,no,
2026-09-25,naat chlamydia,phone,std-pages,/tests/chlamydia-urine-test/,/std-testing/chlamydia-gonorrhea-test/,3,3,,31,yes,yes,other page ranks
2026-09-25,naat chlamydia,desktop,std-pages,/tests/chlamydia-urine-test/,/std-testing/chlamydia-gonorrhea-test/,5,,,31,yes,yes,
2026-09-25,naat gonorrhea,phone,std-pages,/tests/gonorrhea-urine-test/,/tests/gonorrhea-test/,3,3,,12,no,no,other page ranks
2026-09-25,naat gonorrhea,desktop,std-pages,/tests/gonorrhea-urine-test/,/tests/gonorrhea-test/,3,,,12,yes,yes,
2026-09-25,nad + injections,phone,treatments,/treatments/nad/,/treatments/nad/,1,1,,1262,yes,yes,
2026-09-25,nad + injections,desktop,treatments,/treatments/nad/,/treatments/nad/,1,,,1262,yes,yes,
2026-09-25,nad injections,phone,treatments,/treatments/nad/,/treatments/nad/,1,1,,28512,yes,yes,
2026-09-25,nad injections,desktop,treatments,/treatments/nad/,/treatments/nad/,1,,,28512,yes,yes,
2026-09-25,nad shots,phone,treatments,/treatments/nad/,/treatments/nad/,2,2,,2240,yes,yes,
2026-09-25,nad shots,desktop,treatments,/treatments/nad/,/treatments/nad/,2,,,2240,yes,yes,
2026-09-25,nad shots cost,phone,treatments,/treatments/nad-injections-benefits/,,,101,,1,yes,yes,
2026-09-25,nad shots cost,desktop,treatments,/treatments/nad-injections-benefits/,,,,,1,yes,yes,
2026-09-25,nad+ injections,phone,treatments,/treatments/nad/,/treatments/nad/,2,2,,12673,yes,yes,
2026-09-25,nad+ injections,desktop,treatments,/treatments/nad/,/treatments/nad/,2,,,12673,yes,yes,
2026-09-25,nicotine test,phone,next-in-line,/tests/nicotine-and-cotinine/,/tests/nicotine-and-cotinine/,3,3,,3939,yes,yes,buy button
2026-09-25,nicotine test,desktop,next-in-line,/tests/nicotine-and-cotinine/,/tests/nicotine-and-cotinine/,3,,,3939,yes,yes,
2026-09-25,nips,phone,next-in-line,/tests/non-invasive-prenatal-screening-nips/,/tests/non-invasive-prenatal-screening-nips/,17,17,,7936,yes,yes,
2026-09-25,nips,desktop,next-in-line,/tests/non-invasive-prenatal-screening-nips/,,,,,7936,yes,yes,
2026-09-25,nips test,phone,next-in-line,/tests/non-invasive-prenatal-screening-nips/,/tests/non-invasive-prenatal-screening-nips/,24,24,,49,yes,no,
2026-09-25,nips test,desktop,next-in-line,/tests/non-invasive-prenatal-screening-nips/,,,,,49,yes,no,
2026-09-25,non hdl cholesterol,phone,next-in-line,/tests/non-high-density-lipoprotein-cholesterol/,/tests/non-high-density-lipoprotein-cholesterol/,2,2,,19448,no,no,buy button
2026-09-25,non hdl cholesterol,desktop,next-in-line,/tests/non-high-density-lipoprotein-cholesterol/,/tests/non-high-density-lipoprotein-cholesterol/,2,,,19448,yes,no,
2026-09-25,nt-probnp,phone,selling-test-page,/tests/bnp-and-nt-probnp/,/tests/bnp-and-nt-probnp/,32,32,,53,yes,yes,
2026-09-25,nt-probnp,desktop,selling-test-page,/tests/bnp-and-nt-probnp/,/tests/bnp-and-nt-probnp/,33,,,53,yes,yes,
2026-09-25,oat allergy test,phone,not-ranking-yet,/tests/oat-allergy-test/,/tests/oat-allergy-test/,11,11,,3,yes,yes,
2026-09-25,oat allergy test,desktop,not-ranking-yet,/tests/oat-allergy-test/,/tests/oat-allergy-test/,12,,,3,yes,yes,
2026-09-25,oat allergy testing,phone,not-ranking-yet,/tests/oat-allergy-test/,/tests/oat-allergy-test/,14,14,,0,yes,yes,
2026-09-25,oat allergy testing,desktop,not-ranking-yet,/tests/oat-allergy-test/,/tests/oat-allergy-test/,14,,,0,yes,yes,
2026-09-25,onion allergy test,phone,not-ranking-yet,/tests/onion-allergy-test/,/tests/onion-allergy-test/,5,5,,0,no,no,
2026-09-25,onion allergy test,desktop,not-ranking-yet,/tests/onion-allergy-test/,/tests/onion-allergy-test/,6,,,0,no,no,
2026-09-25,online testosterone test,phone,selling-test-page,/tests/testosterone-test-free-and-total-test/,/tests/testosterone/,6,6,,195,yes,yes,other page ranks
2026-09-25,online testosterone test,desktop,selling-test-page,/tests/testosterone-test-free-and-total-test/,/tests/testosterone/,8,,,195,yes,yes,
2026-09-25,opiates,phone,next-in-line,/tests/opioid-drug-test/,,,101,,0,yes,no,
2026-09-25,opiates,desktop,next-in-line,/tests/opioid-drug-test/,,,,,0,yes,no,
2026-09-25,opioid drug test,phone,next-in-line,/tests/opioid-drug-test/,/tests/opioid-drug-test/,7,7,,147,yes,yes,
2026-09-25,opioid drug test,desktop,next-in-line,/tests/opioid-drug-test/,/tests/opioid-drug-test/,7,,,147,yes,yes,
2026-09-25,oral herpes test,phone,std-pages,/std-testing/hsv-1-test/,/std-testing/hsv-1-test/,3,3,,173,yes,yes,
2026-09-25,oral herpes test,desktop,std-pages,/std-testing/hsv-1-test/,/std-testing/hsv-1-test/,3,,,173,yes,yes,
2026-09-25,orange allergy test,phone,not-ranking-yet,/tests/orange-allergy-test/,/tests/orange-allergy-test/,3,3,,4,no,no,
2026-09-25,orange allergy test,desktop,not-ranking-yet,/tests/orange-allergy-test/,/tests/orange-allergy-test/,3,,,4,no,no,
2026-09-25,orange allergy testing,phone,not-ranking-yet,/tests/orange-allergy-test/,/tests/orange-allergy-test/,3,3,,3,no,no,
2026-09-25,orange allergy testing,desktop,not-ranking-yet,/tests/orange-allergy-test/,/tests/orange-allergy-test/,3,,,3,no,no,
2026-09-25,osmolality,phone,next-in-line,/tests/osmolality-and-osmolal-gap/,/tests/osmolality-and-osmolal-gap/,4,4,,25055,yes,no,
2026-09-25,osmolality,desktop,next-in-line,/tests/osmolality-and-osmolal-gap/,/tests/osmolality-and-osmolal-gap/,4,,,25055,yes,no,
2026-09-25,osmolality calc,phone,next-in-line,/tests/osmolality-and-osmolal-gap/,/tests/osmolality-and-osmolal-gap/,4,4,,4660,yes,yes,
2026-09-25,osmolality calc,desktop,next-in-line,/tests/osmolality-and-osmolal-gap/,/tests/osmolality-and-osmolal-gap/,5,,,4660,yes,yes,
2026-09-25,osteoporosis diagnosis,phone,category,/osteoporosis-testing/,/osteoporosis-testing/,34,34,,13,yes,no,
2026-09-25,osteoporosis diagnosis,desktop,category,/osteoporosis-testing/,/osteoporosis-testing/,34,,,13,yes,no,
2026-09-25,osteoporosis screening,phone,category,/osteoporosis-testing/,/osteoporosis-testing/,38,38,,13,yes,no,
2026-09-25,osteoporosis screening,desktop,category,/osteoporosis-testing/,/osteoporosis-testing/,41,,,13,yes,no,
2026-09-25,pancreatic elastase fecal,phone,next-in-line,/tests/stool-elastase/,,,101,,1411,no,no,
2026-09-25,pancreatic elastase fecal,desktop,next-in-line,/tests/stool-elastase/,/tests/stool-elastase/,12,,,1411,yes,no,
2026-09-25,parathyroid hormone test,phone,kept,/tests/parathyroid-hormone-pth/,/tests/parathyroid-hormone-pth/,25,25,,53,yes,no,
2026-09-25,parathyroid hormone test,desktop,kept,/tests/parathyroid-hormone-pth/,/tests/parathyroid-hormone-pth/,32,,,53,yes,no,
2026-09-25,partial thromboplastin time,phone,kept,/tests/partial-thromboplastin-time-ptt-aptt/,/tests/partial-thromboplastin-time-ptt-aptt/,11,11,,77,yes,no,
2026-09-25,partial thromboplastin time,desktop,kept,/tests/partial-thromboplastin-time-ptt-aptt/,/tests/partial-thromboplastin-time-ptt-aptt/,20,,,77,yes,no,
2026-09-25,parvovirus b19 igg,phone,next-in-line,/tests/parvovirus-b19/,/tests/parvovirus-b19/,2,2,,529,yes,yes,
2026-09-25,parvovirus b19 igg,desktop,next-in-line,/tests/parvovirus-b19/,/tests/parvovirus-b19/,2,,,529,yes,yes,
2026-09-25,parvovirus test,phone,next-in-line,/tests/parvovirus-b19/,/tests/parvovirus-b19/,14,14,,1547,yes,no,refresh
2026-09-25,parvovirus test,desktop,next-in-line,/tests/parvovirus-b19/,/tests/parvovirus-b19/,13,,,1547,yes,no,
2026-09-25,pcr molecular diagnostic test,phone,next-in-line,/tests/molecular-pcr-covid-19-test/,/tests/molecular-pcr-covid-19-test/,6,6,,5802,no,no,
2026-09-25,pcr molecular diagnostic test,desktop,next-in-line,/tests/molecular-pcr-covid-19-test/,/tests/molecular-pcr-covid-19-test/,3,,,5802,no,no,
2026-09-25,pcr test,phone,next-in-line,/tests/molecular-pcr-covid-19-test/,/tests/molecular-pcr-covid-19-test/,16,16,,667,yes,no,
2026-09-25,pcr test,desktop,next-in-line,/tests/molecular-pcr-covid-19-test/,/tests/molecular-pcr-covid-19-test/,15,,,667,yes,no,
2026-09-25,peanut allergy blood test,phone,not-ranking-yet,/tests/peanut-allergy-test/,/tests/peanut-allergy-test/,25,25,,3,no,no,
2026-09-25,peanut allergy blood test,desktop,not-ranking-yet,/tests/peanut-allergy-test/,/tests/peanut-allergy-test/,25,,,3,yes,yes,
2026-09-25,peanut allergy test,phone,not-ranking-yet,/tests/peanut-allergy-test/,/tests/peanut-allergy-test/,33,33,,26,yes,yes,
2026-09-25,peanut allergy test,desktop,not-ranking-yet,/tests/peanut-allergy-test/,/tests/peanut-allergy-test/,32,,,26,yes,yes,
2026-09-25,peanut allergy testing,phone,not-ranking-yet,/tests/peanut-allergy-test/,/tests/peanut-allergy-test/,19,19,,8,yes,yes,
2026-09-25,peanut allergy testing,desktop,not-ranking-yet,/tests/peanut-allergy-test/,/tests/peanut-allergy-test/,26,,,8,yes,yes,
2026-09-25,peptide test,phone,selling-test-page,/tests/c-peptide/,,,101,,863,yes,no,
2026-09-25,peptide test,desktop,selling-test-page,/tests/c-peptide/,,,,,863,no,no,
2026-09-25,perimenopause test,phone,category,/menopause-testing/,/tests/menopause-testing/,20,20,,671,yes,no,other page ranks
2026-09-25,perimenopause test,desktop,category,/menopause-testing/,/tests/menopause-testing/,20,,,671,yes,no,
2026-09-25,phosphorus blood test,phone,next-in-line,/tests/phosphorus/,/tests/phosphorus/,6,6,,3292,yes,yes,
2026-09-25,phosphorus blood test,desktop,next-in-line,/tests/phosphorus/,/tests/phosphorus/,9,,,3292,yes,yes,
2026-09-25,phosphorus test,phone,next-in-line,/tests/phosphorus/,/tests/phosphorus/,2,2,,272,yes,yes,
2026-09-25,phosphorus test,desktop,next-in-line,/tests/phosphorus/,/tests/phosphorus/,2,,,272,yes,yes,
2026-09-25,platelet count,phone,next-in-line,/tests/platelet-count/,/tests/platelet-count/,12,12,,23432,yes,no,refresh
2026-09-25,platelet count,desktop,next-in-line,/tests/platelet-count/,/tests/platelet-count/,9,,,23432,yes,no,
2026-09-25,plt blood test,phone,next-in-line,/tests/platelet-count/,/tests/platelet-function-tests/,49,49,,3837,yes,no,other page ranks
2026-09-25,plt blood test,desktop,next-in-line,/tests/platelet-count/,,,,,3837,yes,no,
2026-09-25,pneumonia test,phone,category,/pneumonia-testing/,/pneumonia-testing/,7,7,,672,yes,no,
2026-09-25,pneumonia test,desktop,category,/pneumonia-testing/,/pneumonia-testing/,7,,,672,yes,no,
2026-09-25,pork allergy test,phone,not-ranking-yet,/tests/pork-allergy-test/,/tests/pork-allergy-test/,9,9,,7,yes,yes,
2026-09-25,pork allergy test,desktop,not-ranking-yet,/tests/pork-allergy-test/,/tests/pork-allergy-test/,8,,,7,yes,yes,
2026-09-25,potassium blood test,phone,next-in-line,/tests/potassium/,/tests/potassium/,17,17,,87,yes,no,
2026-09-25,potassium blood test,desktop,next-in-line,/tests/potassium/,/tests/potassium/,15,,,87,yes,no,
2026-09-25,potassium test,phone,next-in-line,/tests/potassium/,/tests/potassium/,2,2,,368,yes,yes,
2026-09-25,potassium test,desktop,next-in-line,/tests/potassium/,/tests/potassium/,2,,,368,yes,yes,
2026-09-25,prealbumin,phone,next-in-line,/tests/prealbumin/,,,101,,3565,yes,yes,
2026-09-25,prealbumin,desktop,next-in-line,/tests/prealbumin/,/tests/prealbumin/,13,,,3565,yes,yes,
2026-09-25,prealbumin blood test,phone,next-in-line,/tests/prealbumin/,/tests/prealbumin/,6,6,,602,yes,no,
2026-09-25,prealbumin blood test,desktop,next-in-line,/tests/prealbumin/,/tests/prealbumin/,6,,,602,yes,no,
2026-09-25,pregnancy blood test,phone,selling-test-page,/tests/pregnancy-test-hcg/,,,101,,556,yes,no,
2026-09-25,pregnancy blood test,desktop,selling-test-page,/tests/pregnancy-test-hcg/,,,,,556,yes,no,
2026-09-25,pregnancy test,phone,selling-test-page,/tests/pregnancy-test-hcg/,,,101,,249,yes,no,
2026-09-25,pregnancy test,desktop,selling-test-page,/tests/pregnancy-test-hcg/,,,,,249,yes,no,
2026-09-25,pregnancy test blood hcg fasting required,desktop,leaving,/tests/pregnancy-test-hcg/,/tests/pregnancy-test-hcg/,4,,,186,yes,no,
2026-09-25,pregnenolone blood test,phone,selling-test-page,/tests/pregnenolone/,/tests/pregnenolone/,6,6,,267,yes,yes,
2026-09-25,pregnenolone blood test,desktop,selling-test-page,/tests/pregnenolone/,/tests/pregnenolone/,6,,,267,yes,yes,
2026-09-25,pregnenolone lc/ms,phone,selling-test-page,/tests/pregnenolone/,/tests/pregnenolone/,6,6,,50,yes,yes,
2026-09-25,pregnenolone lc/ms,desktop,selling-test-page,/tests/pregnenolone/,/tests/pregnenolone/,6,,,50,yes,yes,
2026-09-25,pregnenolone test,phone,selling-test-page,/tests/pregnenolone/,/tests/pregnenolone/,5,5,,82,yes,yes,
2026-09-25,pregnenolone test,desktop,selling-test-page,/tests/pregnenolone/,/tests/pregnenolone/,7,,,82,yes,yes,
2026-09-25,progesterone blood test,phone,selling-test-page,/tests/progesterone/,/tests/progesterone/,29,29,,57,yes,no,
2026-09-25,progesterone blood test,desktop,selling-test-page,/tests/progesterone/,,,,,57,yes,no,
2026-09-25,progesterone blood test to check ovulation,phone,selling-test-page,/tests/progesterone/,/tests/progesterone/,20,20,,1917,no,no,
2026-09-25,progesterone blood test to check ovulation,desktop,selling-test-page,/tests/progesterone/,/tests/progesterone/,14,,,1917,no,no,
2026-09-25,progesterone test,phone,selling-test-page,/tests/progesterone/,/tests/progesterone/,19,19,,134,yes,yes,
2026-09-25,progesterone test,desktop,selling-test-page,/tests/progesterone/,,,,,134,yes,yes,
2026-09-25,prolactin,phone,selling-test-page,/tests/prolactin/,,,101,,92,yes,no,
2026-09-25,prolactin,desktop,selling-test-page,/tests/prolactin/,,,,,92,yes,no,
2026-09-25,prolactin blood test,phone,selling-test-page,/tests/prolactin/,/tests/prolactin/,6,6,,3704,yes,yes,
2026-09-25,prolactin blood test,desktop,selling-test-page,/tests/prolactin/,/tests/prolactin/,7,,,3704,yes,yes,
2026-09-25,prolactin test,phone,selling-test-page,/tests/prolactin/,/tests/prolactin/,14,14,,1756,yes,yes,refresh
2026-09-25,prolactin test,desktop,selling-test-page,/tests/prolactin/,/tests/prolactin/,16,,,1756,yes,yes,
2026-09-25,protein blood test,phone,next-in-line,/tests/protein-c-and-protein-s/,/tests/total-protein-albumin-globulin-ag-ratio/,8,8,,618,yes,no,other page ranks
2026-09-25,protein blood test,desktop,next-in-line,/tests/protein-c-and-protein-s/,/tests/total-protein-albumin-globulin-ag-ratio/,8,,,618,yes,no,
2026-09-25,protein c,phone,next-in-line,/tests/protein-c-and-protein-s/,/tests/protein-c-and-protein-s/,14,14,,404,yes,no,
2026-09-25,protein c,desktop,next-in-line,/tests/protein-c-and-protein-s/,/tests/protein-c-and-protein-s/,14,,,404,yes,no,
2026-09-25,protein creatinine ratio,phone,selling-test-page,/tests/urine-protein-and-urine-protein-creatinine-ratio/,/tests/urine-protein-and-urine-protein-creatinine-ratio/,16,16,,485,yes,yes,
2026-09-25,protein creatinine ratio,desktop,selling-test-page,/tests/urine-protein-and-urine-protein-creatinine-ratio/,/tests/urine-protein-and-urine-protein-creatinine-ratio/,21,,,485,yes,yes,
2026-09-25,protein creatinine ratio urine,desktop,leaving,/tests/urine-protein-and-urine-protein-creatinine-ratio/,/tests/urine-protein-and-urine-protein-creatinine-ratio/,16,,,558,yes,yes,
2026-09-25,prothrombin time,phone,kept,/tests/prothrombin-time-and-international-normalized-ratio-ptinr/,/tests/prothrombin-time-and-international-normalized-ratio-ptinr/,26,26,,180,yes,no,
2026-09-25,prothrombin time,desktop,kept,/tests/prothrombin-time-and-international-normalized-ratio-ptinr/,/tests/prothrombin-time-and-international-normalized-ratio-ptinr/,20,,,180,yes,no,
2026-09-25,prothrombin time test,phone,kept,/tests/prothrombin-time-and-international-normalized-ratio-ptinr/,/tests/prothrombin-time-and-international-normalized-ratio-ptinr/,33,33,,25,yes,no,
2026-09-25,prothrombin time test,desktop,kept,/tests/prothrombin-time-and-international-normalized-ratio-ptinr/,,,,,25,yes,no,
2026-09-25,protime-inr,phone,selling-test-page,/tests/prothrombin-time-and-international-normalized-ratio-ptinr/,/tests/prothrombin-time-and-international-normalized-ratio-ptinr/,8,8,,1071,yes,no,refresh
2026-09-25,protime-inr,desktop,selling-test-page,/tests/prothrombin-time-and-international-normalized-ratio-ptinr/,/tests/prothrombin-time-and-international-normalized-ratio-ptinr/,8,,,1071,yes,no,
2026-09-25,psa,phone,selling-test-page,/tests/prostate-specific-antigen-psa/,,,101,,10745,yes,no,
2026-09-25,psa,desktop,selling-test-page,/tests/prostate-specific-antigen-psa/,,,,,10745,yes,no,
2026-09-25,psa blood test fasting,phone,selling-test-page,/tests/prostate-specific-antigen-psa/,/tests/prostate-specific-antigen-psa/,2,2,,165,yes,yes,
2026-09-25,psa blood test fasting,desktop,selling-test-page,/tests/prostate-specific-antigen-psa/,/tests/prostate-specific-antigen-psa/,2,,,165,yes,yes,
2026-09-25,psoriatic arthritis blood tests,phone,category,/psoriatic-arthritis-testing/,/psoriatic-arthritis-testing/,6,6,,2906,yes,yes,
2026-09-25,psoriatic arthritis blood tests,desktop,category,/psoriatic-arthritis-testing/,/psoriatic-arthritis-testing/,7,,,2906,yes,yes,
2026-09-25,psoriatic arthritis workup,phone,category,/psoriatic-arthritis-testing/,/psoriatic-arthritis-testing/,6,6,,2580,yes,no,
2026-09-25,psoriatic arthritis workup,desktop,category,/psoriatic-arthritis-testing/,/psoriatic-arthritis-testing/,6,,,2580,yes,no,
2026-09-25,pt inr,phone,selling-test-page,/tests/prothrombin-time-and-international-normalized-ratio-ptinr/,/tests/prothrombin-time-and-international-normalized-ratio-ptinr/,24,24,,103,yes,no,
2026-09-25,pt inr,desktop,selling-test-page,/tests/prothrombin-time-and-international-normalized-ratio-ptinr/,/tests/prothrombin-time-and-international-normalized-ratio-ptinr/,22,,,103,yes,no,
2026-09-25,pth,phone,selling-test-page,/tests/parathyroid-hormone-pth/,/tests/parathyroid-hormone-pth/,25,25,,11,yes,no,
2026-09-25,pth,desktop,selling-test-page,/tests/parathyroid-hormone-pth/,/tests/parathyroid-hormone-pth/,23,,,11,yes,no,
2026-09-25,pth blood test,phone,selling-test-page,/tests/parathyroid-hormone-pth/,/tests/parathyroid-hormone-pth/,14,14,,403,yes,no,
2026-09-25,pth blood test,desktop,selling-test-page,/tests/parathyroid-hormone-pth/,/tests/parathyroid-hormone-pth/,16,,,403,yes,yes,
2026-09-25,pth test,phone,selling-test-page,/tests/parathyroid-hormone-pth/,/tests/parathyroid-hormone-pth/,13,13,,118,yes,yes,
2026-09-25,pth test,desktop,selling-test-page,/tests/parathyroid-hormone-pth/,/tests/parathyroid-hormone-pth/,14,,,118,yes,yes,
2026-09-25,ptinr full form,desktop,leaving,/tests/prothrombin-time-and-international-normalized-ratio-ptinr/,,,,,25,yes,yes,
2026-09-25,ptt,phone,next-in-line,/tests/partial-thromboplastin-time-ptt-aptt/,,,101,,7737,yes,no,
2026-09-25,ptt,desktop,next-in-line,/tests/partial-thromboplastin-time-ptt-aptt/,,,,,7737,yes,no,
2026-09-25,ptt blood test,phone,next-in-line,/tests/partial-thromboplastin-time-ptt-aptt/,/tests/partial-thromboplastin-time-ptt-aptt/,7,7,,4585,yes,yes,
2026-09-25,ptt blood test,desktop,next-in-line,/tests/partial-thromboplastin-time-ptt-aptt/,/tests/partial-thromboplastin-time-ptt-aptt/,9,,,4585,yes,yes,
2026-09-25,ptt test,phone,kept,/tests/partial-thromboplastin-time-ptt-aptt/,/tests/partial-thromboplastin-time-ptt-aptt/,10,10,,284,yes,yes,
2026-09-25,ptt test,desktop,kept,/tests/partial-thromboplastin-time-ptt-aptt/,/tests/lupus-anticoagulant-testing/,56,,,284,yes,yes,
2026-09-25,pulmonary function test,phone,category,/pulmonary-testing/,/pulmonary-testing/,6,6,,5078,yes,no,
2026-09-25,pulmonary function test,desktop,category,/pulmonary-testing/,/pulmonary-testing/,8,,,5078,yes,no,
2026-09-25,pulmonary test,phone,category,/pulmonary-testing/,/pulmonary-testing/,6,6,,693,yes,no,
2026-09-25,pulmonary test,desktop,category,/pulmonary-testing/,/pulmonary-testing/,6,,,693,yes,no,
2026-09-25,ra factor test,phone,kept,/tests/rheumatoid-factor-rf/,/tests/rheumatoid-factor-rf/,28,28,,26,yes,no,
2026-09-25,ra factor test,desktop,kept,/tests/rheumatoid-factor-rf/,/tests/rheumatoid-factor-rf/,32,,,26,yes,no,
2026-09-25,raspberry allergy test,phone,not-ranking-yet,/tests/raspberry-allergy-test/,/tests/raspberry-allergy-test/,3,3,,3,no,no,
2026-09-25,raspberry allergy test,desktop,not-ranking-yet,/tests/raspberry-allergy-test/,/tests/raspberry-allergy-test/,4,,,3,no,no,
2026-09-25,rbc,phone,next-in-line,/tests/red-blood-cell-count-rbc/,,,101,,579,no,no,
2026-09-25,rbc,desktop,next-in-line,/tests/red-blood-cell-count-rbc/,,,,,579,no,no,
2026-09-25,rdw,phone,next-in-line,/tests/rdw-test/,/tests/rdw-test/,11,11,,12208,yes,no,refresh
2026-09-25,rdw,desktop,next-in-line,/tests/rdw-test/,/tests/rdw-test/,11,,,12208,yes,no,
2026-09-25,rdw blood test,phone,next-in-line,/tests/rdw-test/,/tests/rdw-test/,6,6,,103038,yes,no,
2026-09-25,rdw blood test,desktop,next-in-line,/tests/rdw-test/,/tests/rdw-test/,6,,,103038,yes,no,
2026-09-25,red blood cell count,phone,next-in-line,/tests/red-blood-cell-count-rbc/,/tests/red-blood-cell-count-rbc/,24,24,,298,yes,no,
2026-09-25,red blood cell count,desktop,next-in-line,/tests/red-blood-cell-count-rbc/,/tests/red-blood-cell-count-rbc/,24,,,298,yes,no,
2026-09-25,redmond std testing,phone,kept,(city pages),/std-testing/redmond-or/,3,3,,395,no,no,
2026-09-25,redmond std testing,desktop,kept,(city pages),/std-testing/redmond-or/,2,,,395,yes,yes,
2026-09-25,renal function panel,phone,selling-test-page,/tests/renal-panel/,/tests/renal-panel/,5,5,,4372,yes,yes,
2026-09-25,renal function panel,desktop,selling-test-page,/tests/renal-panel/,/tests/renal-panel/,4,,,4372,yes,yes,
2026-09-25,renal function panel test,phone,kept,/tests/renal-panel/,/tests/renal-panel/,2,2,,319,yes,yes,
2026-09-25,renal function panel test,desktop,kept,/tests/renal-panel/,/tests/renal-panel/,2,,,319,yes,yes,
2026-09-25,renal function test,phone,kept,/tests/renal-panel/,/tests/renal-panel/,4,4,,989,yes,yes,
2026-09-25,renal function test,desktop,kept,/tests/renal-panel/,/tests/renal-panel/,9,,,989,yes,yes,
2026-09-25,renal panel,phone,selling-test-page,/tests/renal-panel/,/tests/renal-panel/,3,3,,1437,yes,yes,
2026-09-25,renal panel,desktop,selling-test-page,/tests/renal-panel/,/tests/renal-panel/,3,,,1437,yes,yes,
2026-09-25,repeat lipid panel after starting statin,desktop,leaving,/tests/statin-check-up-panel/,/tests/statin-check-up-panel/,2,,,51,yes,yes,
2026-09-25,reticulocyte,phone,next-in-line,/tests/reticulocytes/,/tests/reticulocytes/,11,11,,3152,yes,yes,refresh
2026-09-25,reticulocyte,desktop,next-in-line,/tests/reticulocytes/,/tests/reticulocytes/,15,,,3152,yes,yes,
2026-09-25,reticulocyte count,phone,next-in-line,/tests/reticulocytes/,/tests/reticulocytes/,10,10,,9220,yes,yes,refresh
2026-09-25,reticulocyte count,desktop,next-in-line,/tests/reticulocytes/,/tests/reticulocytes/,15,,,9220,yes,yes,
2026-09-25,rf test,phone,selling-test-page,/tests/rheumatoid-factor-rf/,/tests/rheumatoid-factor-rf/,23,23,,1017,yes,no,
2026-09-25,rf test,desktop,selling-test-page,/tests/rheumatoid-factor-rf/,,,,,1017,yes,no,
2026-09-25,rf+test,phone,selling-test-page,/tests/rheumatoid-factor-rf/,/tests/rheumatoid-factor-rf/,23,23,,0,yes,no,
2026-09-25,rf+test,desktop,selling-test-page,/tests/rheumatoid-factor-rf/,,,,,0,yes,no,
2026-09-25,rheumatoid arthritis diagnosis,phone,category,/rheumatoid-arthritis-testing/,/rheumatoid-arthritis-testing/,27,27,,111,yes,no,
2026-09-25,rheumatoid arthritis diagnosis,desktop,category,/rheumatoid-arthritis-testing/,/rheumatoid-arthritis-testing/,28,,,111,yes,no,
2026-09-25,rheumatoid arthritis test,phone,category,/rheumatoid-arthritis-testing/,,,101,,147,yes,no,
2026-09-25,rheumatoid arthritis test,desktop,category,/rheumatoid-arthritis-testing/,/rheumatoid-arthritis-testing/,15,,,147,yes,no,
2026-09-25,rheumatoid factor,phone,selling-test-page,/tests/rheumatoid-factor-rf/,/tests/rheumatoid-factor-rf/,21,21,,57,yes,no,
2026-09-25,rheumatoid factor,desktop,selling-test-page,/tests/rheumatoid-factor-rf/,/tests/rheumatoid-factor-rf/,20,,,57,yes,no,
2026-09-25,rheumatoid factor test,phone,kept,/tests/rheumatoid-factor-rf/,/tests/rheumatoid-factor-rf/,25,25,,15,yes,no,
2026-09-25,rheumatoid factor test,desktop,kept,/tests/rheumatoid-factor-rf/,/tests/rheumatoid-factor-rf/,28,,,15,yes,no,
2026-09-25,rpr blood test,phone,std-pages,/std-testing/rpr-test/,/std-testing/rpr-test/,7,7,,4043,yes,yes,
2026-09-25,rpr blood test,desktop,std-pages,/std-testing/rpr-test/,/std-testing/rpr-test/,6,,,4043,yes,yes,
2026-09-25,rpr lab,phone,std-pages,/std-testing/rpr-test/,/std-testing/rpr-test/,11,11,,397,yes,no,
2026-09-25,rpr lab,desktop,std-pages,/std-testing/rpr-test/,/std-testing/rpr-test/,11,,,397,yes,no,
2026-09-25,rpr lab test,phone,std-pages,/std-testing/rpr-test/,/std-testing/rpr-test/,12,12,,1030,yes,no,refresh
2026-09-25,rpr lab test,desktop,std-pages,/std-testing/rpr-test/,/std-testing/rpr-test/,12,,,1030,yes,no,
2026-09-25,rpr qualitative,phone,std-pages,/std-testing/rpr-test/,/std-testing/rpr-test/,2,2,,348,yes,yes,
2026-09-25,rpr qualitative,desktop,std-pages,/std-testing/rpr-test/,/std-testing/rpr-test/,2,,,348,yes,yes,
2026-09-25,rpr quantitative,phone,std-pages,/std-testing/rpr-test/,/std-testing/rpr-test/,1,1,,181,yes,yes,
2026-09-25,rpr quantitative,desktop,std-pages,/std-testing/rpr-test/,/std-testing/rpr-test/,1,,,181,yes,yes,
2026-09-25,rpr screen,phone,std-pages,/std-testing/rpr-test/,,,101,,368,yes,yes,
2026-09-25,rpr screen,desktop,std-pages,/std-testing/rpr-test/,/std-testing/rpr-test/,9,,,368,yes,yes,
2026-09-25,rpr syphilis,phone,std-pages,/std-testing/rpr-test/,/tests/syphilis-test/,34,34,,214,yes,no,other page ranks
2026-09-25,rpr syphilis,desktop,std-pages,/std-testing/rpr-test/,,,,,214,yes,no,
2026-09-25,rpr test,phone,std-pages,/std-testing/rpr-test/,/std-testing/rpr-test/,11,11,,5673,yes,yes,refresh
2026-09-25,rpr test,desktop,std-pages,/std-testing/rpr-test/,/std-testing/rpr-test/,9,,,5673,yes,yes,
2026-09-25,rpr testing,phone,std-pages,/std-testing/rpr-test/,/std-testing/rpr-test/,8,8,,186,yes,yes,
2026-09-25,rpr testing,desktop,std-pages,/std-testing/rpr-test/,/std-testing/rpr-test/,8,,,186,yes,yes,
2026-09-25,rpr titer,phone,std-pages,/std-testing/rpr-test/,/std-testing/rpr-test/,7,7,,1253,yes,yes,
2026-09-25,rpr titer,desktop,std-pages,/std-testing/rpr-test/,/std-testing/rpr-test/,5,,,1253,yes,yes,
2026-09-25,rubella antibodies test,phone,kept,/tests/rubella-igg-immunity-test/,/tests/rubella-test/,14,14,,99,no,no,other page ranks
2026-09-25,rubella antibodies test,desktop,kept,/tests/rubella-igg-immunity-test/,/tests/rubella-test/,13,,,99,yes,no,
2026-09-25,rubella blood test,phone,selling-test-page,/tests/rubella-igg-immunity-test/,/tests/rubella-test/,4,4,,173,yes,yes,other page ranks
2026-09-25,rubella blood test,desktop,selling-test-page,/tests/rubella-igg-immunity-test/,/tests/rubella-test/,4,,,173,yes,yes,
2026-09-25,rubella test,phone,selling-test-page,/tests/rubella-igg-immunity-test/,/tests/rubella-test/,3,3,,196,no,no,other page ranks
2026-09-25,rubella test,desktop,selling-test-page,/tests/rubella-igg-immunity-test/,/tests/rubella-test/,3,,,196,yes,yes,
2026-09-25,rubella titer,phone,selling-test-page,/tests/rubella-igg-immunity-test/,/tests/rubella-test/,14,14,,501,yes,no,other page ranks
2026-09-25,rubella titer,desktop,selling-test-page,/tests/rubella-igg-immunity-test/,/tests/rubella-test/,14,,,501,yes,no,
2026-09-25,rubella titer test,phone,kept,/tests/rubella-igg-immunity-test/,/tests/rubella-test/,17,17,,204,yes,no,other page ranks
2026-09-25,rubella titer test,desktop,kept,/tests/rubella-igg-immunity-test/,/tests/rubella-test/,17,,,204,yes,yes,
2026-09-25,salmon allergy test,phone,not-ranking-yet,/tests/salmon-allergy-test/,/tests/salmon-allergy-test/,6,6,,5,yes,yes,
2026-09-25,salmon allergy test,desktop,not-ranking-yet,/tests/salmon-allergy-test/,/tests/salmon-allergy-test/,8,,,5,yes,yes,
2026-09-25,sermorelin,phone,treatments,/treatments/sermorelin/,/treatments/sermorelin-benefits/,4,4,,88982,yes,yes,other page ranks
2026-09-25,sermorelin,desktop,treatments,/treatments/sermorelin/,/treatments/sermorelin-benefits/,4,,,88982,yes,yes,
2026-09-25,sermorelin injections,phone,treatments,/treatments/sermorelin/,/treatments/sermorelin-benefits/,1,1,,1185,yes,yes,other page ranks
2026-09-25,sermorelin injections,desktop,treatments,/treatments/sermorelin/,/treatments/sermorelin/,14,,,1185,yes,yes,
2026-09-25,sermorelin peptide,phone,treatments,/treatments/sermorelin/,/treatments/sermorelin-benefits/,4,4,,38955,yes,yes,other page ranks
2026-09-25,sermorelin peptide,desktop,treatments,/treatments/sermorelin/,/treatments/sermorelin-benefits/,4,,,38955,yes,yes,
2026-09-25,sermorelin therapy,phone,treatments,/treatments/sermorelin/,/treatments/sermorelin-benefits/,2,2,,1212,yes,yes,other page ranks
2026-09-25,sermorelin therapy,desktop,treatments,/treatments/sermorelin/,/treatments/sermorelin-benefits/,2,,,1212,yes,yes,
2026-09-25,serum pregnancy test fasting required,desktop,leaving,/tests/pregnancy-test-hcg/,/tests/pregnancy-test-hcg/,1,,,127,yes,no,
2026-09-25,sex hormone binding globulin,phone,selling-test-page,/tests/sex-hormone-binding-globulin-shbg/,/tests/sex-hormone-binding-globulin-shbg/,27,27,,165,yes,no,
2026-09-25,sex hormone binding globulin,desktop,selling-test-page,/tests/sex-hormone-binding-globulin-shbg/,,,,,165,yes,no,
2026-09-25,sexually transmitted diseases test price,phone,std-pages,/std-test-pricing/,/std-testing/atlanta-ga/,6,6,,1835,no,no,other page ranks
2026-09-25,sexually transmitted diseases test price,desktop,std-pages,/std-test-pricing/,/std-testing/new-york-city-ny/,44,,,1835,yes,no,
2026-09-25,shbg blood test,phone,selling-test-page,/tests/sex-hormone-binding-globulin-shbg/,/tests/sex-hormone-binding-globulin-shbg/,10,10,,1816,yes,yes,refresh
2026-09-25,shbg blood test,desktop,selling-test-page,/tests/sex-hormone-binding-globulin-shbg/,/tests/sex-hormone-binding-globulin-shbg/,8,,,1816,yes,yes,
2026-09-25,shbg test,phone,selling-test-page,/tests/sex-hormone-binding-globulin-shbg/,/tests/sex-hormone-binding-globulin-shbg/,8,8,,2263,yes,no,refresh
2026-09-25,shbg test,desktop,selling-test-page,/tests/sex-hormone-binding-globulin-shbg/,/tests/sex-hormone-binding-globulin-shbg/,12,,,2263,yes,no,
2026-09-25,shingles blood test,phone,kept,/tests/chickenpox-and-shingles-tests/,/tests/chickenpox-and-shingles-tests/,6,6,,258,yes,no,
2026-09-25,shingles blood test,desktop,kept,/tests/chickenpox-and-shingles-tests/,/tests/chickenpox-and-shingles-tests/,6,,,258,yes,no,
2026-09-25,shingles test,phone,kept,/tests/chickenpox-and-shingles-tests/,/tests/chickenpox-and-shingles-tests/,7,7,,497,yes,yes,
2026-09-25,shingles test,desktop,kept,/tests/chickenpox-and-shingles-tests/,/tests/chickenpox-and-shingles-tests/,7,,,497,yes,yes,
2026-09-25,shrimp allergy test,phone,not-ranking-yet,/tests/shrimp-allergy-test/,/tests/at-home-food-allergy-test/,39,39,,10,yes,yes,other page ranks
2026-09-25,shrimp allergy test,desktop,not-ranking-yet,/tests/shrimp-allergy-test/,/tests/shrimp-allergy-test/,12,,,10,yes,yes,
2026-09-25,sickle cell disease test,phone,selling-test-page,/tests/sickle-cell-disease-test/,/tests/sickle-cell-tests/,11,11,,88,yes,yes,other page ranks
2026-09-25,sickle cell disease test,desktop,selling-test-page,/tests/sickle-cell-disease-test/,/tests/sickle-cell-tests/,16,,,88,yes,yes,
2026-09-25,sickle cell test,phone,next-in-line,/tests/sickle-cell-tests/,/tests/sickle-cell-tests/,9,9,,2732,yes,yes,refresh
2026-09-25,sickle cell test,desktop,next-in-line,/tests/sickle-cell-tests/,/tests/sickle-cell-tests/,8,,,2732,yes,yes,
2026-09-25,sickle cell testing,phone,next-in-line,/tests/sickle-cell-tests/,/tests/sickle-cell-tests/,13,13,,455,yes,yes,
2026-09-25,sickle cell testing,desktop,next-in-line,/tests/sickle-cell-tests/,/tests/sickle-cell-tests/,13,,,455,yes,yes,
2026-09-25,sleep apnea diagnosis,phone,category,/sleep-apnea-testing/,/sleep-apnea-testing/,22,22,,551,yes,no,
2026-09-25,sleep apnea diagnosis,desktop,category,/sleep-apnea-testing/,/sleep-apnea-testing/,20,,,551,yes,no,
2026-09-25,sleep apnea test,phone,category,/sleep-apnea-testing/,/sleep-apnea-testing/,8,8,,15040,yes,no,refresh
2026-09-25,sleep apnea test,desktop,category,/sleep-apnea-testing/,,,,,15040,yes,no,
2026-09-25,smooth muscle ab screen,phone,next-in-line,/tests/smooth-muscle-antibody-sma-and-f-actin-antibody/,/tests/smooth-muscle-antibody-sma-and-f-actin-antibody/,9,9,,98,yes,yes,
2026-09-25,smooth muscle ab screen,desktop,next-in-line,/tests/smooth-muscle-antibody-sma-and-f-actin-antibody/,/tests/smooth-muscle-antibody-sma-and-f-actin-antibody/,11,,,98,yes,yes,
2026-09-25,sodium blood test,phone,next-in-line,/tests/sodium/,/tests/sodium/,5,5,,2939,yes,yes,
2026-09-25,sodium blood test,desktop,next-in-line,/tests/sodium/,/tests/sodium/,15,,,2939,yes,yes,
2026-09-25,standard std panel,phone,std-pages,/std-testing/standard-std-panel/,/std-testing/standard-std-panel/,1,1,,208,no,no,
2026-09-25,standard std panel,desktop,std-pages,/std-testing/standard-std-panel/,/std-testing/standard-std-panel/,1,,,208,no,no,
2026-09-25,statin check up panel,phone,kept,/tests/statin-check-up-panel/,/tests/statin-check-up-panel/,1,1,,34,no,no,
2026-09-25,statin check up panel,desktop,kept,/tests/statin-check-up-panel/,/tests/statin-check-up-panel/,1,,,34,yes,yes,
2026-09-25,std blood test,phone,std-pages,/std-testing/,/std-testing/standard-std-panel/,46,46,,9028,no,no,other page ranks
2026-09-25,std blood test,desktop,std-pages,/std-testing/,/std-testing/standard-std-panel/,44,,,9028,no,no,
2026-09-25,std bump on penis,phone,std-pages,/std-testing/,/articles/bumps-on-head-penis/,1,1,,27,yes,yes,other page ranks
2026-09-25,std bump on penis,desktop,std-pages,/std-testing/,/articles/bumps-on-head-penis/,1,,,27,yes,yes,
2026-09-25,std check,phone,std-pages,/std-testing/,/std-testing/california/,12,12,,7129,yes,no,refresh
2026-09-25,std check,desktop,std-pages,/std-testing/,/std-testing/california/,27,,,7129,yes,no,
2026-09-25,std check test,phone,std-pages,/std-testing/,/std-testing/new-york-city-ny/,11,11,,2871,no,no,refresh; other page ranks
2026-09-25,std check test,desktop,std-pages,/std-testing/,/std-testing/new-york-city-ny/,11,,,2871,no,no,
2026-09-25,std clinic,phone,std-pages,(city pages),/std-testing/sarasota-fl/,88,88,,2401,yes,no,
2026-09-25,std clinic,desktop,std-pages,(city pages),/std-testing/east-los-angeles-ca/,57,,,2401,no,no,
2026-09-25,std exam cost,phone,std-pages,/std-test-pricing/,/std-test-pricing/,1,1,,1931,no,no,
2026-09-25,std exam cost,desktop,std-pages,/std-test-pricing/,/std-test-pricing/,1,,,1931,no,no,
2026-09-25,std panel,phone,std-pages,/std-testing/standard-std-panel/,/std-testing/standard-std-panel/,1,1,,3196,yes,no,
2026-09-25,std panel,desktop,std-pages,/std-testing/standard-std-panel/,/std-testing/standard-std-panel/,1,,,3196,no,no,
2026-09-25,std panel test,phone,std-pages,/std-testing/standard-std-panel/,/std-testing/san-diego-ca/,9,9,,1520,no,no,refresh; other page ranks
2026-09-25,std panel test,desktop,std-pages,/std-testing/standard-std-panel/,/std-testing/standard-std-panel/,7,,,1520,no,no,
2026-09-25,std screening,phone,std-pages,/std-testing/,/std-testing/,7,7,,8245,yes,no,
2026-09-25,std screening,desktop,std-pages,/std-testing/,/std-testing/,8,,,8245,yes,no,
2026-09-25,std test,phone,std-pages,/std-testing/,/std-testing/atlanta-ga/,9,9,,22985,no,no,refresh
2026-09-25,std test,desktop,std-pages,/std-testing/,/std-testing/clemson-sc/,1,,,22985,yes,yes,
2026-09-25,std test carson city nevada,phone,std-city,/std-testing/carson-city-nv/,/std-testing/carson-city-nv/,5,5,,286,no,no,
2026-09-25,std test carson city nevada,desktop,std-city,/std-testing/carson-city-nv/,/std-testing/carson-city-nv/,4,,,286,no,no,
2026-09-25,std test cost,phone,std-pages,/std-test-pricing/,/std-test-pricing/,1,1,,457,no,no,
2026-09-25,std test cost,desktop,std-pages,/std-test-pricing/,/std-test-pricing/,1,,,457,no,no,
2026-09-25,std test cypress california,phone,std-city,/std-testing/cypress-ca/,/std-testing/cypress-ca/,4,4,,251,no,no,
2026-09-25,std test cypress california,desktop,std-city,/std-testing/cypress-ca/,/std-testing/cypress-ca/,4,,,251,no,no,
2026-09-25,std test doral florida,phone,std-city,/std-testing/doral-fl/,/std-testing/doral-fl/,4,4,,259,no,no,
2026-09-25,std test doral florida,desktop,std-city,/std-testing/doral-fl/,/std-testing/doral-fl/,2,,,259,yes,yes,
2026-09-25,std test euless texas,phone,std-city,/std-testing/euless-tx/,/std-testing/euless-tx/,4,4,,219,no,no,
2026-09-25,std test euless texas,desktop,std-city,/std-testing/euless-tx/,/std-testing/euless-tx/,2,,,219,yes,yes,
2026-09-25,std test for women,phone,std-pages,/std-testing/,/tests/at-home-std-test/,14,14,,22,no,no,other page ranks
2026-09-25,std test for women,desktop,std-pages,/std-testing/,/tests/at-home-std-test/,16,,,22,no,no,
2026-09-25,std test price,phone,std-pages,/std-test-pricing/,/std-test-pricing/,1,1,,7048,no,no,
2026-09-25,std test price,desktop,std-pages,/std-test-pricing/,/std-test-pricing/,1,,,7048,no,no,
2026-09-25,std test pricing,phone,std-pages,/std-test-pricing/,/std-test-pricing/,1,1,,208,no,no,
2026-09-25,std test pricing,desktop,std-pages,/std-test-pricing/,/std-test-pricing/,2,,,208,no,no,
2026-09-25,std testing,phone,std-pages,/std-testing/,/std-testing/,7,7,,56966,no,no,
2026-09-25,std testing,desktop,std-pages,/std-testing/,/std-testing/california/,9,,,56966,yes,yes,
2026-09-25,std testing abilene tx,phone,std-city,/std-testing/abilene-tx/,/std-testing/abilene-tx/,6,6,,143,no,no,
2026-09-25,std testing abilene tx,desktop,std-city,/std-testing/abilene-tx/,/std-testing/abilene-tx/,3,,,143,no,no,
2026-09-25,std testing addison,phone,std-city,/std-testing/addison-il/,/std-testing/addison-il/,8,8,,176,no,no,
2026-09-25,std testing addison,desktop,std-city,/std-testing/addison-il/,/std-testing/addison-il/,5,,,176,no,no,
2026-09-25,std testing akron oh,phone,std-city,/std-testing/akron-oh/,/std-testing/akron-oh/,7,7,,257,no,no,
2026-09-25,std testing akron oh,desktop,std-city,/std-testing/akron-oh/,/std-testing/akron-oh/,6,,,257,no,no,
2026-09-25,std testing albany ga,phone,std-city,/std-testing/albany-ga/,/std-testing/albany-ga/,4,4,,149,no,no,
2026-09-25,std testing albany ga,desktop,std-city,/std-testing/albany-ga/,/std-testing/albany-ga/,4,,,149,no,no,
2026-09-25,std testing albany ny,phone,std-city,/std-testing/albany-ny/,/std-testing/albany-ny/,5,5,,255,no,no,
2026-09-25,std testing albany ny,desktop,std-city,/std-testing/albany-ny/,/std-testing/albany-ny/,2,,,255,yes,yes,
2026-09-25,std testing albuquerque nm,phone,std-city,/std-testing/albuquerque-nm/,/std-testing/albuquerque-nm/,6,6,,264,no,no,
2026-09-25,std testing albuquerque nm,desktop,std-city,/std-testing/albuquerque-nm/,/std-testing/albuquerque-nm/,6,,,264,no,no,
2026-09-25,std testing alexandria la,phone,std-city,/std-testing/alexandria-la/,/std-testing/alexandria-la/,4,4,,313,no,no,
2026-09-25,std testing alexandria la,desktop,std-city,/std-testing/alexandria-la/,/std-testing/alexandria-la/,4,,,313,no,no,
2026-09-25,std testing alexandria va,phone,std-city,/std-testing/alexandria-va/,/std-testing/alexandria-va/,4,4,,222,no,no,
2026-09-25,std testing alexandria va,desktop,std-city,/std-testing/alexandria-va/,/std-testing/alexandria-va/,5,,,222,no,no,
2026-09-25,std testing allen tx,phone,std-city,/std-testing/allen-tx/,/std-testing/allen-tx/,4,4,,146,yes,yes,
2026-09-25,std testing allen tx,desktop,std-city,/std-testing/allen-tx/,/std-testing/allen-tx/,4,,,146,no,no,
2026-09-25,std testing allentown pa,phone,std-city,/std-testing/allentown-pa/,/std-testing/allentown-pa/,6,6,,231,no,no,
2026-09-25,std testing allentown pa,desktop,std-city,/std-testing/allentown-pa/,/std-testing/allentown-pa/,6,,,231,no,no,
2026-09-25,std testing alpharetta,phone,std-city,/std-testing/alpharetta-ga/,/std-testing/alpharetta-ga/,2,2,,331,yes,yes,
2026-09-25,std testing alpharetta,desktop,std-city,/std-testing/alpharetta-ga/,/std-testing/alpharetta-ga/,2,,,331,yes,yes,
2026-09-25,std testing altamonte springs,phone,std-city,/std-testing/altamonte-springs-fl/,/std-testing/altamonte-springs-fl/,7,7,,136,no,no,
2026-09-25,std testing altamonte springs,desktop,std-city,/std-testing/altamonte-springs-fl/,/std-testing/altamonte-springs-fl/,7,,,136,no,no,
2026-09-25,std testing alton il,phone,std-city,/std-testing/alton-il/,/std-testing/alton-il/,5,5,,206,no,no,
2026-09-25,std testing alton il,desktop,std-city,/std-testing/alton-il/,/std-testing/alton-il/,5,,,206,no,no,
2026-09-25,std testing amarillo tx,phone,std-city,/std-testing/amarillo-tx/,/std-testing/amarillo-tx/,5,5,,124,no,no,
2026-09-25,std testing amarillo tx,desktop,std-city,/std-testing/amarillo-tx/,/std-testing/amarillo-tx/,5,,,124,no,no,
2026-09-25,std testing ames,phone,std-city,/std-testing/ames-ia/,/std-testing/ames-ia/,6,6,,255,no,no,
2026-09-25,std testing ames,desktop,std-city,/std-testing/ames-ia/,/std-testing/ames-ia/,3,,,255,no,no,
2026-09-25,std testing ames ia,phone,std-city,/std-testing/ames-ia/,/std-testing/ames-ia/,6,6,,304,no,no,
2026-09-25,std testing ames ia,desktop,std-city,/std-testing/ames-ia/,/std-testing/ames-ia/,7,,,304,no,no,
2026-09-25,std testing anaheim ca,phone,std-city,/std-testing/anaheim-ca/,/std-testing/anaheim-ca/,4,4,,200,no,no,
2026-09-25,std testing anaheim ca,desktop,std-city,/std-testing/anaheim-ca/,/std-testing/anaheim-ca/,2,,,200,no,no,
2026-09-25,std testing anchorage ak,phone,std-city,/std-testing/anchorage-ak/,/std-testing/anchorage-ak/,5,5,,164,no,no,
2026-09-25,std testing anchorage ak,desktop,std-city,/std-testing/anchorage-ak/,/std-testing/anchorage-ak/,4,,,164,no,no,
2026-09-25,std testing anderson sc,phone,std-city,/std-testing/anderson-sc/,/std-testing/anderson-sc/,4,4,,149,no,no,
2026-09-25,std testing anderson sc,desktop,std-city,/std-testing/anderson-sc/,/std-testing/anderson-sc/,4,,,149,no,no,
2026-09-25,std testing ann arbor mi,phone,std-city,/std-testing/ann-arbor-mi/,/std-testing/ann-arbor-mi/,4,4,,333,no,no,
2026-09-25,std testing ann arbor mi,desktop,std-city,/std-testing/ann-arbor-mi/,/std-testing/ann-arbor-mi/,5,,,333,no,no,
2026-09-25,std testing annandale va,phone,std-city,/std-testing/annandale-va/,/std-testing/annandale-va/,6,6,,199,no,no,
2026-09-25,std testing annandale va,desktop,std-city,/std-testing/annandale-va/,/std-testing/annandale-va/,5,,,199,no,no,
2026-09-25,std testing annapolis,phone,std-city,/std-testing/annapolis-md/,/std-testing/annapolis-md/,8,8,,298,no,no,
2026-09-25,std testing annapolis,desktop,std-city,/std-testing/annapolis-md/,/std-testing/annapolis-md/,8,,,298,no,no,
2026-09-25,std testing apple valley,phone,std-city,/std-testing/apple-valley-ca/,/std-testing/apple-valley-ca/,7,7,,145,no,no,
2026-09-25,std testing apple valley,desktop,std-city,/std-testing/apple-valley-ca/,/std-testing/apple-valley-ca/,9,,,145,yes,no,
2026-09-25,std testing apple valley ca,phone,std-city,/std-testing/apple-valley-ca/,/std-testing/apple-valley-ca/,7,7,,86,no,no,
2026-09-25,std testing apple valley ca,desktop,std-city,/std-testing/apple-valley-ca/,/std-testing/apple-valley-ca/,6,,,86,no,no,
2026-09-25,std testing arcadia,phone,std-city,/std-testing/arcadia-ca/,/std-testing/arcadia-ca/,4,4,,167,no,no,
2026-09-25,std testing arcadia,desktop,std-city,/std-testing/arcadia-ca/,/std-testing/arcadia-ca/,4,,,167,no,no,
2026-09-25,std testing arlington heights il,phone,std-city,/std-testing/arlington-heights-il/,/std-testing/arlington-heights-il/,4,4,,169,no,no,
2026-09-25,std testing arlington heights il,desktop,std-city,/std-testing/arlington-heights-il/,/std-testing/arlington-heights-il/,4,,,169,no,no,
2026-09-25,std testing arlington tx,phone,std-city,/std-testing/arlington-tx/,/std-testing/arlington-tx/,7,7,,285,no,no,
2026-09-25,std testing arlington tx,desktop,std-city,/std-testing/arlington-tx/,/std-testing/arlington-tx/,7,,,285,no,no,
2026-09-25,std testing arlington va,phone,std-city,/std-testing/arlington-va/,/std-testing/arlington-va/,5,5,,226,no,no,
2026-09-25,std testing arlington va,desktop,std-city,/std-testing/arlington-va/,/std-testing/arlington-va/,6,,,226,no,no,
2026-09-25,std testing asheville nc,phone,std-city,/std-testing/asheville-nc/,/std-testing/asheville-nc/,8,8,,261,no,no,
2026-09-25,std testing asheville nc,desktop,std-city,/std-testing/asheville-nc/,/std-testing/asheville-nc/,8,,,261,no,no,
2026-09-25,std testing athens ga,phone,std-city,/std-testing/athens-ga/,/std-testing/athens-ga/,4,4,,245,no,no,
2026-09-25,std testing athens ga,desktop,std-city,/std-testing/athens-ga/,/std-testing/athens-ga/,1,,,245,yes,yes,
2026-09-25,std testing auburn al,phone,std-city,/std-testing/auburn-al/,/std-testing/auburn-al/,4,4,,112,no,no,
2026-09-25,std testing auburn al,desktop,std-city,/std-testing/auburn-al/,/std-testing/auburn-al/,5,,,112,no,no,
2026-09-25,std testing auburn wa,phone,std-city,/std-testing/auburn-wa/,/std-testing/auburn-wa/,3,3,,141,yes,no,
2026-09-25,std testing auburn wa,desktop,std-city,/std-testing/auburn-wa/,/std-testing/auburn-wa/,2,,,141,no,no,
2026-09-25,std testing augusta ga,phone,std-city,/std-testing/augusta-ga/,/std-testing/augusta-ga/,4,4,,291,no,no,
2026-09-25,std testing augusta ga,desktop,std-city,/std-testing/augusta-ga/,/std-testing/augusta-ga/,4,,,291,no,no,
2026-09-25,std testing aurora co,phone,std-city,/std-testing/aurora-co/,/std-testing/aurora-co/,6,6,,285,no,no,
2026-09-25,std testing aurora co,desktop,std-city,/std-testing/aurora-co/,/std-testing/aurora-co/,5,,,285,no,no,
2026-09-25,std testing aurora il,phone,std-city,/std-testing/aurora-il/,/std-testing/aurora-il/,5,5,,106,no,no,
2026-09-25,std testing aurora il,desktop,std-city,/std-testing/aurora-il/,/std-testing/aurora-il/,5,,,106,no,no,
2026-09-25,std testing aventura,phone,std-city,/std-testing/aventura-fl/,/std-testing/aventura-fl/,3,3,,223,yes,no,
2026-09-25,std testing aventura,desktop,std-city,/std-testing/aventura-fl/,/std-testing/aventura-fl/,5,,,223,yes,yes,
2026-09-25,std testing avondale az,phone,std-city,/std-testing/avondale-az/,/std-testing/avondale-az/,6,6,,259,no,no,
2026-09-25,std testing avondale az,desktop,std-city,/std-testing/avondale-az/,/std-testing/avondale-az/,6,,,259,yes,yes,
2026-09-25,std testing bakersfield ca,phone,std-city,/std-testing/bakersfield-ca/,/std-testing/bakersfield-ca/,7,7,,90,no,no,
2026-09-25,std testing bakersfield ca,desktop,std-city,/std-testing/bakersfield-ca/,/std-testing/bakersfield-ca/,7,,,90,no,no,
2026-09-25,std testing battle creek mi,phone,std-city,/std-testing/battle-creek-mi/,/std-testing/battle-creek-mi/,4,4,,162,no,no,
2026-09-25,std testing battle creek mi,desktop,std-city,/std-testing/battle-creek-mi/,/std-testing/battle-creek-mi/,4,,,162,no,no,
2026-09-25,std testing baytown tx,phone,std-city,/std-testing/baytown-tx/,/std-testing/baytown-tx/,6,6,,80,no,no,
2026-09-25,std testing baytown tx,desktop,std-city,/std-testing/baytown-tx/,/std-testing/baytown-tx/,6,,,80,no,no,
2026-09-25,std testing beaumont tx,phone,std-city,/std-testing/beaumont-tx/,/std-testing/beaumont-tx/,5,5,,159,no,no,
2026-09-25,std testing beaumont tx,desktop,std-city,/std-testing/beaumont-tx/,/std-testing/beaumont-tx/,4,,,159,no,no,
2026-09-25,std testing beavercreek,phone,std-city,/std-testing/beavercreek-oh/,/std-testing/beavercreek-oh/,4,4,,158,no,no,
2026-09-25,std testing beavercreek,desktop,std-city,/std-testing/beavercreek-oh/,/std-testing/beavercreek-oh/,1,,,158,no,no,
2026-09-25,std testing beaverton or,phone,std-city,/std-testing/tualatin-or/,/std-testing/beaverton-or/,5,5,,319,no,no,other page ranks
2026-09-25,std testing beaverton or,desktop,std-city,/std-testing/tualatin-or/,/std-testing/beaverton-or/,5,,,319,yes,yes,
2026-09-25,std testing bellevue wa,phone,std-city,/std-testing/bellevue-wa/,/std-testing/bellevue-wa/,5,5,,280,no,no,
2026-09-25,std testing bellevue wa,desktop,std-city,/std-testing/bellevue-wa/,/std-testing/bellevue-wa/,5,,,280,no,no,
2026-09-25,std testing bellingham wa,phone,std-city,/std-testing/bellingham-wa/,/std-testing/bellingham-wa/,6,6,,136,no,no,
2026-09-25,std testing bellingham wa,desktop,std-city,/std-testing/bellingham-wa/,/std-testing/bellingham-wa/,3,,,136,no,no,
2026-09-25,std testing bentonville,phone,std-city,/std-testing/bentonville-ar/,/std-testing/bentonville-ar/,5,5,,384,no,no,
2026-09-25,std testing bentonville,desktop,std-city,/std-testing/bentonville-ar/,/std-testing/bentonville-ar/,5,,,384,no,no,
2026-09-25,std testing berkeley ca,phone,std-city,/std-testing/berkeley-ca/,/std-testing/berkeley-ca/,4,4,,133,yes,yes,
2026-09-25,std testing berkeley ca,desktop,std-city,/std-testing/berkeley-ca/,/std-testing/berkeley-ca/,4,,,133,yes,no,
2026-09-25,std testing berwyn il,phone,std-city,/std-testing/berwyn-il/,/std-testing/berwyn-il/,5,5,,228,no,no,
2026-09-25,std testing berwyn il,desktop,std-city,/std-testing/berwyn-il/,/std-testing/berwyn-il/,6,,,228,no,no,
2026-09-25,std testing bethlehem pa,phone,std-city,/std-testing/bethlehem-pa/,/std-testing/bethlehem-pa/,4,4,,195,no,no,
2026-09-25,std testing bethlehem pa,desktop,std-city,/std-testing/bethlehem-pa/,/std-testing/bethlehem-pa/,1,,,195,yes,yes,
2026-09-25,std testing beverly,phone,std-city,/std-testing/beverly-ma/,/std-testing/beverly-ma/,6,6,,284,no,no,
2026-09-25,std testing beverly,desktop,std-city,/std-testing/beverly-ma/,/std-testing/beverly-ma/,5,,,284,no,no,
2026-09-25,std testing billings mt,phone,std-city,/std-testing/billings-mt/,/std-testing/billings-mt/,6,6,,95,no,no,
2026-09-25,std testing billings mt,desktop,std-city,/std-testing/billings-mt/,/std-testing/billings-mt/,6,,,95,no,no,
2026-09-25,std testing binghamton ny,phone,std-city,/std-testing/binghamton-ny/,/std-testing/binghamton-ny/,7,7,,87,no,no,
2026-09-25,std testing binghamton ny,desktop,std-city,/std-testing/binghamton-ny/,/std-testing/binghamton-ny/,7,,,87,no,no,
2026-09-25,std testing birmingham al,phone,std-city,/std-testing/birmingham-al/,/std-testing/birmingham-al/,9,9,,314,no,no,
2026-09-25,std testing birmingham al,desktop,std-city,/std-testing/birmingham-al/,/std-testing/birmingham-al/,9,,,314,yes,no,
2026-09-25,std testing bismarck nd,phone,std-city,/std-testing/bismarck-nd/,/std-testing/bismarck-nd/,5,5,,185,no,no,
2026-09-25,std testing bismarck nd,desktop,std-city,/std-testing/bismarck-nd/,/std-testing/bismarck-nd/,5,,,185,no,no,
2026-09-25,std testing blacksburg va,phone,std-city,/std-testing/blacksburg-va/,/std-testing/blacksburg-va/,6,6,,156,no,no,
2026-09-25,std testing blacksburg va,desktop,std-city,/std-testing/blacksburg-va/,/std-testing/blacksburg-va/,6,,,156,no,no,
2026-09-25,std testing bloomington il,phone,std-city,/std-testing/bloomington-il/,/std-testing/bloomington-il/,5,5,,104,yes,yes,
2026-09-25,std testing bloomington il,desktop,std-city,/std-testing/bloomington-il/,/std-testing/bloomington-il/,5,,,104,no,no,
2026-09-25,std testing bloomsburg pa,phone,std-city,/std-testing/bloomsburg-pa/,/std-testing/bloomsburg-pa/,4,4,,117,yes,no,
2026-09-25,std testing bloomsburg pa,desktop,std-city,/std-testing/bloomsburg-pa/,/std-testing/bloomsburg-pa/,3,,,117,no,no,
2026-09-25,std testing blue springs,phone,std-city,/std-testing/blue-springs-mo/,/std-testing/blue-springs-mo/,5,5,,239,no,no,
2026-09-25,std testing blue springs,desktop,std-city,/std-testing/blue-springs-mo/,/std-testing/blue-springs-mo/,5,,,239,no,no,
2026-09-25,std testing boca raton fl,phone,std-city,/std-testing/boca-raton-fl/,/std-testing/boca-raton-fl/,4,4,,176,no,no,
2026-09-25,std testing boca raton fl,desktop,std-city,/std-testing/boca-raton-fl/,/std-testing/boca-raton-fl/,4,,,176,no,no,
2026-09-25,std testing bolingbrook,phone,std-city,/std-testing/bolingbrook-il/,/std-testing/bolingbrook-il/,7,7,,143,no,no,
2026-09-25,std testing bolingbrook,desktop,std-city,/std-testing/bolingbrook-il/,/std-testing/bolingbrook-il/,7,,,143,no,no,
2026-09-25,std testing bossier city,phone,std-city,/std-testing/bossier-city-la/,/std-testing/bossier-city-la/,6,6,,186,no,no,
2026-09-25,std testing bossier city,desktop,std-city,/std-testing/bossier-city-la/,/std-testing/bossier-city-la/,4,,,186,no,no,
2026-09-25,std testing bothell wa,phone,std-city,/std-testing/bothell-wa/,/std-testing/bothell-wa/,5,5,,387,no,no,
2026-09-25,std testing bothell wa,desktop,std-city,/std-testing/bothell-wa/,/std-testing/bothell-wa/,5,,,387,no,no,
2026-09-25,std testing boulder co,phone,std-city,/std-testing/boulder-co/,/std-testing/boulder-co/,8,8,,146,no,no,
2026-09-25,std testing boulder co,desktop,std-city,/std-testing/boulder-co/,/std-testing/boulder-co/,8,,,146,no,no,
2026-09-25,std testing bowie md,phone,std-city,/std-testing/bowie-md/,/std-testing/bowie-md/,4,4,,105,no,no,
2026-09-25,std testing bowie md,desktop,std-city,/std-testing/bowie-md/,/std-testing/bowie-md/,4,,,105,no,no,
2026-09-25,std testing bowling green ky,phone,std-city,/std-testing/bowling-green-ky/,/std-testing/bowling-green-ky/,5,5,,208,no,no,
2026-09-25,std testing bowling green ky,desktop,std-city,/std-testing/bowling-green-ky/,/std-testing/bowling-green-ky/,5,,,208,no,no,
2026-09-25,std testing boynton beach fl,phone,std-city,/std-testing/boynton-beach-fl/,/std-testing/boynton-beach-fl/,4,4,,166,no,no,
2026-09-25,std testing boynton beach fl,desktop,std-city,/std-testing/boynton-beach-fl/,/std-testing/boynton-beach-fl/,4,,,166,no,no,
2026-09-25,std testing bozeman,phone,std-city,/std-testing/bozeman-mt/,/std-testing/bozeman-mt/,5,5,,273,no,no,
2026-09-25,std testing bozeman,desktop,std-city,/std-testing/bozeman-mt/,/std-testing/bozeman-mt/,7,,,273,no,no,
2026-09-25,std testing bradenton,phone,std-city,/std-testing/bradenton-fl/,/std-testing/bradenton-fl/,6,6,,227,no,no,
2026-09-25,std testing bradenton,desktop,std-city,/std-testing/bradenton-fl/,/std-testing/bradenton-fl/,5,,,227,no,no,
2026-09-25,std testing brandon fl,phone,std-city,/std-testing/brandon-fl/,/std-testing/brandon-fl/,5,5,,189,no,no,
2026-09-25,std testing brandon fl,desktop,std-city,/std-testing/brandon-fl/,/std-testing/brandon-fl/,5,,,189,no,no,
2026-09-25,std testing brea ca,phone,std-city,/std-testing/brea-ca/,/std-testing/brea-ca/,5,5,,109,no,no,
2026-09-25,std testing brea ca,desktop,std-city,/std-testing/brea-ca/,/std-testing/brea-ca/,5,,,109,no,no,
2026-09-25,std testing bremerton wa,phone,std-city,/std-testing/bremerton-wa/,/std-testing/bremerton-wa/,2,2,,116,no,no,
2026-09-25,std testing bremerton wa,desktop,std-city,/std-testing/bremerton-wa/,/std-testing/bremerton-wa/,1,,,116,yes,no,
2026-09-25,std testing brentwood,phone,std-city,/std-testing/brentwood-ca/,/std-testing/brentwood-ca/,6,6,,292,no,no,
2026-09-25,std testing brentwood,desktop,std-city,/std-testing/brentwood-ca/,/std-testing/brentwood-ca/,6,,,292,no,no,
2026-09-25,std testing brentwood tn,phone,std-city,/std-testing/brentwood-tn/,/std-testing/brentwood-tn/,8,8,,214,no,no,
2026-09-25,std testing brentwood tn,desktop,std-city,/std-testing/brentwood-tn/,/std-testing/brentwood-tn/,8,,,214,no,no,
2026-09-25,std testing bridgeport ct,phone,std-city,/std-testing/bridgeport-ct/,/std-testing/bridgeport-ct/,5,5,,166,no,no,
2026-09-25,std testing bridgeport ct,desktop,std-city,/std-testing/bridgeport-ct/,/std-testing/bridgeport-ct/,5,,,166,no,no,
2026-09-25,std testing bristol,phone,std-city,/std-testing/bristol-ct/,/std-testing/bristol-ct/,2,2,,261,no,no,
2026-09-25,std testing bristol,desktop,std-city,/std-testing/bristol-ct/,/std-testing/bristol-ct/,24,,,261,yes,no,
2026-09-25,std testing brockton ma,phone,std-city,/std-testing/brockton-ma/,/std-testing/brockton-ma/,2,2,,83,yes,no,
2026-09-25,std testing brockton ma,desktop,std-city,/std-testing/brockton-ma/,/std-testing/brockton-ma/,1,,,83,yes,no,
2026-09-25,std testing broken arrow ok,phone,std-city,/std-testing/broken-arrow-ok/,/std-testing/broken-arrow-ok/,4,4,,174,no,no,
2026-09-25,std testing broken arrow ok,desktop,std-city,/std-testing/broken-arrow-ok/,/std-testing/broken-arrow-ok/,5,,,174,no,no,
2026-09-25,std testing bronx ny,phone,std-city,/std-testing/bronx-ny/,/std-testing/bronx-ny/,4,4,,207,no,no,
2026-09-25,std testing bronx ny,desktop,std-city,/std-testing/bronx-ny/,/std-testing/bronx-ny/,6,,,207,no,no,
2026-09-25,std testing brookhaven,phone,std-city,/std-testing/brookhaven-ga/,/std-testing/brookhaven-ga/,1,1,,234,no,no,
2026-09-25,std testing brookhaven,desktop,std-city,/std-testing/brookhaven-ga/,/std-testing/brookhaven-ga/,1,,,234,yes,no,
2026-09-25,std testing broomfield co,phone,std-city,/std-testing/broomfield-co/,/std-testing/broomfield-co/,4,4,,126,no,no,
2026-09-25,std testing broomfield co,desktop,std-city,/std-testing/broomfield-co/,/std-testing/broomfield-co/,6,,,126,no,no,
2026-09-25,std testing bryan tx,phone,std-city,/std-testing/bryan-tx/,/std-testing/bryan-tx/,4,4,,150,yes,no,
2026-09-25,std testing bryan tx,desktop,std-city,/std-testing/bryan-tx/,/std-testing/bryan-tx/,3,,,150,no,no,
2026-09-25,std testing buffalo grove,phone,std-city,/std-testing/buffalo-grove-il/,/std-testing/buffalo-grove-il/,6,6,,263,no,no,
2026-09-25,std testing buffalo grove,desktop,std-city,/std-testing/buffalo-grove-il/,/std-testing/buffalo-grove-il/,5,,,263,no,no,
2026-09-25,std testing buffalo ny,phone,std-city,/std-testing/buffalo-ny/,/std-testing/buffalo-ny/,7,7,,346,no,no,
2026-09-25,std testing buffalo ny,desktop,std-city,/std-testing/buffalo-ny/,/std-testing/buffalo-ny/,8,,,346,no,no,
2026-09-25,std testing bullhead city,phone,std-city,/std-testing/bullhead-city-az/,/std-testing/bullhead-city-az/,2,2,,135,yes,no,
2026-09-25,std testing bullhead city,desktop,std-city,/std-testing/bullhead-city-az/,/std-testing/bullhead-city-az/,2,,,135,no,no,
2026-09-25,std testing burbank ca,phone,std-city,/std-testing/burbank-ca/,/std-testing/burbank-ca/,5,5,,147,no,no,
2026-09-25,std testing burbank ca,desktop,std-city,/std-testing/burbank-ca/,/std-testing/burbank-ca/,4,,,147,yes,yes,
2026-09-25,std testing burien wa,phone,std-city,/std-testing/burien-wa/,/std-testing/burien-wa/,5,5,,342,no,no,
2026-09-25,std testing burien wa,desktop,std-city,/std-testing/burien-wa/,/std-testing/burien-wa/,2,,,342,no,no,
2026-09-25,std testing burleson,phone,std-city,/std-testing/burleson-tx/,/std-testing/burleson-tx/,8,8,,311,no,no,
2026-09-25,std testing burleson,desktop,std-city,/std-testing/burleson-tx/,/std-testing/burleson-tx/,8,,,311,no,no,
2026-09-25,std testing burlington nc,phone,std-city,/std-testing/burlington-nc/,/std-testing/burlington-nc/,4,4,,176,no,no,
2026-09-25,std testing burlington nc,desktop,std-city,/std-testing/burlington-nc/,/std-testing/burlington-nc/,4,,,176,no,no,
2026-09-25,std testing burlington vt,phone,std-city,/std-testing/burlington-vt/,/std-testing/burlington-vt/,5,5,,93,no,no,
2026-09-25,std testing burlington vt,desktop,std-city,/std-testing/burlington-vt/,/std-testing/burlington-vt/,5,,,93,no,no,
2026-09-25,std testing canton oh,phone,std-city,/std-testing/canton-oh/,/std-testing/canton-oh/,7,7,,226,no,no,
2026-09-25,std testing canton oh,desktop,std-city,/std-testing/canton-oh/,/std-testing/canton-oh/,6,,,226,no,no,
2026-09-25,std testing cape coral fl,phone,std-city,/std-testing/cape-coral-fl/,/std-testing/cape-coral-fl/,6,6,,152,no,no,
2026-09-25,std testing cape coral fl,desktop,std-city,/std-testing/cape-coral-fl/,/std-testing/cape-coral-fl/,6,,,152,no,no,
2026-09-25,std testing carbondale il,phone,std-city,/std-testing/carbondale-il/,/std-testing/carbondale-il/,5,5,,69,no,no,
2026-09-25,std testing carbondale il,desktop,std-city,/std-testing/carbondale-il/,/std-testing/carbondale-il/,5,,,69,no,no,
2026-09-25,std testing carrollton tx,phone,std-city,/std-testing/carrollton-tx/,/std-testing/carrollton-tx/,5,5,,90,no,no,
2026-09-25,std testing carrollton tx,desktop,std-city,/std-testing/carrollton-tx/,/std-testing/carrollton-tx/,5,,,90,no,no,
2026-09-25,std testing cary nc,phone,std-city,/std-testing/cary-nc/,/std-testing/cary-nc/,6,6,,298,no,no,
2026-09-25,std testing cary nc,desktop,std-city,/std-testing/cary-nc/,/std-testing/cary-nc/,6,,,298,no,no,
2026-09-25,std testing casa grande,phone,std-city,/std-testing/casa-grande-az/,/std-testing/casa-grande-az/,4,4,,183,no,no,
2026-09-25,std testing casa grande,desktop,std-city,/std-testing/casa-grande-az/,/std-testing/casa-grande-az/,4,,,183,no,no,
2026-09-25,std testing castle rock,phone,std-city,/std-testing/castle-rock-co/,/std-testing/castle-rock-co/,8,8,,173,no,no,
2026-09-25,std testing castle rock,desktop,std-city,/std-testing/castle-rock-co/,/std-testing/castle-rock-co/,8,,,173,no,no,
2026-09-25,std testing cedar hill,phone,std-city,/std-testing/cedar-hill-tx/,/std-testing/cedar-hill-tx/,7,7,,226,no,no,
2026-09-25,std testing cedar hill,desktop,std-city,/std-testing/cedar-hill-tx/,/std-testing/cedar-hill-tx/,7,,,226,no,no,
2026-09-25,std testing cedar park tx,phone,std-city,/std-testing/cedar-park-tx/,/std-testing/cedar-park-tx/,7,7,,150,no,no,
2026-09-25,std testing cedar park tx,desktop,std-city,/std-testing/cedar-park-tx/,/std-testing/cedar-park-tx/,7,,,150,yes,no,
2026-09-25,std testing cedar rapids ia,phone,std-city,/std-testing/cedar-rapids-ia/,/std-testing/cedar-rapids-ia/,5,5,,318,no,no,
2026-09-25,std testing cedar rapids ia,desktop,std-city,/std-testing/cedar-rapids-ia/,/std-testing/cedar-rapids-ia/,5,,,318,no,no,
2026-09-25,std testing centennial co,phone,std-city,/std-testing/centennial-co/,/std-testing/centennial-co/,2,2,,216,no,no,
2026-09-25,std testing centennial co,desktop,std-city,/std-testing/centennial-co/,/std-testing/centennial-co/,1,,,216,yes,yes,
2026-09-25,std testing chambersburg pa,phone,std-city,/std-testing/chambersburg-pa/,/std-testing/chambersburg-pa/,3,3,,103,yes,no,
2026-09-25,std testing chambersburg pa,desktop,std-city,/std-testing/chambersburg-pa/,/std-testing/chambersburg-pa/,2,,,103,no,no,
2026-09-25,std testing champaign il,phone,std-city,/std-testing/champaign-il/,/std-testing/champaign-il/,5,5,,289,no,no,
2026-09-25,std testing champaign il,desktop,std-city,/std-testing/champaign-il/,/std-testing/champaign-il/,5,,,289,no,no,
2026-09-25,std testing chandler az,phone,std-city,/std-testing/chandler-az/,/std-testing/chandler-az/,4,4,,307,no,no,
2026-09-25,std testing chandler az,desktop,std-city,/std-testing/chandler-az/,/std-testing/chandler-az/,4,,,307,no,no,
2026-09-25,std testing chapel hill,phone,std-city,/std-testing/chapel-hill-nc/,/std-testing/chapel-hill-nc/,8,8,,183,no,no,
2026-09-25,std testing chapel hill,desktop,std-city,/std-testing/chapel-hill-nc/,/std-testing/chapel-hill-nc/,8,,,183,no,no,
2026-09-25,std testing charleston sc,phone,std-city,/std-testing/charleston-sc/,/std-testing/charleston-sc/,8,8,,357,no,no,
2026-09-25,std testing charleston sc,desktop,std-city,/std-testing/charleston-sc/,/std-testing/charleston-sc/,5,,,357,no,no,
2026-09-25,std testing charleston wv,phone,std-city,/std-testing/charleston-wv/,/std-testing/charleston-wv/,5,5,,169,no,no,
2026-09-25,std testing charleston wv,desktop,std-city,/std-testing/charleston-wv/,/std-testing/charleston-wv/,6,,,169,no,no,
2026-09-25,std testing charlotte nc,phone,std-city,/std-testing/charlotte-nc/,/std-testing/charlotte-nc/,8,8,,421,no,no,
2026-09-25,std testing charlotte nc,desktop,std-city,/std-testing/charlotte-nc/,/std-testing/charlotte-nc/,8,,,421,no,no,
2026-09-25,std testing charlottesville va,phone,std-city,/std-testing/charlottesville-va/,/std-testing/charlottesville-va/,6,6,,85,no,no,
2026-09-25,std testing charlottesville va,desktop,std-city,/std-testing/charlottesville-va/,/std-testing/charlottesville-va/,6,,,85,no,no,
2026-09-25,std testing chattanooga tn,phone,std-city,/std-testing/chattanooga-tn/,/std-testing/chattanooga-tn/,4,4,,88,no,no,
2026-09-25,std testing chattanooga tn,desktop,std-city,/std-testing/chattanooga-tn/,/std-testing/chattanooga-tn/,4,,,88,no,no,
2026-09-25,std testing chesapeake va,phone,std-city,/std-testing/chesapeake-va/,/std-testing/chesapeake-va/,5,5,,277,no,no,
2026-09-25,std testing chesapeake va,desktop,std-city,/std-testing/chesapeake-va/,/std-testing/chesapeake-va/,3,,,277,yes,yes,
2026-09-25,std testing chesterfield,phone,std-city,/std-testing/chesterfield-mo/,/std-testing/chesterfield-mo/,6,6,,298,no,no,
2026-09-25,std testing chesterfield,desktop,std-city,/std-testing/chesterfield-mo/,/std-testing/chesterfield-mo/,3,,,298,yes,no,
2026-09-25,std testing cheyenne wy,phone,std-city,/std-testing/cheyenne-wy/,/std-testing/cheyenne-wy/,5,5,,231,no,no,
2026-09-25,std testing cheyenne wy,desktop,std-city,/std-testing/cheyenne-wy/,/std-testing/cheyenne-wy/,5,,,231,no,no,
2026-09-25,std testing chino ca,phone,std-city,/std-testing/chino-hills-ca/,/std-testing/chino-ca/,5,5,,124,no,no,other page ranks
2026-09-25,std testing chino ca,desktop,std-city,/std-testing/chino-hills-ca/,/std-testing/chino-hills-ca/,5,,,124,no,no,
2026-09-25,std testing cicero il,phone,std-city,/std-testing/cicero-il/,/std-testing/cicero-il/,5,5,,146,no,no,
2026-09-25,std testing cicero il,desktop,std-city,/std-testing/cicero-il/,/std-testing/cicero-il/,5,,,146,no,no,
2026-09-25,std testing clarksburg md,phone,std-city,/std-testing/clarksburg-md/,/std-testing/clarksburg-md/,4,4,,411,no,no,
2026-09-25,std testing clarksburg md,desktop,std-city,/std-testing/clarksburg-md/,/std-testing/clarksburg-md/,4,,,411,no,no,
2026-09-25,std testing clarksville tn,phone,std-city,/std-testing/clarksville-tn/,/std-testing/clarksville-tn/,4,4,,214,no,no,
2026-09-25,std testing clarksville tn,desktop,std-city,/std-testing/clarksville-tn/,/std-testing/clarksville-tn/,4,,,214,no,no,
2026-09-25,std testing clearwater fl,phone,std-city,/std-testing/clearwater-fl/,/std-testing/clearwater-fl/,7,7,,198,no,no,
2026-09-25,std testing clearwater fl,desktop,std-city,/std-testing/clearwater-fl/,/std-testing/clearwater-fl/,7,,,198,no,no,
2026-09-25,std testing cleveland oh,phone,std-city,/std-testing/cleveland-oh/,/std-testing/cleveland-oh/,5,5,,345,no,no,
2026-09-25,std testing cleveland oh,desktop,std-city,/std-testing/cleveland-oh/,/std-testing/cleveland-oh/,5,,,345,no,no,
2026-09-25,std testing clifton nj,phone,std-city,/std-testing/clifton-nj/,/std-testing/clifton-nj/,5,5,,69,no,no,
2026-09-25,std testing clifton nj,desktop,std-city,/std-testing/clifton-nj/,/std-testing/clifton-nj/,5,,,69,no,no,
2026-09-25,std testing coeur d alene id,phone,std-city,/std-testing/coeur-d-alene-id/,/std-testing/coeur-d-alene-id/,4,4,,93,no,no,
2026-09-25,std testing coeur d alene id,desktop,std-city,/std-testing/coeur-d-alene-id/,/std-testing/coeur-d-alene-id/,4,,,93,yes,yes,
2026-09-25,std testing colorado springs co,phone,std-city,/std-testing/colorado-springs-co/,/std-testing/colorado-springs-co/,5,5,,211,no,no,
2026-09-25,std testing colorado springs co,desktop,std-city,/std-testing/colorado-springs-co/,/std-testing/colorado-springs-co/,5,,,211,no,no,
2026-09-25,std testing columbia md,phone,std-city,/std-testing/columbia-md/,/std-testing/columbia-md/,4,4,,183,no,no,
2026-09-25,std testing columbia md,desktop,std-city,/std-testing/columbia-md/,/std-testing/columbia-md/,6,,,183,no,no,
2026-09-25,std testing columbia mo,phone,std-city,/std-testing/columbia-mo/,/std-testing/columbia-mo/,6,6,,218,no,no,
2026-09-25,std testing columbia mo,desktop,std-city,/std-testing/columbia-mo/,/std-testing/columbia-mo/,6,,,218,no,no,
2026-09-25,std testing columbia sc,phone,std-city,/std-testing/columbia-sc/,/std-testing/columbia-sc/,8,8,,415,no,no,
2026-09-25,std testing columbia sc,desktop,std-city,/std-testing/columbia-sc/,/std-testing/columbia-sc/,8,,,415,no,no,
2026-09-25,std testing columbus ga,phone,std-city,/std-testing/columbus-ga/,/std-testing/columbus-ga/,5,5,,179,no,no,
2026-09-25,std testing columbus ga,desktop,std-city,/std-testing/columbus-ga/,/std-testing/columbus-ga/,5,,,179,no,no,
2026-09-25,std testing concord ca,phone,std-city,/std-testing/concord-ca/,/std-testing/concord-ca/,4,4,,187,yes,no,
2026-09-25,std testing concord ca,desktop,std-city,/std-testing/concord-ca/,/std-testing/concord-ca/,3,,,187,no,no,
2026-09-25,std testing concord nc,phone,std-city,/std-testing/concord-nc/,/std-testing/concord-nc/,5,5,,188,no,no,
2026-09-25,std testing concord nc,desktop,std-city,/std-testing/concord-nc/,/std-testing/concord-nc/,5,,,188,no,no,
2026-09-25,std testing conroe tx,phone,std-city,/std-testing/conroe-tx/,/std-testing/conroe-tx/,4,4,,205,no,no,
2026-09-25,std testing conroe tx,desktop,std-city,/std-testing/conroe-tx/,/std-testing/conroe-tx/,4,,,205,no,no,
2026-09-25,std testing conway ar,phone,std-city,/std-testing/conway-ar/,/std-testing/conway-ar/,4,4,,160,no,no,
2026-09-25,std testing conway ar,desktop,std-city,/std-testing/conway-ar/,/std-testing/conway-ar/,1,,,160,no,no,
2026-09-25,std testing coppell,phone,std-city,/std-testing/coppell-tx/,/std-testing/coppell-tx/,1,1,,224,no,no,
2026-09-25,std testing coppell,desktop,std-city,/std-testing/coppell-tx/,/std-testing/coppell-tx/,1,,,224,yes,yes,
2026-09-25,std testing coral gables,phone,std-city,/std-testing/coral-gables-fl/,/std-testing/coral-gables-fl/,1,1,,381,no,no,
2026-09-25,std testing coral gables,desktop,std-city,/std-testing/coral-gables-fl/,/std-testing/coral-gables-fl/,2,,,381,no,no,
2026-09-25,std testing coral springs fl,phone,std-city,/std-testing/coral-springs-fl/,/std-testing/coral-springs-fl/,4,4,,150,no,no,
2026-09-25,std testing coral springs fl,desktop,std-city,/std-testing/coral-springs-fl/,/std-testing/coral-springs-fl/,4,,,150,no,no,
2026-09-25,std testing corvallis or,phone,std-city,/std-testing/corvallis-or/,/std-testing/corvallis-or/,6,6,,129,no,no,
2026-09-25,std testing corvallis or,desktop,std-city,/std-testing/corvallis-or/,/std-testing/corvallis-or/,6,,,129,no,no,
2026-09-25,std testing cost,phone,std-pages,/std-test-pricing/,/std-test-pricing/,1,1,,518,no,no,
2026-09-25,std testing cost,desktop,std-pages,/std-test-pricing/,/std-test-pricing/,1,,,518,yes,yes,
2026-09-25,std testing costa mesa ca,phone,std-city,/std-testing/costa-mesa-ca/,/std-testing/costa-mesa-ca/,2,2,,190,no,no,
2026-09-25,std testing costa mesa ca,desktop,std-city,/std-testing/costa-mesa-ca/,/std-testing/costa-mesa-ca/,2,,,190,no,no,
2026-09-25,std testing covington,phone,std-city,/std-testing/covington-la/,/std-testing/covington-la/,5,5,,468,no,no,
2026-09-25,std testing covington,desktop,std-city,/std-testing/covington-la/,/std-testing/covington-la/,5,,,468,no,no,
2026-09-25,std testing covington la,phone,std-city,/std-testing/covington-la/,/std-testing/covington-la/,5,5,,233,no,no,
2026-09-25,std testing covington la,desktop,std-city,/std-testing/covington-la/,/std-testing/covington-la/,5,,,233,no,no,
2026-09-25,std testing covington wa,phone,std-city,/std-testing/covington-wa/,/std-testing/covington-wa/,4,4,,310,no,no,
2026-09-25,std testing covington wa,desktop,std-city,/std-testing/covington-wa/,/std-testing/covington-wa/,4,,,310,no,no,
2026-09-25,std testing crystal lake,phone,std-city,/std-testing/crystal-lake-il/,/std-testing/crystal-lake-il/,3,3,,219,no,no,
2026-09-25,std testing crystal lake,desktop,std-city,/std-testing/crystal-lake-il/,/std-testing/crystal-lake-il/,2,,,219,yes,yes,
2026-09-25,std testing culver city,phone,std-city,/std-testing/culver-city-ca/,/std-testing/culver-city-ca/,5,5,,183,no,no,
2026-09-25,std testing culver city,desktop,std-city,/std-testing/culver-city-ca/,/std-testing/culver-city-ca/,3,,,183,yes,yes,
2026-09-25,std testing cypress ca,phone,std-city,/std-testing/cypress-ca/,/std-testing/cypress-ca/,4,4,,190,no,no,
2026-09-25,std testing cypress ca,desktop,std-city,/std-testing/cypress-ca/,/std-testing/cypress-ca/,5,,,190,no,no,
2026-09-25,std testing danbury ct,phone,std-city,/std-testing/danbury-ct/,/std-testing/danbury-ct/,6,6,,78,no,no,
2026-09-25,std testing danbury ct,desktop,std-city,/std-testing/danbury-ct/,/std-testing/danbury-ct/,6,,,78,no,no,
2026-09-25,std testing danville ca,phone,std-city,/std-testing/danville-ca/,/std-testing/danville-ca/,4,4,,297,no,no,
2026-09-25,std testing danville ca,desktop,std-city,/std-testing/danville-ca/,/std-testing/danville-ca/,4,,,297,no,no,
2026-09-25,std testing danville va,phone,std-city,/std-testing/danville-va/,/std-testing/danville-va/,1,1,,109,no,no,
2026-09-25,std testing danville va,desktop,std-city,/std-testing/danville-va/,/std-testing/danville-va/,4,,,109,no,no,
2026-09-25,std testing davenport ia,phone,std-city,/std-testing/davenport-ia/,/std-testing/davenport-ia/,1,1,,308,no,no,
2026-09-25,std testing davenport ia,desktop,std-city,/std-testing/davenport-ia/,/std-testing/davenport-ia/,1,,,308,yes,yes,
2026-09-25,std testing davie fl,phone,std-city,/std-testing/davie-fl/,/std-testing/davie-fl/,4,4,,92,no,no,
2026-09-25,std testing davie fl,desktop,std-city,/std-testing/davie-fl/,/std-testing/davie-fl/,4,,,92,no,no,
2026-09-25,std testing davis ca,phone,std-city,/std-testing/davis-ca/,/std-testing/davis-ca/,3,3,,114,yes,no,
2026-09-25,std testing davis ca,desktop,std-city,/std-testing/davis-ca/,/std-testing/davis-ca/,2,,,114,no,no,
2026-09-25,std testing dayton oh,phone,std-city,/std-testing/dayton-oh/,/std-testing/dayton-oh/,6,6,,277,no,no,
2026-09-25,std testing dayton oh,desktop,std-city,/std-testing/dayton-oh/,/std-testing/dayton-oh/,6,,,277,no,no,
2026-09-25,std testing daytona beach fl,phone,std-city,/std-testing/daytona-beach-fl/,/std-testing/daytona-beach-fl/,6,6,,175,no,no,
2026-09-25,std testing daytona beach fl,desktop,std-city,/std-testing/daytona-beach-fl/,/std-testing/daytona-beach-fl/,6,,,175,no,no,
2026-09-25,std testing dearborn mi,phone,std-city,/std-testing/dearborn-mi/,/std-testing/dearborn-mi/,4,4,,228,no,no,
2026-09-25,std testing dearborn mi,desktop,std-city,/std-testing/dearborn-mi/,/std-testing/dearborn-mi/,4,,,228,no,no,
2026-09-25,std testing decatur ga,phone,std-city,/std-testing/decatur-ga/,/std-testing/decatur-ga/,7,7,,191,no,no,
2026-09-25,std testing decatur ga,desktop,std-city,/std-testing/decatur-ga/,/std-testing/decatur-ga/,7,,,191,no,no,
2026-09-25,std testing deerfield beach fl,phone,std-city,/std-testing/deerfield-beach-fl/,/std-testing/deerfield-beach-fl/,4,4,,315,no,no,
2026-09-25,std testing deerfield beach fl,desktop,std-city,/std-testing/deerfield-beach-fl/,/std-testing/deerfield-beach-fl/,4,,,315,no,no,
2026-09-25,std testing dekalb il,phone,std-city,/std-testing/east-moline-il/,/std-testing/dekalb-il/,5,5,,139,no,no,other page ranks
2026-09-25,std testing dekalb il,desktop,std-city,/std-testing/east-moline-il/,/std-testing/east-moline-il/,4,,,139,no,no,
2026-09-25,std testing delray beach,phone,std-city,/std-testing/delray-beach-fl/,/std-testing/delray-beach-fl/,4,4,,388,no,no,
2026-09-25,std testing delray beach,desktop,std-city,/std-testing/delray-beach-fl/,/std-testing/delray-beach-fl/,1,,,388,no,no,
2026-09-25,std testing delray beach fl,phone,std-city,/std-testing/delray-beach-fl/,/std-testing/delray-beach-fl/,4,4,,264,no,no,
2026-09-25,std testing delray beach fl,desktop,std-city,/std-testing/delray-beach-fl/,/std-testing/delray-beach-fl/,4,,,264,no,no,
2026-09-25,std testing denton tx,phone,std-city,/std-testing/denton-tx/,/std-testing/denton-tx/,7,7,,119,no,no,
2026-09-25,std testing denton tx,desktop,std-city,/std-testing/denton-tx/,/std-testing/denton-tx/,7,,,119,yes,yes,
2026-09-25,std testing des plaines,phone,std-city,/std-testing/des-plaines-il/,/std-testing/des-plaines-il/,4,4,,222,no,no,
2026-09-25,std testing des plaines,desktop,std-city,/std-testing/des-plaines-il/,/std-testing/des-plaines-il/,4,,,222,yes,yes,
2026-09-25,std testing desoto tx,phone,std-city,/std-testing/desoto-tx/,/std-testing/desoto-tx/,5,5,,122,no,no,
2026-09-25,std testing desoto tx,desktop,std-city,/std-testing/desoto-tx/,/std-testing/desoto-tx/,5,,,122,no,no,
2026-09-25,std testing diamond bar,phone,std-city,/std-testing/diamond-bar-ca/,/std-testing/diamond-bar-ca/,3,3,,186,no,no,
2026-09-25,std testing diamond bar,desktop,std-city,/std-testing/diamond-bar-ca/,/std-testing/diamond-bar-ca/,4,,,186,yes,yes,
2026-09-25,std testing dover de,phone,std-city,/std-testing/dover-de/,/std-testing/dover-de/,6,6,,176,no,no,
2026-09-25,std testing dover de,desktop,std-city,/std-testing/dover-de/,/std-testing/dover-de/,6,,,176,no,no,
2026-09-25,std testing draper,phone,std-city,/std-testing/draper-ut/,/std-testing/draper-ut/,4,4,,425,no,no,
2026-09-25,std testing draper,desktop,std-city,/std-testing/draper-ut/,/std-testing/draper-ut/,3,,,425,yes,yes,
2026-09-25,std testing dubuque,phone,std-city,/std-testing/dubuque-ia/,/std-testing/dubuque-ia/,4,4,,255,no,no,
2026-09-25,std testing dubuque,desktop,std-city,/std-testing/dubuque-ia/,/std-testing/dubuque-ia/,4,,,255,no,no,
2026-09-25,std testing duluth mn,phone,std-city,/std-testing/duluth-mn/,/std-testing/duluth-mn/,5,5,,147,no,no,
2026-09-25,std testing duluth mn,desktop,std-city,/std-testing/duluth-mn/,/std-testing/duluth-mn/,5,,,147,no,no,
2026-09-25,std testing dunedin fl,phone,std-city,/std-testing/dunedin-fl/,/std-testing/dunedin-fl/,5,5,,92,no,no,
2026-09-25,std testing dunedin fl,desktop,std-city,/std-testing/dunedin-fl/,/std-testing/dunedin-fl/,5,,,92,no,no,
2026-09-25,std testing durango co,phone,std-city,/std-testing/durango-co/,/std-testing/durango-co/,4,4,,94,no,no,
2026-09-25,std testing durango co,desktop,std-city,/std-testing/durango-co/,/std-testing/durango-co/,5,,,94,no,no,
2026-09-25,std testing durham nc,phone,std-city,/std-testing/durham-nc/,/std-testing/durham-nc/,7,7,,273,no,no,
2026-09-25,std testing durham nc,desktop,std-city,/std-testing/durham-nc/,/std-testing/durham-nc/,7,,,273,no,no,
2026-09-25,std testing east lansing,phone,std-city,/std-testing/lansing-mi/,/std-testing/lansing-mi/,4,4,,239,no,no,
2026-09-25,std testing east lansing,desktop,std-city,/std-testing/lansing-mi/,/std-testing/lansing-mi/,4,,,239,no,no,
2026-09-25,std testing eau claire wi,phone,std-city,/std-testing/eau-claire-wi/,/std-testing/eau-claire-wi/,5,5,,81,yes,yes,
2026-09-25,std testing eau claire wi,desktop,std-city,/std-testing/eau-claire-wi/,/std-testing/eau-claire-wi/,5,,,81,no,no,
2026-09-25,std testing edina,phone,std-city,/std-testing/edina-mn/,/std-testing/edina-mn/,4,4,,260,no,no,
2026-09-25,std testing edina,desktop,std-city,/std-testing/edina-mn/,/std-testing/edina-mn/,4,,,260,no,no,
2026-09-25,std testing edinburg tx,phone,std-city,/std-testing/edinburg-tx/,/std-testing/edinburg-tx/,2,2,,162,yes,no,
2026-09-25,std testing edinburg tx,desktop,std-city,/std-testing/edinburg-tx/,/std-testing/edinburg-tx/,1,,,162,yes,yes,
2026-09-25,std testing edmond ok,phone,std-city,/std-testing/edmond-ok/,/std-testing/edmond-ok/,5,5,,176,no,no,
2026-09-25,std testing edmond ok,desktop,std-city,/std-testing/edmond-ok/,/std-testing/edmond-ok/,5,,,176,no,no,
2026-09-25,std testing edwardsville il,phone,std-city,/std-testing/edwardsville-il/,/std-testing/edwardsville-il/,4,4,,127,no,no,
2026-09-25,std testing edwardsville il,desktop,std-city,/std-testing/edwardsville-il/,/std-testing/edwardsville-il/,4,,,127,no,no,
2026-09-25,std testing el centro ca,phone,std-city,/std-testing/el-centro-ca/,/std-testing/el-centro-ca/,3,3,,67,no,no,
2026-09-25,std testing el centro ca,desktop,std-city,/std-testing/el-centro-ca/,/std-testing/el-centro-ca/,4,,,67,no,no,
2026-09-25,std testing el paso tx,phone,std-city,/std-testing/el-paso-tx/,/std-testing/el-paso-tx/,6,6,,106,no,no,
2026-09-25,std testing el paso tx,desktop,std-city,/std-testing/el-paso-tx/,/std-testing/el-paso-tx/,6,,,106,no,no,
2026-09-25,std testing elgin il,phone,std-city,/std-testing/elgin-il/,/std-testing/elgin-il/,4,4,,174,no,no,
2026-09-25,std testing elgin il,desktop,std-city,/std-testing/elgin-il/,/std-testing/elgin-il/,4,,,174,no,no,
2026-09-25,std testing elizabeth nj,phone,std-city,/std-testing/elizabeth-nj/,/std-testing/elizabeth-nj/,8,8,,177,no,no,
2026-09-25,std testing elizabeth nj,desktop,std-city,/std-testing/elizabeth-nj/,/std-testing/elizabeth-nj/,8,,,177,no,no,
2026-09-25,std testing elizabethtown ky,phone,std-city,/std-testing/elizabethtown-ky/,/std-testing/elizabethtown-ky/,4,4,,180,no,no,
2026-09-25,std testing elizabethtown ky,desktop,std-city,/std-testing/elizabethtown-ky/,/std-testing/elizabethtown-ky/,4,,,180,no,no,
2026-09-25,std testing elmhurst,phone,std-city,/std-testing/elmhurst-il/,/std-testing/elmhurst-il/,4,4,,147,no,no,
2026-09-25,std testing elmhurst,desktop,std-city,/std-testing/elmhurst-il/,/std-testing/elmhurst-il/,2,,,147,yes,no,
2026-09-25,std testing englewood co,phone,std-city,/std-testing/lakewood-co/,/std-testing/lakewood-co/,12,12,,309,no,no,
2026-09-25,std testing englewood co,desktop,std-city,/std-testing/lakewood-co/,/std-testing/lakewood-co/,8,,,309,no,no,
2026-09-25,std testing enid,phone,std-city,/std-testing/enid-ok/,/std-testing/enid-ok/,8,8,,161,no,no,
2026-09-25,std testing enid,desktop,std-city,/std-testing/enid-ok/,/std-testing/enid-ok/,8,,,161,no,no,
2026-09-25,std testing eugene or,phone,std-city,/std-testing/eugene-or/,/std-testing/eugene-or/,5,5,,208,no,no,
2026-09-25,std testing eugene or,desktop,std-city,/std-testing/eugene-or/,/std-testing/eugene-or/,7,,,208,no,no,
2026-09-25,std testing evanston il,phone,std-city,/std-testing/evanston-il/,/std-testing/evanston-il/,5,5,,177,no,no,
2026-09-25,std testing evanston il,desktop,std-city,/std-testing/evanston-il/,/std-testing/evanston-il/,5,,,177,no,no,
2026-09-25,std testing everett wa,phone,std-city,/std-testing/everett-wa/,/std-testing/everett-wa/,7,7,,81,no,no,
2026-09-25,std testing everett wa,desktop,std-city,/std-testing/everett-wa/,/std-testing/everett-wa/,7,,,81,no,no,
2026-09-25,std testing fairbanks ak,phone,std-city,/std-testing/fairbanks-ak/,/std-testing/fairbanks-ak/,5,5,,175,no,no,
2026-09-25,std testing fairbanks ak,desktop,std-city,/std-testing/fairbanks-ak/,/std-testing/fairbanks-ak/,5,,,175,no,no,
2026-09-25,std testing fairfield ca,phone,std-city,/std-testing/fairfield-ca/,/std-testing/fairfield-ca/,4,4,,78,no,no,
2026-09-25,std testing fairfield ca,desktop,std-city,/std-testing/fairfield-ca/,/std-testing/fairfield-ca/,4,,,78,no,no,
2026-09-25,std testing fall river ma,phone,std-city,/std-testing/fall-river-ma/,/std-testing/fall-river-ma/,5,5,,156,no,no,
2026-09-25,std testing fall river ma,desktop,std-city,/std-testing/fall-river-ma/,/std-testing/fall-river-ma/,5,,,156,no,no,
2026-09-25,std testing falls church va,phone,std-city,/std-testing/falls-church-va/,/std-testing/falls-church-va/,4,4,,226,yes,no,
2026-09-25,std testing falls church va,desktop,std-city,/std-testing/falls-church-va/,/std-testing/falls-church-va/,3,,,226,yes,no,
2026-09-25,std testing farmington hills mi,phone,std-city,/std-testing/farmington-hills-mi/,/std-testing/farmington-hills-mi/,4,4,,175,no,no,
2026-09-25,std testing farmington hills mi,desktop,std-city,/std-testing/farmington-hills-mi/,/std-testing/farmington-hills-mi/,4,,,175,no,no,
2026-09-25,std testing farmington nm,phone,std-city,/std-testing/farmington-nm/,/std-testing/farmington-nm/,5,5,,124,no,no,
2026-09-25,std testing farmington nm,desktop,std-city,/std-testing/farmington-nm/,/std-testing/farmington-nm/,5,,,124,no,no,
2026-09-25,std testing fayetteville ar,phone,std-city,/std-testing/fayetteville-ar/,/std-testing/fayetteville-ar/,6,6,,192,no,no,
2026-09-25,std testing fayetteville ar,desktop,std-city,/std-testing/fayetteville-ar/,/std-testing/fayetteville-ar/,3,,,192,yes,no,
2026-09-25,std testing fayetteville nc,phone,std-city,/std-testing/fayetteville-nc/,/std-testing/fayetteville-nc/,7,7,,239,no,no,
2026-09-25,std testing fayetteville nc,desktop,std-city,/std-testing/fayetteville-nc/,/std-testing/fayetteville-nc/,7,,,239,no,no,
2026-09-25,std testing federal way wa,phone,std-city,/std-testing/federal-way-wa/,/std-testing/federal-way-wa/,6,6,,158,no,no,
2026-09-25,std testing federal way wa,desktop,std-city,/std-testing/federal-way-wa/,/std-testing/federal-way-wa/,6,,,158,no,no,
2026-09-25,std testing findlay oh,phone,std-city,/std-testing/findlay-oh/,/std-testing/findlay-oh/,5,5,,144,no,no,
2026-09-25,std testing findlay oh,desktop,std-city,/std-testing/findlay-oh/,/std-testing/findlay-oh/,5,,,144,no,no,
2026-09-25,std testing flagstaff az,phone,std-city,/std-testing/flagstaff-az/,/std-testing/flagstaff-az/,5,5,,137,no,no,
2026-09-25,std testing flagstaff az,desktop,std-city,/std-testing/flagstaff-az/,/std-testing/flagstaff-az/,5,,,137,no,no,
2026-09-25,std testing flint mi,phone,std-city,/std-testing/flint-mi/,/std-testing/flint-mi/,6,6,,155,no,no,
2026-09-25,std testing flint mi,desktop,std-city,/std-testing/flint-mi/,/std-testing/flint-mi/,6,,,155,no,no,
2026-09-25,std testing florence sc,phone,std-city,/std-testing/florence-sc/,/std-testing/florence-sc/,5,5,,249,no,no,
2026-09-25,std testing florence sc,desktop,std-city,/std-testing/florence-sc/,/std-testing/florence-sc/,5,,,249,no,no,
2026-09-25,std testing florissant,phone,std-city,/std-testing/florissant-mo/,/std-testing/florissant-mo/,4,4,,338,no,no,
2026-09-25,std testing florissant,desktop,std-city,/std-testing/florissant-mo/,/std-testing/florissant-mo/,4,,,338,no,no,
2026-09-25,std testing flower mound tx,phone,std-city,/std-testing/flower-mound-tx/,/std-testing/flower-mound-tx/,4,4,,86,no,no,
2026-09-25,std testing flower mound tx,desktop,std-city,/std-testing/flower-mound-tx/,/std-testing/flower-mound-tx/,4,,,86,no,no,
2026-09-25,std testing folsom ca,phone,std-city,/std-testing/folsom-ca/,/std-testing/folsom-ca/,4,4,,192,no,no,
2026-09-25,std testing folsom ca,desktop,std-city,/std-testing/folsom-ca/,/std-testing/folsom-ca/,4,,,192,no,no,
2026-09-25,std testing fontana ca,phone,std-city,/std-testing/fontana-ca/,/std-testing/fontana-ca/,6,6,,346,no,no,
2026-09-25,std testing fontana ca,desktop,std-city,/std-testing/fontana-ca/,/std-testing/fontana-ca/,6,,,346,no,no,
2026-09-25,std testing for men,phone,std-pages,/std-testing/,/std-testing/,9,9,,227,no,no,
2026-09-25,std testing for men,desktop,std-pages,/std-testing/,/std-testing/,8,,,227,no,no,
2026-09-25,std testing fort collins co,phone,std-city,/std-testing/fort-collins-co/,/std-testing/fort-collins-co/,8,8,,178,no,no,
2026-09-25,std testing fort collins co,desktop,std-city,/std-testing/fort-collins-co/,/std-testing/fort-collins-co/,8,,,178,no,no,
2026-09-25,std testing fort lauderdale fl,phone,std-city,/std-testing/lauderdale-lakes-fl/,/std-testing/fort-lauderdale-fl/,8,8,,194,no,no,other page ranks
2026-09-25,std testing fort lauderdale fl,desktop,std-city,/std-testing/lauderdale-lakes-fl/,/std-testing/fort-lauderdale-fl/,8,,,194,yes,yes,
2026-09-25,std testing fort pierce,phone,std-city,/std-testing/fort-pierce-fl/,/std-testing/fort-pierce-fl/,6,6,,244,no,no,
2026-09-25,std testing fort pierce,desktop,std-city,/std-testing/fort-pierce-fl/,/std-testing/fort-pierce-fl/,6,,,244,no,no,
2026-09-25,std testing fort smith ar,phone,std-city,/std-testing/fort-smith-ar/,/std-testing/fort-smith-ar/,4,4,,227,no,no,
2026-09-25,std testing fort smith ar,desktop,std-city,/std-testing/fort-smith-ar/,/std-testing/fort-smith-ar/,4,,,227,no,no,
2026-09-25,std testing fort walton beach fl,phone,std-city,/std-testing/fort-walton-beach-fl/,/std-testing/fort-walton-beach-fl/,2,2,,85,no,no,
2026-09-25,std testing fort walton beach fl,desktop,std-city,/std-testing/fort-walton-beach-fl/,/std-testing/fort-walton-beach-fl/,4,,,85,no,no,
2026-09-25,std testing franklin tn,phone,std-city,/std-testing/franklin-tn/,/std-testing/franklin-tn/,5,5,,109,no,no,
2026-09-25,std testing franklin tn,desktop,std-city,/std-testing/franklin-tn/,/std-testing/franklin-tn/,5,,,109,no,no,
2026-09-25,std testing frederick md,phone,std-city,/std-testing/frederick-md/,/std-testing/frederick-md/,6,6,,194,no,no,
2026-09-25,std testing frederick md,desktop,std-city,/std-testing/frederick-md/,/std-testing/frederick-md/,6,,,194,no,no,
2026-09-25,std testing fredericksburg va,phone,std-city,/std-testing/fredericksburg-va/,/std-testing/fredericksburg-va/,3,3,,133,no,no,
2026-09-25,std testing fredericksburg va,desktop,std-city,/std-testing/fredericksburg-va/,/std-testing/fredericksburg-va/,5,,,133,no,no,
2026-09-25,std testing fremont ca,phone,std-city,/std-testing/fremont-ca/,/std-testing/fremont-ca/,5,5,,183,no,no,
2026-09-25,std testing fremont ca,desktop,std-city,/std-testing/fremont-ca/,/std-testing/fremont-ca/,5,,,183,no,no,
2026-09-25,std testing fresno ca,phone,std-city,/std-testing/fresno-ca/,/std-testing/fresno-ca/,8,8,,99,no,no,
2026-09-25,std testing fresno ca,desktop,std-city,/std-testing/fresno-ca/,/std-testing/fresno-ca/,8,,,99,no,no,
2026-09-25,std testing friendswood,phone,std-city,/std-testing/friendswood-tx/,/std-testing/friendswood-tx/,5,5,,260,no,no,
2026-09-25,std testing friendswood,desktop,std-city,/std-testing/friendswood-tx/,/std-testing/friendswood-tx/,5,,,260,no,no,
2026-09-25,std testing gadsden al,phone,std-city,/std-testing/gadsden-al/,/std-testing/gadsden-al/,5,5,,91,no,no,
2026-09-25,std testing gadsden al,desktop,std-city,/std-testing/gadsden-al/,/std-testing/gadsden-al/,5,,,91,no,no,
2026-09-25,std testing gainesville fl,phone,std-city,/std-testing/gainesville-fl/,/std-testing/gainesville-fl/,7,7,,271,no,no,
2026-09-25,std testing gainesville fl,desktop,std-city,/std-testing/gainesville-fl/,/std-testing/gainesville-fl/,8,,,271,no,no,
2026-09-25,std testing gainesville ga,phone,std-city,/std-testing/gainesville-ga/,/std-testing/gainesville-ga/,4,4,,162,no,no,
2026-09-25,std testing gainesville ga,desktop,std-city,/std-testing/gainesville-ga/,/std-testing/gainesville-ga/,4,,,162,no,no,
2026-09-25,std testing galveston,phone,std-city,/std-testing/galveston-tx/,/std-testing/galveston-tx/,5,5,,394,no,no,
2026-09-25,std testing galveston,desktop,std-city,/std-testing/galveston-tx/,/std-testing/galveston-tx/,2,,,394,no,no,
2026-09-25,std testing garden grove ca,phone,std-city,/std-testing/garden-grove-ca/,/std-testing/garden-grove-ca/,4,4,,209,no,no,
2026-09-25,std testing garden grove ca,desktop,std-city,/std-testing/garden-grove-ca/,/std-testing/garden-grove-ca/,4,,,209,no,no,
2026-09-25,std testing garland tx,phone,std-city,/std-testing/garland-tx/,/std-testing/garland-tx/,2,2,,210,yes,no,
2026-09-25,std testing garland tx,desktop,std-city,/std-testing/garland-tx/,/std-testing/garland-tx/,4,,,210,no,no,
2026-09-25,std testing georgetown tx,phone,std-city,/std-testing/georgetown-tx/,/std-testing/georgetown-tx/,7,7,,165,no,no,
2026-09-25,std testing georgetown tx,desktop,std-city,/std-testing/georgetown-tx/,/std-testing/georgetown-tx/,7,,,165,no,no,
2026-09-25,std testing germantown md,phone,std-city,/std-testing/germantown-md/,/std-testing/germantown-md/,5,5,,196,no,no,
2026-09-25,std testing germantown md,desktop,std-city,/std-testing/germantown-md/,/std-testing/germantown-md/,5,,,196,no,no,
2026-09-25,std testing germantown tn,phone,std-city,/std-testing/germantown-tn/,/std-testing/germantown-tn/,4,4,,314,no,no,
2026-09-25,std testing germantown tn,desktop,std-city,/std-testing/germantown-tn/,/std-testing/germantown-tn/,4,,,314,no,no,
2026-09-25,std testing gillette wy,phone,std-city,/std-testing/gillette-wy/,/std-testing/gillette-wy/,7,7,,207,no,no,
2026-09-25,std testing gillette wy,desktop,std-city,/std-testing/gillette-wy/,/std-testing/gillette-wy/,7,,,207,no,no,
2026-09-25,std testing glendale az,phone,std-city,/std-testing/glendale-az/,/std-testing/glendale-az/,8,8,,238,no,no,
2026-09-25,std testing glendale az,desktop,std-city,/std-testing/glendale-az/,/std-testing/glendale-az/,8,,,238,no,no,
2026-09-25,std testing glendale ca,phone,std-city,/std-testing/glendale-ca/,/std-testing/glendale-ca/,5,5,,150,no,no,
2026-09-25,std testing glendale ca,desktop,std-city,/std-testing/glendale-ca/,/std-testing/glendale-ca/,5,,,150,no,no,
2026-09-25,std testing glenview,phone,std-city,/std-testing/glenview-il/,/std-testing/glenview-il/,4,4,,149,no,no,
2026-09-25,std testing glenview,desktop,std-city,/std-testing/glenview-il/,/std-testing/glenview-il/,4,,,149,no,no,
2026-09-25,std testing glenview il,phone,std-city,/std-testing/glenview-il/,/std-testing/glenview-il/,4,4,,187,no,no,
2026-09-25,std testing glenview il,desktop,std-city,/std-testing/glenview-il/,/std-testing/glenview-il/,1,,,187,no,no,
2026-09-25,std testing goldsboro nc,phone,std-city,/std-testing/goldsboro-nc/,/std-testing/goldsboro-nc/,4,4,,106,no,no,
2026-09-25,std testing goldsboro nc,desktop,std-city,/std-testing/goldsboro-nc/,/std-testing/goldsboro-nc/,4,,,106,no,no,
2026-09-25,std testing goodyear az,phone,std-city,/std-testing/goodyear-az/,/std-testing/goodyear-az/,5,5,,275,no,no,
2026-09-25,std testing goodyear az,desktop,std-city,/std-testing/goodyear-az/,/std-testing/goodyear-az/,5,,,275,no,no,
2026-09-25,std testing grand island,phone,std-city,/std-testing/grand-island-ne/,/std-testing/grand-island-ne/,4,4,,259,yes,no,
2026-09-25,std testing grand island,desktop,std-city,/std-testing/grand-island-ne/,/std-testing/grand-island-ne/,4,,,259,no,no,
2026-09-25,std testing grand junction co,phone,std-city,/std-testing/grand-junction-co/,/std-testing/grand-junction-co/,4,4,,70,no,no,
2026-09-25,std testing grand junction co,desktop,std-city,/std-testing/grand-junction-co/,/std-testing/grand-junction-co/,4,,,70,no,no,
2026-09-25,std testing grand prairie tx,phone,std-city,/std-testing/grand-prairie-tx/,/std-testing/grand-prairie-tx/,7,7,,163,no,no,
2026-09-25,std testing grand prairie tx,desktop,std-city,/std-testing/grand-prairie-tx/,/std-testing/grand-prairie-tx/,6,,,163,no,no,
2026-09-25,std testing grapevine,phone,std-city,/std-testing/grapevine-tx/,/std-testing/grapevine-tx/,2,2,,135,no,no,
2026-09-25,std testing grapevine,desktop,std-city,/std-testing/grapevine-tx/,/std-testing/grapevine-tx/,2,,,135,no,no,
2026-09-25,std testing great falls,phone,std-city,/std-testing/great-falls-mt/,/std-testing/great-falls-mt/,6,6,,137,no,no,
2026-09-25,std testing great falls,desktop,std-city,/std-testing/great-falls-mt/,/std-testing/great-falls-mt/,6,,,137,no,no,
2026-09-25,std testing greeley co,phone,std-city,/std-testing/greeley-co/,/std-testing/greeley-co/,6,6,,77,no,no,
2026-09-25,std testing greeley co,desktop,std-city,/std-testing/greeley-co/,/std-testing/greeley-co/,7,,,77,no,no,
2026-09-25,std testing green bay wi,phone,std-city,/std-testing/green-bay-wi/,/std-testing/green-bay-wi/,6,6,,130,no,no,
2026-09-25,std testing green bay wi,desktop,std-city,/std-testing/green-bay-wi/,/std-testing/green-bay-wi/,2,,,130,no,no,
2026-09-25,std testing greenfield,phone,std-city,/std-testing/greenfield-wi/,/std-testing/greenfield-wi/,3,3,,240,no,no,
2026-09-25,std testing greenfield,desktop,std-city,/std-testing/greenfield-wi/,/std-testing/greenfield-wi/,3,,,240,yes,yes,
2026-09-25,std testing greensboro nc,phone,std-city,/std-testing/greensboro-nc/,/std-testing/greensboro-nc/,5,5,,254,no,no,
2026-09-25,std testing greensboro nc,desktop,std-city,/std-testing/greensboro-nc/,/std-testing/greensboro-nc/,6,,,254,no,no,
2026-09-25,std testing greenville nc,phone,std-city,/std-testing/greenville-nc/,/std-testing/greenville-nc/,5,5,,253,yes,no,
2026-09-25,std testing greenville nc,desktop,std-city,/std-testing/greenville-nc/,/std-testing/greenville-nc/,5,,,253,yes,no,
2026-09-25,std testing greenville sc,phone,std-city,/std-testing/greenville-sc/,/std-testing/greenville-sc/,6,6,,385,no,no,
2026-09-25,std testing greenville sc,desktop,std-city,/std-testing/greenville-sc/,/std-testing/greenville-sc/,3,,,385,no,no,
2026-09-25,std testing gulfport ms,phone,std-city,/std-testing/gulfport-ms/,/std-testing/gulfport-ms/,4,4,,302,no,no,
2026-09-25,std testing gulfport ms,desktop,std-city,/std-testing/gulfport-ms/,/std-testing/gulfport-ms/,4,,,302,no,no,
2026-09-25,std testing hagerstown md,phone,std-city,/std-testing/hagerstown-md/,/std-testing/hagerstown-md/,5,5,,175,no,no,
2026-09-25,std testing hagerstown md,desktop,std-city,/std-testing/hagerstown-md/,/std-testing/hagerstown-md/,5,,,175,no,no,
2026-09-25,std testing haines city fl,phone,std-city,/std-testing/haines-city-fl/,/std-testing/haines-city-fl/,5,5,,259,no,no,
2026-09-25,std testing haines city fl,desktop,std-city,/std-testing/haines-city-fl/,/std-testing/haines-city-fl/,8,,,259,no,no,
2026-09-25,std testing hamilton,phone,std-city,/std-testing/hamilton-oh/,/std-testing/hamilton-oh/,10,10,,216,no,no,
2026-09-25,std testing hamilton,desktop,std-city,/std-testing/hamilton-oh/,/std-testing/hamilton-oh/,10,,,216,no,no,
2026-09-25,std testing hammond in,phone,std-city,/std-testing/hammond-la/,/std-testing/hammond-la/,6,6,,169,no,no,
2026-09-25,std testing hammond in,desktop,std-city,/std-testing/hammond-la/,/std-testing/hammond-la/,6,,,169,no,no,
2026-09-25,std testing hammond la,phone,std-city,/std-testing/hammond-la/,/std-testing/hammond-la/,4,4,,175,no,no,
2026-09-25,std testing hammond la,desktop,std-city,/std-testing/hammond-la/,/std-testing/hammond-la/,4,,,175,no,no,
2026-09-25,std testing hampton va,phone,std-city,/std-testing/hampton-va/,/std-testing/hampton-va/,5,5,,213,no,no,
2026-09-25,std testing hampton va,desktop,std-city,/std-testing/hampton-va/,/std-testing/hampton-va/,22,,,213,no,no,
2026-09-25,std testing harlingen tx,phone,std-city,/std-testing/harlingen-tx/,/std-testing/harlingen-tx/,5,5,,85,no,no,
2026-09-25,std testing harlingen tx,desktop,std-city,/std-testing/harlingen-tx/,/std-testing/harlingen-tx/,5,,,85,no,no,
2026-09-25,std testing harrisburg pa,phone,std-city,/std-testing/harrisburg-pa/,/std-testing/harrisburg-pa/,7,7,,113,no,no,
2026-09-25,std testing harrisburg pa,desktop,std-city,/std-testing/harrisburg-pa/,/std-testing/harrisburg-pa/,7,,,113,no,no,
2026-09-25,std testing hartford ct,phone,std-city,/std-testing/hartford-ct/,/std-testing/hartford-ct/,5,5,,329,no,no,
2026-09-25,std testing hartford ct,desktop,std-city,/std-testing/hartford-ct/,/std-testing/hartford-ct/,5,,,329,no,no,
2026-09-25,std testing hattiesburg ms,phone,std-city,/std-testing/hattiesburg-ms/,/std-testing/hattiesburg-ms/,4,4,,232,no,no,
2026-09-25,std testing hattiesburg ms,desktop,std-city,/std-testing/hattiesburg-ms/,/std-testing/hattiesburg-ms/,4,,,232,no,no,
2026-09-25,std testing haverhill,phone,std-city,/std-testing/haverhill-ma/,/std-testing/haverhill-ma/,7,7,,111,no,no,
2026-09-25,std testing haverhill,desktop,std-city,/std-testing/haverhill-ma/,/std-testing/haverhill-ma/,7,,,111,no,no,
2026-09-25,std testing hawthorne ca,phone,std-city,/std-testing/hawthorne-ca/,/std-testing/hawthorne-ca/,6,6,,173,no,no,
2026-09-25,std testing hawthorne ca,desktop,std-city,/std-testing/hawthorne-ca/,/std-testing/hawthorne-ca/,6,,,173,no,no,
2026-09-25,std testing hayward ca,phone,std-city,/std-testing/hayward-ca/,/std-testing/hayward-ca/,3,3,,107,yes,no,
2026-09-25,std testing hayward ca,desktop,std-city,/std-testing/hayward-ca/,/std-testing/hayward-ca/,2,,,107,no,no,
2026-09-25,std testing hazleton pa,phone,std-city,/std-testing/hazleton-pa/,/std-testing/hazleton-pa/,4,4,,143,yes,no,
2026-09-25,std testing hazleton pa,desktop,std-city,/std-testing/hazleton-pa/,/std-testing/hazleton-pa/,2,,,143,no,no,
2026-09-25,std testing hempstead,phone,std-city,/std-testing/elmont-ny/,/std-testing/hempstead-ny/,6,6,,372,no,no,other page ranks
2026-09-25,std testing hempstead,desktop,std-city,/std-testing/elmont-ny/,/std-testing/hempstead-ny/,5,,,372,yes,yes,
2026-09-25,std testing henderson nv,phone,std-city,/std-testing/henderson-nv/,/std-testing/henderson-nv/,6,6,,194,no,no,
2026-09-25,std testing henderson nv,desktop,std-city,/std-testing/henderson-nv/,/std-testing/henderson-nv/,3,,,194,yes,yes,
2026-09-25,std testing high point nc,phone,std-city,/std-testing/high-point-nc/,/std-testing/high-point-nc/,6,6,,213,no,no,
2026-09-25,std testing high point nc,desktop,std-city,/std-testing/high-point-nc/,/std-testing/high-point-nc/,7,,,213,no,no,
2026-09-25,std testing highlands ranch co,phone,std-city,/std-testing/highlands-ranch-co/,/std-testing/highlands-ranch-co/,1,1,,127,no,no,
2026-09-25,std testing highlands ranch co,desktop,std-city,/std-testing/highlands-ranch-co/,/std-testing/highlands-ranch-co/,1,,,127,no,no,
2026-09-25,std testing hillsboro or,phone,std-city,/std-testing/hillsboro-or/,/std-testing/hillsboro-or/,4,4,,235,no,no,
2026-09-25,std testing hillsboro or,desktop,std-city,/std-testing/hillsboro-or/,/std-testing/hillsboro-or/,4,,,235,no,no,
2026-09-25,std testing hobbs nm,phone,std-city,/std-testing/hobbs-nm/,/std-testing/hobbs-nm/,4,4,,109,no,no,
2026-09-25,std testing hobbs nm,desktop,std-city,/std-testing/hobbs-nm/,/std-testing/hobbs-nm/,4,,,109,no,no,
2026-09-25,std testing hoboken,phone,std-city,/std-testing/hoboken-nj/,/std-testing/hoboken-nj/,7,7,,251,no,no,
2026-09-25,std testing hoboken,desktop,std-city,/std-testing/hoboken-nj/,/std-testing/hoboken-nj/,8,,,251,no,no,
2026-09-25,std testing hoffman estates,phone,std-city,/std-testing/hoffman-estates-il/,/std-testing/hoffman-estates-il/,2,2,,254,no,no,
2026-09-25,std testing hoffman estates,desktop,std-city,/std-testing/hoffman-estates-il/,/std-testing/hoffman-estates-il/,2,,,254,yes,yes,
2026-09-25,std testing holland mi,phone,std-city,/std-testing/holland-mi/,/std-testing/holland-mi/,6,6,,168,no,no,
2026-09-25,std testing holland mi,desktop,std-city,/std-testing/holland-mi/,/std-testing/holland-mi/,6,,,168,no,no,
2026-09-25,std testing hollywood fl,phone,std-city,/std-testing/hollywood-fl/,/std-testing/hollywood-fl/,4,4,,292,no,no,
2026-09-25,std testing hollywood fl,desktop,std-city,/std-testing/hollywood-fl/,/std-testing/hollywood-fl/,4,,,292,no,no,
2026-09-25,std testing homestead,phone,std-city,/std-testing/homestead-fl/,/std-testing/homestead-fl/,4,4,,158,no,no,
2026-09-25,std testing homestead,desktop,std-city,/std-testing/homestead-fl/,/std-testing/homestead-fl/,4,,,158,no,no,
2026-09-25,std testing honolulu hi,phone,std-city,/std-testing/hawaii/,/std-testing/honolulu-hi/,7,7,,262,no,no,other page ranks
2026-09-25,std testing honolulu hi,desktop,std-city,/std-testing/hawaii/,/std-testing/hawaii/,7,,,262,no,no,
2026-09-25,std testing hoover al,phone,std-city,/std-testing/hoover-al/,/std-testing/hoover-al/,4,4,,261,no,no,
2026-09-25,std testing hoover al,desktop,std-city,/std-testing/hoover-al/,/std-testing/hoover-al/,4,,,261,no,no,
2026-09-25,std testing houma la,phone,std-city,/std-testing/houma-la/,/std-testing/houma-la/,1,1,,160,no,no,
2026-09-25,std testing houma la,desktop,std-city,/std-testing/houma-la/,/std-testing/houma-la/,1,,,160,yes,no,
2026-09-25,std testing huntersville,phone,std-city,/std-testing/huntersville-nc/,/std-testing/huntersville-nc/,5,5,,263,no,no,
2026-09-25,std testing huntersville,desktop,std-city,/std-testing/huntersville-nc/,/std-testing/huntersville-nc/,2,,,263,no,no,
2026-09-25,std testing huntington beach ca,phone,std-city,/std-testing/huntington-beach-ca/,/std-testing/huntington-beach-ca/,6,6,,226,no,no,
2026-09-25,std testing huntington beach ca,desktop,std-city,/std-testing/huntington-beach-ca/,/std-testing/huntington-beach-ca/,4,,,226,no,no,
2026-09-25,std testing huntington wv,phone,std-city,/std-testing/huntington-wv/,/std-testing/huntington-wv/,5,5,,154,no,no,
2026-09-25,std testing huntington wv,desktop,std-city,/std-testing/huntington-wv/,/std-testing/huntington-wv/,5,,,154,no,no,
2026-09-25,std testing huntsville al,phone,std-city,/std-testing/vestavia-hills-al/,/std-testing/huntsville-al/,5,5,,359,no,no,other page ranks
2026-09-25,std testing huntsville al,desktop,std-city,/std-testing/vestavia-hills-al/,/std-testing/vestavia-hills-al/,7,,,359,no,no,
2026-09-25,std testing hurst tx,phone,std-city,/std-testing/hurst-tx/,/std-testing/hurst-tx/,5,5,,293,no,no,
2026-09-25,std testing hurst tx,desktop,std-city,/std-testing/hurst-tx/,/std-testing/hurst-tx/,4,,,293,no,no,
2026-09-25,std testing in biloxi ms,phone,std-city,/std-testing/biloxi-ms/,/std-testing/biloxi-ms/,6,6,,350,no,no,
2026-09-25,std testing in biloxi ms,desktop,std-city,/std-testing/biloxi-ms/,/std-testing/biloxi-ms/,6,,,350,no,no,
2026-09-25,std testing in dunwoody,phone,std-city,/std-testing/dunwoody-ga/,/std-testing/dunwoody-ga/,5,5,,284,no,no,
2026-09-25,std testing in dunwoody,desktop,std-city,/std-testing/dunwoody-ga/,/std-testing/dunwoody-ga/,6,,,284,no,no,
2026-09-25,std testing independence mo,phone,std-city,/std-testing/independence-mo/,/std-testing/independence-mo/,4,4,,179,no,no,
2026-09-25,std testing independence mo,desktop,std-city,/std-testing/independence-mo/,/std-testing/independence-mo/,4,,,179,no,no,
2026-09-25,std testing indianapolis in,phone,std-city,/std-testing/indianapolis-in/,/std-testing/indianapolis-in/,6,6,,252,no,no,
2026-09-25,std testing indianapolis in,desktop,std-city,/std-testing/indianapolis-in/,/std-testing/indianapolis-in/,6,,,252,no,no,
2026-09-25,std testing irvine ca,phone,std-city,/std-testing/irvine-ca/,/std-testing/irvine-ca/,4,4,,282,no,no,
2026-09-25,std testing irvine ca,desktop,std-city,/std-testing/irvine-ca/,/std-testing/irvine-ca/,4,,,282,no,no,
2026-09-25,std testing irving tx,phone,std-city,/std-testing/irving-tx/,/std-testing/irving-tx/,4,4,,223,no,no,
2026-09-25,std testing irving tx,desktop,std-city,/std-testing/irving-tx/,/std-testing/irving-tx/,4,,,223,no,no,
2026-09-25,std testing issaquah wa,phone,std-city,/blood-testing/issaquah-wa/,/std-testing/issaquah-wa/,6,6,,374,no,no,other page ranks
2026-09-25,std testing issaquah wa,desktop,std-city,/blood-testing/issaquah-wa/,/blood-testing/issaquah-wa/,10,,,374,no,no,
2026-09-25,std testing ithaca ny,phone,std-city,/std-testing/ithaca-ny/,/std-testing/ithaca-ny/,6,6,,85,no,no,
2026-09-25,std testing ithaca ny,desktop,std-city,/std-testing/ithaca-ny/,/std-testing/ithaca-ny/,7,,,85,no,no,
2026-09-25,std testing jackson mi,phone,std-city,/std-testing/jackson-mi/,/std-testing/jackson-mi/,5,5,,180,no,no,
2026-09-25,std testing jackson mi,desktop,std-city,/std-testing/jackson-mi/,/std-testing/jackson-mi/,5,,,180,no,no,
2026-09-25,std testing jackson ms,phone,std-city,/std-testing/jackson-ms/,/std-testing/jackson-ms/,5,5,,234,no,no,
2026-09-25,std testing jackson ms,desktop,std-city,/std-testing/jackson-ms/,/std-testing/jackson-ms/,5,,,234,no,no,
2026-09-25,std testing jackson tn,phone,std-city,/std-testing/jackson-tn/,/std-testing/jackson-tn/,5,5,,83,no,no,
2026-09-25,std testing jackson tn,desktop,std-city,/std-testing/jackson-tn/,/std-testing/jackson-tn/,5,,,83,no,no,
2026-09-25,std testing jacksonville fl,phone,std-city,/std-testing/jacksonville-beach-fl/,/std-testing/jacksonville-beach-fl/,7,7,,512,no,no,
2026-09-25,std testing jacksonville fl,desktop,std-city,/std-testing/jacksonville-beach-fl/,/std-testing/jacksonville-beach-fl/,7,,,512,no,no,
2026-09-25,std testing jacksonville nc,phone,std-city,/std-testing/jacksonville-nc/,/std-testing/jacksonville-nc/,5,5,,212,no,no,
2026-09-25,std testing jacksonville nc,desktop,std-city,/std-testing/jacksonville-nc/,/std-testing/jacksonville-nc/,5,,,212,yes,yes,
2026-09-25,std testing janesville wi,phone,std-city,/std-testing/janesville-wi/,/std-testing/janesville-wi/,5,5,,314,no,no,
2026-09-25,std testing janesville wi,desktop,std-city,/std-testing/janesville-wi/,/std-testing/janesville-wi/,5,,,314,yes,yes,
2026-09-25,std testing jefferson city mo,phone,std-city,/std-testing/jefferson-city-mo/,/std-testing/jefferson-city-mo/,5,5,,96,no,no,
2026-09-25,std testing jefferson city mo,desktop,std-city,/std-testing/jefferson-city-mo/,/std-testing/jefferson-city-mo/,5,,,96,no,no,
2026-09-25,std testing johns creek ga,phone,std-city,/std-testing/johns-creek-ga/,/std-testing/johns-creek-ga/,3,3,,228,no,no,
2026-09-25,std testing johns creek ga,desktop,std-city,/std-testing/johns-creek-ga/,/std-testing/johns-creek-ga/,3,,,228,no,no,
2026-09-25,std testing johnson city tn,phone,std-city,/std-testing/johnson-city-tn/,/std-testing/johnson-city-tn/,4,4,,81,no,no,
2026-09-25,std testing johnson city tn,desktop,std-city,/std-testing/johnson-city-tn/,/std-testing/johnson-city-tn/,4,,,81,no,no,
2026-09-25,std testing joliet il,phone,std-city,/std-testing/joliet-il/,/std-testing/joliet-il/,4,4,,152,no,no,
2026-09-25,std testing joliet il,desktop,std-city,/std-testing/joliet-il/,/std-testing/joliet-il/,4,,,152,no,no,
2026-09-25,std testing jonesboro ar,phone,std-city,/std-testing/jonesboro-ar/,/std-testing/jonesboro-ar/,4,4,,215,no,no,
2026-09-25,std testing jonesboro ar,desktop,std-city,/std-testing/jonesboro-ar/,/std-testing/jonesboro-ar/,4,,,215,no,no,
2026-09-25,std testing joplin mo,phone,std-city,/std-testing/joplin-mo/,/std-testing/joplin-mo/,6,6,,184,no,no,
2026-09-25,std testing joplin mo,desktop,std-city,/std-testing/joplin-mo/,/std-testing/joplin-mo/,3,,,184,no,no,
2026-09-25,std testing kansas city mo,phone,std-city,/std-testing/kansas-city-ks/,/std-testing/kansas-city-ks/,7,7,,191,no,no,
2026-09-25,std testing kansas city mo,desktop,std-city,/std-testing/kansas-city-ks/,/std-testing/kansas-city-ks/,7,,,191,no,no,
2026-09-25,std testing katy tx,phone,std-city,/std-testing/katy-tx/,/std-testing/katy-tx/,4,4,,116,no,no,
2026-09-25,std testing katy tx,desktop,std-city,/std-testing/katy-tx/,/std-testing/katy-tx/,5,,,116,no,no,
2026-09-25,std testing keizer,phone,std-city,/std-testing/keizer-or/,/std-testing/keizer-or/,2,2,,183,no,no,
2026-09-25,std testing keizer,desktop,std-city,/std-testing/keizer-or/,/std-testing/keizer-or/,1,,,183,no,no,
2026-09-25,std testing keller tx,phone,std-city,/std-testing/keller-tx/,/std-testing/keller-tx/,1,1,,148,no,no,
2026-09-25,std testing keller tx,desktop,std-city,/std-testing/keller-tx/,/std-testing/keller-tx/,4,,,148,no,no,
2026-09-25,std testing kennesaw ga,phone,std-city,/std-testing/kennesaw-ga/,/std-testing/kennesaw-ga/,6,6,,241,no,no,
2026-09-25,std testing kennesaw ga,desktop,std-city,/std-testing/kennesaw-ga/,/std-testing/kennesaw-ga/,6,,,241,no,no,
2026-09-25,std testing kenosha wi,phone,std-city,/std-testing/kenosha-wi/,/std-testing/kenosha-wi/,8,8,,77,no,no,
2026-09-25,std testing kenosha wi,desktop,std-city,/std-testing/kenosha-wi/,/std-testing/kenosha-wi/,8,,,77,no,no,
2026-09-25,std testing kent wa,phone,std-city,/std-testing/kent-wa/,/std-testing/kent-wa/,4,4,,284,no,no,
2026-09-25,std testing kent wa,desktop,std-city,/std-testing/kent-wa/,/std-testing/kent-wa/,4,,,284,no,no,
2026-09-25,std testing kettering,phone,std-city,/std-testing/kettering-oh/,/std-testing/kettering-oh/,3,3,,168,no,no,
2026-09-25,std testing kettering,desktop,std-city,/std-testing/kettering-oh/,/std-testing/kettering-oh/,3,,,168,no,no,
2026-09-25,std testing kingwood tx,phone,std-city,/std-testing/kingwood-tx/,/std-testing/kingwood-tx/,6,6,,104,no,no,
2026-09-25,std testing kingwood tx,desktop,std-city,/std-testing/kingwood-tx/,/std-testing/kingwood-tx/,6,,,104,no,no,
2026-09-25,std testing kirkland wa,phone,std-city,/std-testing/kirkland-wa/,/std-testing/kirkland-wa/,4,4,,310,no,no,
2026-09-25,std testing kirkland wa,desktop,std-city,/std-testing/kirkland-wa/,/std-testing/kirkland-wa/,4,,,310,no,no,
2026-09-25,std testing kissimmee fl,phone,std-city,/std-testing/kissimmee-fl/,/std-testing/kissimmee-fl/,7,7,,117,no,no,
2026-09-25,std testing kissimmee fl,desktop,std-city,/std-testing/kissimmee-fl/,/std-testing/kissimmee-fl/,7,,,117,no,no,
2026-09-25,std testing knoxville tn,phone,std-city,/std-testing/knoxville-tn/,/std-testing/knoxville-tn/,7,7,,150,no,no,
2026-09-25,std testing knoxville tn,desktop,std-city,/std-testing/knoxville-tn/,/std-testing/knoxville-tn/,7,,,150,no,no,
2026-09-25,std testing la crosse wi,phone,std-city,/std-testing/la-crosse-wi/,/std-testing/la-crosse-wi/,3,3,,81,no,no,
2026-09-25,std testing la crosse wi,desktop,std-city,/std-testing/la-crosse-wi/,/std-testing/la-crosse-wi/,5,,,81,no,no,
2026-09-25,std testing la mesa,phone,std-city,/std-testing/la-mesa-ca/,/std-testing/la-mesa-ca/,3,3,,370,no,no,
2026-09-25,std testing la mesa,desktop,std-city,/std-testing/la-mesa-ca/,/std-testing/la-mesa-ca/,1,,,370,no,no,
2026-09-25,std testing la quinta,phone,std-city,/blood-testing/la-quinta-ca/,/std-testing/la-quinta-ca/,5,5,,268,no,no,other page ranks
2026-09-25,std testing la quinta,desktop,std-city,/blood-testing/la-quinta-ca/,/std-testing/la-quinta-ca/,4,,,268,yes,yes,
2026-09-25,std testing la quinta ca,phone,std-city,/std-testing/la-quinta-ca/,/std-testing/la-quinta-ca/,4,4,,210,no,no,
2026-09-25,std testing la quinta ca,desktop,std-city,/std-testing/la-quinta-ca/,/std-testing/la-quinta-ca/,4,,,210,no,no,
2026-09-25,std testing lacey wa,phone,std-city,/std-testing/lacey-wa/,/std-testing/lacey-wa/,5,5,,249,no,no,
2026-09-25,std testing lacey wa,desktop,std-city,/std-testing/lacey-wa/,/std-testing/lacey-wa/,5,,,249,no,no,
2026-09-25,std testing lafayette la,phone,std-city,/std-testing/lafayette-la/,/std-testing/lafayette-la/,5,5,,295,no,no,
2026-09-25,std testing lafayette la,desktop,std-city,/std-testing/lafayette-la/,/std-testing/lafayette-la/,5,,,295,no,no,
2026-09-25,std testing laguna niguel,phone,std-city,/std-testing/laguna-niguel-ca/,/std-testing/laguna-niguel-ca/,5,5,,277,no,no,
2026-09-25,std testing laguna niguel,desktop,std-city,/std-testing/laguna-niguel-ca/,/std-testing/laguna-niguel-ca/,4,,,277,no,no,
2026-09-25,std testing laguna niguel ca,phone,std-city,/std-testing/laguna-niguel-ca/,/std-testing/laguna-niguel-ca/,5,5,,260,no,no,
2026-09-25,std testing laguna niguel ca,desktop,std-city,/std-testing/laguna-niguel-ca/,/std-testing/laguna-niguel-ca/,4,,,260,no,no,
2026-09-25,std testing lake charles la,phone,std-city,/std-testing/lake-charles-la/,/std-testing/lake-charles-la/,5,5,,141,no,no,
2026-09-25,std testing lake charles la,desktop,std-city,/std-testing/lake-charles-la/,/std-testing/lake-charles-la/,5,,,141,no,no,
2026-09-25,std testing lake forest ca,phone,std-city,/std-testing/lake-forest-ca/,/std-testing/lake-forest-ca/,4,4,,358,no,no,
2026-09-25,std testing lake forest ca,desktop,std-city,/std-testing/lake-forest-ca/,/std-testing/lake-forest-ca/,4,,,358,no,no,
2026-09-25,std testing lake havasu city,phone,std-city,/std-testing/lake-havasu-city-az/,/std-testing/lake-havasu-city-az/,8,8,,239,no,no,
2026-09-25,std testing lake havasu city,desktop,std-city,/std-testing/lake-havasu-city-az/,/std-testing/lake-havasu-city-az/,8,,,239,no,no,
2026-09-25,std testing lakeland fl,phone,std-city,/std-testing/lakeland-fl/,/std-testing/lakeland-fl/,6,6,,82,no,no,
2026-09-25,std testing lakeland fl,desktop,std-city,/std-testing/lakeland-fl/,/std-testing/lakeland-fl/,6,,,82,no,no,
2026-09-25,std testing lakewood co,phone,std-city,/std-testing/lakewood-co/,/std-testing/lakewood-co/,6,6,,202,no,no,
2026-09-25,std testing lakewood co,desktop,std-city,/std-testing/lakewood-co/,/std-testing/lakewood-co/,6,,,202,no,no,
2026-09-25,std testing lancaster ca,phone,std-city,/std-testing/lancaster-ca/,/std-testing/lancaster-ca/,5,5,,166,no,no,
2026-09-25,std testing lancaster ca,desktop,std-city,/std-testing/lancaster-ca/,/std-testing/lancaster-ca/,5,,,166,no,no,
2026-09-25,std testing lansing mi,phone,std-city,/std-testing/lansing-mi/,/std-testing/lansing-mi/,6,6,,355,no,no,
2026-09-25,std testing lansing mi,desktop,std-city,/std-testing/lansing-mi/,/std-testing/lansing-mi/,6,,,355,no,no,
2026-09-25,std testing laredo tx,phone,std-city,/std-testing/laredo-tx/,/std-testing/laredo-tx/,7,7,,145,no,no,
2026-09-25,std testing laredo tx,desktop,std-city,/std-testing/laredo-tx/,/std-testing/laredo-tx/,7,,,145,no,no,
2026-09-25,std testing largo fl,phone,std-city,/std-testing/largo-fl/,/std-testing/largo-fl/,5,5,,211,no,no,
2026-09-25,std testing largo fl,desktop,std-city,/std-testing/largo-fl/,/std-testing/largo-fl/,5,,,211,no,no,
2026-09-25,std testing las cruces nm,phone,std-city,/std-testing/las-cruces-nm/,/std-testing/las-cruces-nm/,5,5,,91,no,no,
2026-09-25,std testing las cruces nm,desktop,std-city,/std-testing/las-cruces-nm/,/std-testing/las-cruces-nm/,5,,,91,no,no,
2026-09-25,std testing lawrence ks,phone,std-city,/std-testing/lawrence-ks/,/std-testing/lawrence-ks/,5,5,,111,no,no,
2026-09-25,std testing lawrence ks,desktop,std-city,/std-testing/lawrence-ks/,/std-testing/lawrence-ks/,5,,,111,no,no,
2026-09-25,std testing lawrence ma,phone,std-city,/std-testing/lawrence-ma/,/std-testing/lawrence-ma/,2,2,,229,no,no,
2026-09-25,std testing lawrence ma,desktop,std-city,/std-testing/lawrence-ma/,/std-testing/lawrence-ma/,5,,,229,no,no,
2026-09-25,std testing lawton ok,phone,std-city,/std-testing/lawton-ok/,/std-testing/lawton-ok/,4,4,,206,no,no,
2026-09-25,std testing lawton ok,desktop,std-city,/std-testing/lawton-ok/,/std-testing/lawton-ok/,4,,,206,no,no,
2026-09-25,std testing league city tx,phone,std-city,/std-testing/league-city-tx/,/std-testing/league-city-tx/,8,8,,90,no,no,
2026-09-25,std testing league city tx,desktop,std-city,/std-testing/league-city-tx/,/std-testing/league-city-tx/,8,,,90,no,no,
2026-09-25,std testing lees summit,phone,std-city,/std-testing/lees-summit-mo/,/std-testing/lees-summit-mo/,4,4,,180,no,no,
2026-09-25,std testing lees summit,desktop,std-city,/std-testing/lees-summit-mo/,/std-testing/lees-summit-mo/,4,,,180,no,no,
2026-09-25,std testing lees summit mo,phone,std-city,/std-testing/lees-summit-mo/,/std-testing/lees-summit-mo/,4,4,,67,no,no,
2026-09-25,std testing lees summit mo,desktop,std-city,/std-testing/lees-summit-mo/,/std-testing/lees-summit-mo/,4,,,67,no,no,
2026-09-25,std testing leesburg va,phone,std-city,/std-testing/leesburg-va/,/std-testing/leesburg-va/,2,2,,196,no,no,
2026-09-25,std testing leesburg va,desktop,std-city,/std-testing/leesburg-va/,/std-testing/leesburg-va/,7,,,196,no,no,
2026-09-25,std testing lewisville tx,phone,std-city,/std-testing/lewisville-tx/,/std-testing/lewisville-tx/,5,5,,216,no,no,
2026-09-25,std testing lewisville tx,desktop,std-city,/std-testing/lewisville-tx/,/std-testing/lewisville-tx/,5,,,216,no,no,
2026-09-25,std testing lexington ky,phone,std-city,/std-testing/lexington-ky/,/std-testing/lexington-ky/,5,5,,239,no,no,
2026-09-25,std testing lexington ky,desktop,std-city,/std-testing/lexington-ky/,/std-testing/lexington-ky/,5,,,239,no,no,
2026-09-25,std testing lincoln ne,phone,std-city,/std-testing/lincoln-ne/,/std-testing/lincoln-ne/,7,7,,291,no,no,
2026-09-25,std testing lincoln ne,desktop,std-city,/std-testing/lincoln-ne/,/std-testing/lincoln-ne/,6,,,291,no,no,
2026-09-25,std testing little elm tx,phone,std-city,/std-testing/little-elm-tx/,/std-testing/little-elm-tx/,7,7,,224,no,no,
2026-09-25,std testing little elm tx,desktop,std-city,/std-testing/little-elm-tx/,/std-testing/little-elm-tx/,6,,,224,no,no,
2026-09-25,std testing little rock ar,phone,std-city,/std-testing/little-rock-ar/,/std-testing/little-rock-ar/,5,5,,242,no,no,
2026-09-25,std testing little rock ar,desktop,std-city,/std-testing/little-rock-ar/,/std-testing/little-rock-ar/,5,,,242,no,no,
2026-09-25,std testing littleton,phone,std-city,/std-testing/littleton-co/,/std-testing/littleton-co/,4,4,,346,no,no,
2026-09-25,std testing littleton,desktop,std-city,/std-testing/littleton-co/,/std-testing/littleton-co/,4,,,346,no,no,
2026-09-25,std testing livermore ca,phone,std-city,/std-testing/livermore-ca/,/std-testing/livermore-ca/,4,4,,140,no,no,
2026-09-25,std testing livermore ca,desktop,std-city,/std-testing/livermore-ca/,/std-testing/livermore-ca/,4,,,140,no,no,
2026-09-25,std testing livonia mi,phone,std-city,/std-testing/livonia-mi/,/std-testing/livonia-mi/,2,2,,211,no,no,
2026-09-25,std testing livonia mi,desktop,std-city,/std-testing/livonia-mi/,/std-testing/livonia-mi/,2,,,211,no,no,
2026-09-25,std testing long beach ca,phone,std-city,/std-testing/long-beach-ca/,/std-testing/long-beach-ca/,7,7,,95,no,no,
2026-09-25,std testing long beach ca,desktop,std-city,/std-testing/long-beach-ca/,/std-testing/long-beach-ca/,7,,,95,no,no,
2026-09-25,std testing longmont co,phone,std-city,/std-testing/longmont-co/,/std-testing/longmont-co/,4,4,,148,no,no,
2026-09-25,std testing longmont co,desktop,std-city,/std-testing/longmont-co/,/std-testing/longmont-co/,4,,,148,no,no,
2026-09-25,std testing longview tx,phone,std-city,/std-testing/longview-tx/,/std-testing/longview-tx/,4,4,,178,no,no,
2026-09-25,std testing longview tx,desktop,std-city,/std-testing/longview-tx/,/std-testing/longview-tx/,4,,,178,no,no,
2026-09-25,std testing louisville ky,phone,std-city,/std-testing/louisville-ky/,/std-testing/louisville-ky/,7,7,,281,no,no,
2026-09-25,std testing louisville ky,desktop,std-city,/std-testing/louisville-ky/,/std-testing/louisville-ky/,7,,,281,no,no,
2026-09-25,std testing loveland co,phone,std-city,/std-testing/loveland-co/,/std-testing/loveland-co/,5,5,,257,no,no,
2026-09-25,std testing loveland co,desktop,std-city,/std-testing/loveland-co/,/std-testing/loveland-co/,5,,,257,no,no,
2026-09-25,std testing lowell ma,phone,std-city,/std-testing/lowell-ma/,/std-testing/lowell-ma/,5,5,,187,no,no,
2026-09-25,std testing lowell ma,desktop,std-city,/std-testing/lowell-ma/,/std-testing/lowell-ma/,6,,,187,no,no,
2026-09-25,std testing lubbock tx,phone,std-city,/std-testing/lubbock-tx/,/std-testing/lubbock-tx/,6,6,,97,no,no,
2026-09-25,std testing lubbock tx,desktop,std-city,/std-testing/lubbock-tx/,/std-testing/lubbock-tx/,6,,,97,no,no,
2026-09-25,std testing lynn ma,phone,std-city,/std-testing/lynn-ma/,/std-testing/lynn-ma/,6,6,,123,no,no,
2026-09-25,std testing lynn ma,desktop,std-city,/std-testing/lynn-ma/,/std-testing/lynn-ma/,6,,,123,no,no,
2026-09-25,std testing lynwood,phone,std-city,/std-testing/lynnwood-wa/,/std-testing/lynnwood-wa/,3,3,,195,no,no,
2026-09-25,std testing lynwood,desktop,std-city,/std-testing/lynnwood-wa/,/std-testing/lynnwood-wa/,5,,,195,no,no,
2026-09-25,std testing macon ga,phone,std-city,/std-testing/macon-ga/,/std-testing/macon-ga/,4,4,,218,no,no,
2026-09-25,std testing macon ga,desktop,std-city,/std-testing/macon-ga/,/std-testing/macon-ga/,4,,,218,no,no,
2026-09-25,std testing madison ms,phone,std-city,/std-testing/madison-ms/,/std-testing/madison-ms/,5,5,,307,no,no,
2026-09-25,std testing madison ms,desktop,std-city,/std-testing/madison-ms/,/std-testing/madison-ms/,5,,,307,no,no,
2026-09-25,std testing madison wi,phone,std-city,/std-testing/madison-wi/,/std-testing/madison-wi/,7,7,,304,no,no,
2026-09-25,std testing madison wi,desktop,std-city,/std-testing/madison-wi/,/std-testing/madison-wi/,7,,,304,no,no,
2026-09-25,std testing malden ma,phone,std-city,/std-testing/malden-ma/,/std-testing/malden-ma/,3,3,,141,yes,no,
2026-09-25,std testing malden ma,desktop,std-city,/std-testing/malden-ma/,/std-testing/malden-ma/,2,,,141,no,no,
2026-09-25,std testing manassas va,phone,std-city,/std-testing/manassas-va/,/std-testing/manassas-va/,4,4,,215,no,no,
2026-09-25,std testing manassas va,desktop,std-city,/std-testing/manassas-va/,/std-testing/manassas-va/,4,,,215,no,no,
2026-09-25,std testing manchester nh,phone,std-city,/std-testing/manchester-nh/,/std-testing/manchester-nh/,6,6,,202,no,no,
2026-09-25,std testing manchester nh,desktop,std-city,/std-testing/manchester-nh/,/std-testing/manchester-nh/,3,,,202,no,no,
2026-09-25,std testing manhattan ny,phone,std-city,/std-testing/manhattan-ny/,/std-testing/manhattan-ny/,9,9,,166,no,no,
2026-09-25,std testing manhattan ny,desktop,std-city,/std-testing/manhattan-ny/,/std-testing/manhattan-ny/,7,,,166,no,no,
2026-09-25,std testing mankato mn,phone,std-city,/std-testing/mankato-mn/,/std-testing/mankato-mn/,7,7,,87,yes,no,
2026-09-25,std testing mankato mn,desktop,std-city,/std-testing/mankato-mn/,/std-testing/mankato-mn/,6,,,87,no,no,
2026-09-25,std testing mansfield tx,phone,std-city,/std-testing/mansfield-tx/,/std-testing/mansfield-tx/,3,3,,256,no,no,
2026-09-25,std testing mansfield tx,desktop,std-city,/std-testing/mansfield-tx/,/std-testing/mansfield-tx/,1,,,256,yes,yes,
2026-09-25,std testing manteca ca,phone,std-city,/std-testing/manteca-ca/,/std-testing/manteca-ca/,5,5,,79,no,no,
2026-09-25,std testing manteca ca,desktop,std-city,/std-testing/manteca-ca/,/std-testing/manteca-ca/,5,,,79,no,no,
2026-09-25,std testing margate,phone,std-city,/std-testing/margate-fl/,/std-testing/margate-fl/,4,4,,327,no,no,
2026-09-25,std testing margate,desktop,std-city,/std-testing/margate-fl/,/std-testing/margate-fl/,2,,,327,no,no,
2026-09-25,std testing maricopa,phone,std-city,/std-testing/maricopa-az/,/std-testing/maricopa-az/,4,4,,328,no,no,
2026-09-25,std testing maricopa,desktop,std-city,/std-testing/maricopa-az/,/std-testing/maricopa-az/,3,,,328,no,no,
2026-09-25,std testing maricopa az,phone,std-city,/std-testing/maricopa-az/,/std-testing/maricopa-az/,6,6,,323,no,no,
2026-09-25,std testing maricopa az,desktop,std-city,/std-testing/maricopa-az/,/std-testing/maricopa-az/,6,,,323,no,no,
2026-09-25,std testing marietta,phone,std-city,/std-testing/marietta-ga/,/std-testing/marietta-ga/,7,7,,282,no,no,
2026-09-25,std testing marietta,desktop,std-city,/std-testing/marietta-ga/,/std-testing/marietta-ga/,7,,,282,no,no,
2026-09-25,std testing martinsburg wv,phone,std-city,/std-testing/martinsburg-wv/,/std-testing/martinsburg-wv/,6,6,,324,no,no,
2026-09-25,std testing martinsburg wv,desktop,std-city,/std-testing/martinsburg-wv/,/std-testing/martinsburg-wv/,6,,,324,no,no,
2026-09-25,std testing marysville wa,phone,std-city,/std-testing/marysville-wa/,/std-testing/marysville-wa/,5,5,,86,no,no,
2026-09-25,std testing marysville wa,desktop,std-city,/std-testing/marysville-wa/,/std-testing/marysville-wa/,6,,,86,no,no,
2026-09-25,std testing mcallen tx,phone,std-city,/std-testing/mcallen-tx/,/std-testing/mcallen-tx/,4,4,,262,no,no,
2026-09-25,std testing mcallen tx,desktop,std-city,/std-testing/mcallen-tx/,/std-testing/mcallen-tx/,4,,,262,no,no,
2026-09-25,std testing medford or,phone,std-city,/std-testing/medford-or/,/std-testing/medford-or/,5,5,,136,no,no,
2026-09-25,std testing medford or,desktop,std-city,/std-testing/medford-or/,/std-testing/medford-or/,2,,,136,yes,yes,
2026-09-25,std testing melbourne fl,phone,std-city,/std-testing/melbourne-fl/,/std-testing/melbourne-fl/,4,4,,239,no,no,
2026-09-25,std testing melbourne fl,desktop,std-city,/std-testing/melbourne-fl/,/std-testing/melbourne-fl/,1,,,239,no,no,
2026-09-25,std testing memphis tn,phone,std-city,/std-testing/memphis-tn/,/std-testing/memphis-tn/,7,7,,243,no,no,
2026-09-25,std testing memphis tn,desktop,std-city,/std-testing/memphis-tn/,/std-testing/memphis-tn/,7,,,243,no,no,
2026-09-25,std testing menlo park ca,phone,std-city,/std-testing/menlo-park-ca/,/std-testing/menlo-park-ca/,6,6,,224,no,no,
2026-09-25,std testing menlo park ca,desktop,std-city,/std-testing/menlo-park-ca/,/std-testing/menlo-park-ca/,6,,,224,no,no,
2026-09-25,std testing mentor,phone,std-city,/std-testing/mentor-oh/,/std-testing/mentor-oh/,3,3,,161,no,no,
2026-09-25,std testing mentor,desktop,std-city,/std-testing/mentor-oh/,/std-testing/mentor-oh/,2,,,161,yes,yes,
2026-09-25,std testing merced ca,phone,std-city,/std-testing/merced-ca/,/std-testing/merced-ca/,3,3,,141,no,no,
2026-09-25,std testing merced ca,desktop,std-city,/std-testing/merced-ca/,/std-testing/merced-ca/,2,,,141,no,no,
2026-09-25,std testing meriden,phone,std-city,/std-testing/meriden-ct/,/std-testing/meriden-ct/,6,6,,152,no,no,
2026-09-25,std testing meriden,desktop,std-city,/std-testing/meriden-ct/,/std-testing/meriden-ct/,5,,,152,no,no,
2026-09-25,std testing mesa az,phone,std-city,/std-testing/mesa-az/,/std-testing/mesa-az/,7,7,,376,no,no,
2026-09-25,std testing mesa az,desktop,std-city,/std-testing/mesa-az/,/std-testing/mesa-az/,7,,,376,no,no,
2026-09-25,std testing mesquite tx,phone,std-city,/std-testing/mesquite-tx/,/std-testing/mesquite-tx/,4,4,,127,no,no,
2026-09-25,std testing mesquite tx,desktop,std-city,/std-testing/mesquite-tx/,/std-testing/mesquite-tx/,4,,,127,no,no,
2026-09-25,std testing metairie la,phone,std-city,/std-testing/metairie-la/,/std-testing/metairie-la/,5,5,,367,no,no,
2026-09-25,std testing metairie la,desktop,std-city,/std-testing/metairie-la/,/std-testing/metairie-la/,5,,,367,no,no,
2026-09-25,std testing methuen ma,phone,std-city,/blood-testing/methuen-ma/,/std-testing/methuen-ma/,3,3,,158,no,no,other page ranks
2026-09-25,std testing methuen ma,desktop,std-city,/blood-testing/methuen-ma/,/std-testing/methuen-ma/,2,,,158,yes,yes,
2026-09-25,std testing midland tx,phone,std-city,/std-testing/cloverleaf-tx/,/std-testing/midland-tx/,7,7,,358,no,no,other page ranks
2026-09-25,std testing midland tx,desktop,std-city,/std-testing/cloverleaf-tx/,/std-testing/cloverleaf-tx/,11,,,358,no,no,
2026-09-25,std testing midwest city,phone,std-city,/std-testing/midwest-city-ok/,/std-testing/midwest-city-ok/,5,5,,251,no,no,
2026-09-25,std testing midwest city,desktop,std-city,/std-testing/midwest-city-ok/,/std-testing/midwest-city-ok/,5,,,251,no,no,
2026-09-25,std testing milford,phone,std-city,/std-testing/milford-ct/,/std-testing/milford-ct/,4,4,,193,no,no,
2026-09-25,std testing milford,desktop,std-city,/std-testing/milford-ct/,/std-testing/milford-ct/,4,,,193,no,no,
2026-09-25,std testing milpitas ca,phone,std-city,/std-testing/milpitas-ca/,/std-testing/milpitas-ca/,4,4,,249,no,no,
2026-09-25,std testing milpitas ca,desktop,std-city,/std-testing/milpitas-ca/,/std-testing/milpitas-ca/,4,,,249,no,no,
2026-09-25,std testing miramar fl,phone,std-city,/std-testing/miramar-fl/,/std-testing/miramar-fl/,5,5,,189,no,no,
2026-09-25,std testing miramar fl,desktop,std-city,/std-testing/miramar-fl/,/std-testing/miramar-fl/,3,,,189,no,no,
2026-09-25,std testing mishawaka,phone,std-city,/std-testing/mishawaka-in/,/std-testing/mishawaka-in/,5,5,,188,no,no,
2026-09-25,std testing mishawaka,desktop,std-city,/std-testing/mishawaka-in/,/std-testing/mishawaka-in/,5,,,188,no,no,
2026-09-25,std testing mission tx,phone,std-city,/std-testing/mission-tx/,/std-testing/mission-tx/,4,4,,147,no,no,
2026-09-25,std testing mission tx,desktop,std-city,/std-testing/mission-tx/,/std-testing/mission-tx/,4,,,147,no,no,
2026-09-25,std testing missoula mt,phone,std-city,/std-testing/missoula-mt/,/std-testing/missoula-mt/,5,5,,187,no,no,
2026-09-25,std testing missoula mt,desktop,std-city,/std-testing/missoula-mt/,/std-testing/missoula-mt/,5,,,187,no,no,
2026-09-25,std testing missouri city tx,phone,std-city,/std-testing/missouri-city-tx/,/std-testing/missouri-city-tx/,5,5,,214,no,no,
2026-09-25,std testing missouri city tx,desktop,std-city,/std-testing/missouri-city-tx/,/std-testing/missouri-city-tx/,5,,,214,no,no,
2026-09-25,std testing monroe la,phone,std-city,/std-testing/monroe-la/,/std-testing/monroe-la/,4,4,,197,no,no,
2026-09-25,std testing monroe la,desktop,std-city,/std-testing/monroe-la/,/std-testing/monroe-la/,4,,,197,no,no,
2026-09-25,std testing moore,phone,std-city,/std-testing/moore-ok/,/std-testing/moore-ok/,5,5,,185,no,no,
2026-09-25,std testing moore,desktop,std-city,/std-testing/moore-ok/,/std-testing/moore-ok/,5,,,185,no,no,
2026-09-25,std testing moreno valley ca,phone,std-city,/std-testing/moreno-valley-ca/,/std-testing/moreno-valley-ca/,6,6,,262,no,no,
2026-09-25,std testing moreno valley ca,desktop,std-city,/std-testing/moreno-valley-ca/,/std-testing/moreno-valley-ca/,3,,,262,no,no,
2026-09-25,std testing mount vernon ny,phone,std-city,/std-testing/mount-vernon-ny/,/std-testing/mount-vernon-ny/,7,7,,153,no,no,
2026-09-25,std testing mount vernon ny,desktop,std-city,/std-testing/mount-vernon-ny/,/std-testing/mount-vernon-ny/,6,,,153,no,no,
2026-09-25,std testing mountain view ca,phone,std-city,/std-testing/mountain-view-ca/,/std-testing/mountain-view-ca/,5,5,,97,no,no,
2026-09-25,std testing mountain view ca,desktop,std-city,/std-testing/mountain-view-ca/,/std-testing/mountain-view-ca/,2,,,97,yes,no,
2026-09-25,std testing murfreesboro tn,phone,std-city,/std-testing/murfreesboro-tn/,/std-testing/murfreesboro-tn/,5,5,,239,no,no,
2026-09-25,std testing murfreesboro tn,desktop,std-city,/std-testing/murfreesboro-tn/,/std-testing/murfreesboro-tn/,6,,,239,no,no,
2026-09-25,std testing murray utah,phone,std-city,/std-testing/murray-ut/,/std-testing/murray-ut/,5,5,,480,no,no,
2026-09-25,std testing murray utah,desktop,std-city,/std-testing/murray-ut/,/std-testing/murray-ut/,5,,,480,no,no,
2026-09-25,std testing murrieta ca,phone,std-city,/std-testing/murrieta-ca/,/std-testing/murrieta-ca/,5,5,,268,no,no,
2026-09-25,std testing murrieta ca,desktop,std-city,/std-testing/murrieta-ca/,/std-testing/murrieta-ca/,5,,,268,no,no,
2026-09-25,std testing muskegon mi,phone,std-city,/std-testing/muskegon-mi/,/std-testing/muskegon-mi/,5,5,,167,no,no,
2026-09-25,std testing muskegon mi,desktop,std-city,/std-testing/muskegon-mi/,/std-testing/muskegon-mi/,5,,,167,no,no,
2026-09-25,std testing muskogee,phone,std-city,/std-testing/muskogee-ok/,/std-testing/muskogee-ok/,6,6,,134,no,no,
2026-09-25,std testing muskogee,desktop,std-city,/std-testing/muskogee-ok/,/std-testing/muskogee-ok/,7,,,134,no,no,
2026-09-25,std testing myrtle beach sc,phone,std-city,/std-testing/myrtle-beach-sc/,/std-testing/myrtle-beach-sc/,6,6,,200,no,no,
2026-09-25,std testing myrtle beach sc,desktop,std-city,/std-testing/myrtle-beach-sc/,/std-testing/myrtle-beach-sc/,6,,,200,no,no,
2026-09-25,std testing napa ca,phone,std-city,/std-testing/napa-ca/,/std-testing/napa-ca/,4,4,,231,no,no,
2026-09-25,std testing napa ca,desktop,std-city,/std-testing/napa-ca/,/std-testing/napa-ca/,3,,,231,yes,yes,
2026-09-25,std testing naperville il,phone,std-city,/std-testing/naperville-il/,/std-testing/naperville-il/,5,5,,193,no,no,
2026-09-25,std testing naperville il,desktop,std-city,/std-testing/naperville-il/,/std-testing/naperville-il/,2,,,193,no,no,
2026-09-25,std testing nashua nh,phone,std-city,/std-testing/nashua-nh/,/std-testing/nashua-nh/,6,6,,334,no,no,
2026-09-25,std testing nashua nh,desktop,std-city,/std-testing/nashua-nh/,/std-testing/nashua-nh/,6,,,334,no,no,
2026-09-25,std testing national city,phone,std-city,/std-testing/national-city-ca/,/std-testing/national-city-ca/,4,4,,273,no,no,
2026-09-25,std testing national city,desktop,std-city,/std-testing/national-city-ca/,/std-testing/national-city-ca/,2,,,273,no,no,
2026-09-25,std testing new bedford ma,phone,std-city,/std-testing/new-bedford-ma/,/std-testing/new-bedford-ma/,5,5,,192,no,no,
2026-09-25,std testing new bedford ma,desktop,std-city,/std-testing/new-bedford-ma/,/std-testing/new-bedford-ma/,5,,,192,no,no,
2026-09-25,std testing new braunfels tx,phone,std-city,/std-testing/new-braunfels-tx/,/std-testing/new-braunfels-tx/,5,5,,91,no,no,
2026-09-25,std testing new braunfels tx,desktop,std-city,/std-testing/new-braunfels-tx/,/std-testing/new-braunfels-tx/,6,,,91,no,no,
2026-09-25,std testing new orleans la,phone,std-city,/std-testing/new-orleans-la/,/std-testing/new-orleans-la/,5,5,,220,no,no,
2026-09-25,std testing new orleans la,desktop,std-city,/std-testing/new-orleans-la/,/std-testing/new-orleans-la/,5,,,220,yes,yes,
2026-09-25,std testing new rochelle ny,phone,std-city,/std-testing/new-rochelle-ny/,/std-testing/new-rochelle-ny/,3,3,,195,no,no,
2026-09-25,std testing new rochelle ny,desktop,std-city,/std-testing/new-rochelle-ny/,/std-testing/new-rochelle-ny/,2,,,195,no,no,
2026-09-25,std testing newark nj,phone,std-city,/std-testing/newark-nj/,/std-testing/newark-nj/,2,2,,238,no,no,
2026-09-25,std testing newark nj,desktop,std-city,/std-testing/newark-nj/,/std-testing/newark-nj/,6,,,238,no,no,
2026-09-25,std testing newburgh ny,phone,std-city,/std-testing/newburgh-ny/,/std-testing/newburgh-ny/,4,4,,188,no,no,
2026-09-25,std testing newburgh ny,desktop,std-city,/std-testing/newburgh-ny/,/std-testing/newburgh-ny/,3,,,188,no,no,
2026-09-25,std testing newport beach ca,phone,std-city,/std-testing/newport-beach-ca/,/std-testing/newport-beach-ca/,5,5,,253,no,no,
2026-09-25,std testing newport beach ca,desktop,std-city,/std-testing/newport-beach-ca/,/std-testing/newport-beach-ca/,5,,,253,no,no,
2026-09-25,std testing newport news va,phone,std-city,/std-testing/newport-news-va/,/std-testing/newport-news-va/,4,4,,142,no,no,
2026-09-25,std testing newport news va,desktop,std-city,/std-testing/newport-news-va/,/std-testing/newport-news-va/,1,,,142,no,no,
2026-09-25,std testing noblesville,phone,std-city,/std-testing/noblesville-in/,/std-testing/noblesville-in/,5,5,,372,no,no,
2026-09-25,std testing noblesville,desktop,std-city,/std-testing/noblesville-in/,/std-testing/noblesville-in/,5,,,372,no,no,
2026-09-25,std testing norfolk va,phone,std-city,/std-testing/norfolk-va/,/std-testing/norfolk-va/,6,6,,196,no,no,
2026-09-25,std testing norfolk va,desktop,std-city,/std-testing/norfolk-va/,/std-testing/norfolk-va/,6,,,196,no,no,
2026-09-25,std testing norman ok,phone,std-city,/std-testing/norman-ok/,/std-testing/norman-ok/,4,4,,261,no,no,
2026-09-25,std testing norman ok,desktop,std-city,/std-testing/norman-ok/,/std-testing/norman-ok/,4,,,261,no,no,
2026-09-25,std testing north charleston sc,phone,std-city,/std-testing/charleston-sc/,/std-testing/charleston-sc/,7,7,,185,no,no,
2026-09-25,std testing north charleston sc,desktop,std-city,/std-testing/charleston-sc/,/std-testing/charleston-sc/,6,,,185,no,no,
2026-09-25,std testing north little rock,phone,std-city,/std-testing/little-rock-ar/,/std-testing/little-rock-ar/,5,5,,255,no,no,
2026-09-25,std testing north little rock,desktop,std-city,/std-testing/little-rock-ar/,/std-testing/little-rock-ar/,5,,,255,no,no,
2026-09-25,std testing north little rock ar,phone,std-city,/std-testing/little-rock-ar/,/std-testing/north-little-rock-ar/,5,5,,167,no,no,other page ranks
2026-09-25,std testing north little rock ar,desktop,std-city,/std-testing/little-rock-ar/,/std-testing/little-rock-ar/,5,,,167,no,no,
2026-09-25,std testing north miami,phone,std-city,/std-testing/miami-beach-fl/,/std-testing/miami-beach-fl/,6,6,,434,no,no,
2026-09-25,std testing north miami,desktop,std-city,/std-testing/miami-beach-fl/,/std-testing/miami-beach-fl/,6,,,434,no,no,
2026-09-25,std testing north miami beach,phone,std-city,/std-testing/miami-beach-fl/,/std-testing/miami-beach-fl/,4,4,,373,no,no,
2026-09-25,std testing north miami beach,desktop,std-city,/std-testing/miami-beach-fl/,/std-testing/miami-beach-fl/,4,,,373,no,no,
2026-09-25,std testing norwalk ct,phone,std-city,/std-testing/norwalk-ct/,/std-testing/norwalk-ct/,6,6,,147,no,no,
2026-09-25,std testing norwalk ct,desktop,std-city,/std-testing/norwalk-ct/,/std-testing/norwalk-ct/,6,,,147,no,no,
2026-09-25,std testing novi,phone,std-city,/std-testing/novi-mi/,/std-testing/novi-mi/,5,5,,253,no,no,
2026-09-25,std testing novi,desktop,std-city,/std-testing/novi-mi/,/std-testing/novi-mi/,5,,,253,no,no,
2026-09-25,std testing novi mi,phone,std-city,/std-testing/novi-mi/,/std-testing/novi-mi/,5,5,,200,no,no,
2026-09-25,std testing novi mi,desktop,std-city,/std-testing/novi-mi/,/std-testing/novi-mi/,5,,,200,no,no,
2026-09-25,std testing oak lawn,phone,std-city,/std-testing/oak-lawn-il/,/std-testing/oak-lawn-il/,8,8,,257,no,no,
2026-09-25,std testing oak lawn,desktop,std-city,/std-testing/oak-lawn-il/,/std-testing/oak-lawn-il/,8,,,257,no,no,
2026-09-25,std testing oak lawn il,phone,std-city,/std-testing/oak-lawn-il/,/std-testing/oak-lawn-il/,3,3,,199,no,no,
2026-09-25,std testing oak lawn il,desktop,std-city,/std-testing/oak-lawn-il/,/std-testing/oak-lawn-il/,1,,,199,yes,yes,
2026-09-25,std testing oak park,phone,std-city,/std-testing/oak-park-il/,/std-testing/oak-park-il/,5,5,,276,no,no,
2026-09-25,std testing oak park,desktop,std-city,/std-testing/oak-park-il/,/std-testing/oak-park-il/,6,,,276,no,no,
2026-09-25,std testing oak park il,phone,std-city,/std-testing/oak-park-il/,/std-testing/oak-park-il/,5,5,,202,no,no,
2026-09-25,std testing oak park il,desktop,std-city,/std-testing/oak-park-il/,/std-testing/oak-park-il/,5,,,202,no,no,
2026-09-25,std testing oakland ca,phone,std-city,/std-testing/oakland-ca/,/std-testing/oakland-ca/,5,5,,152,no,no,
2026-09-25,std testing oakland ca,desktop,std-city,/std-testing/oakland-ca/,/std-testing/oakland-ca/,5,,,152,no,no,
2026-09-25,std testing oakland park,phone,std-city,/std-testing/oakland-park-fl/,/std-testing/oakland-park-fl/,4,4,,285,no,no,
2026-09-25,std testing oakland park,desktop,std-city,/std-testing/oakland-park-fl/,/std-testing/oakland-park-fl/,6,,,285,no,no,
2026-09-25,std testing ocala fl,phone,std-city,/std-testing/ocala-fl/,/std-testing/ocala-fl/,7,7,,134,no,no,
2026-09-25,std testing ocala fl,desktop,std-city,/std-testing/ocala-fl/,/std-testing/ocala-fl/,5,,,134,no,no,
2026-09-25,std testing oceanside ca,phone,std-city,/std-testing/oceanside-ca/,/std-testing/oceanside-ca/,5,5,,136,no,no,
2026-09-25,std testing oceanside ca,desktop,std-city,/std-testing/oceanside-ca/,/std-testing/oceanside-ca/,2,,,136,no,no,
2026-09-25,std testing ocoee,phone,std-city,/std-testing/alafaya-fl/,/std-testing/ocoee-fl/,3,3,,268,no,no,other page ranks
2026-09-25,std testing ocoee,desktop,std-city,/std-testing/alafaya-fl/,/std-testing/ocoee-fl/,2,,,268,yes,yes,
2026-09-25,std testing odessa tx,phone,std-city,/std-testing/odessa-tx/,/std-testing/odessa-tx/,5,5,,356,no,no,
2026-09-25,std testing odessa tx,desktop,std-city,/std-testing/odessa-tx/,/std-testing/odessa-tx/,5,,,356,no,no,
2026-09-25,std testing oklahoma city ok,phone,std-city,/std-testing/oklahoma-city-ok/,/std-testing/oklahoma-city-ok/,7,7,,217,no,no,
2026-09-25,std testing oklahoma city ok,desktop,std-city,/std-testing/oklahoma-city-ok/,/std-testing/oklahoma-city-ok/,7,,,217,no,no,
2026-09-25,std testing olathe ks,phone,std-city,/std-testing/olathe-ks/,/std-testing/olathe-ks/,5,5,,280,no,no,
2026-09-25,std testing olathe ks,desktop,std-city,/std-testing/olathe-ks/,/std-testing/olathe-ks/,4,,,280,no,no,
2026-09-25,std testing olney md,phone,std-city,/std-testing/olney-md/,/std-testing/olney-md/,5,5,,310,no,no,
2026-09-25,std testing olney md,desktop,std-city,/std-testing/olney-md/,/std-testing/olney-md/,4,,,310,no,no,
2026-09-25,std testing ontario ca,phone,std-city,/std-testing/ontario-ca/,/std-testing/ontario-ca/,4,4,,167,no,no,
2026-09-25,std testing ontario ca,desktop,std-city,/std-testing/ontario-ca/,/std-testing/ontario-ca/,1,,,167,no,no,
2026-09-25,std testing orangeburg sc,phone,std-city,/std-testing/orangeburg-sc/,/std-testing/orangeburg-sc/,4,4,,229,no,no,
2026-09-25,std testing orangeburg sc,desktop,std-city,/std-testing/orangeburg-sc/,/std-testing/orangeburg-sc/,4,,,229,no,no,
2026-09-25,std testing orland park il,phone,std-city,/std-testing/orland-park-il/,/std-testing/orland-park-il/,6,6,,167,no,no,
2026-09-25,std testing orland park il,desktop,std-city,/std-testing/orland-park-il/,/std-testing/orland-park-il/,5,,,167,no,no,
2026-09-25,std testing orlando fl,phone,std-city,/std-testing/orlando-fl/,/std-testing/orlando-fl/,7,7,,162,no,no,
2026-09-25,std testing orlando fl,desktop,std-city,/std-testing/orlando-fl/,/std-testing/orlando-fl/,4,,,162,no,no,
2026-09-25,std testing overland park ks,phone,std-city,/std-testing/overland-park-ks/,/std-testing/overland-park-ks/,6,6,,219,no,no,
2026-09-25,std testing overland park ks,desktop,std-city,/std-testing/overland-park-ks/,/std-testing/overland-park-ks/,6,,,219,no,no,
2026-09-25,std testing owensboro ky,phone,std-city,/std-testing/owensboro-ky/,/std-testing/owensboro-ky/,4,4,,216,no,no,
2026-09-25,std testing owensboro ky,desktop,std-city,/std-testing/owensboro-ky/,/std-testing/owensboro-ky/,1,,,216,no,no,
2026-09-25,std testing oxnard ca,phone,std-city,/std-testing/oxnard-ca/,/std-testing/oxnard-ca/,3,3,,359,yes,yes,
2026-09-25,std testing oxnard ca,desktop,std-city,/std-testing/oxnard-ca/,/std-testing/oxnard-ca/,2,,,359,yes,yes,
2026-09-25,std testing palatine,phone,std-city,/std-testing/palatine-il/,/std-testing/palatine-il/,4,4,,229,no,no,
2026-09-25,std testing palatine,desktop,std-city,/std-testing/palatine-il/,/std-testing/palatine-il/,4,,,229,no,no,
2026-09-25,std testing palatine il,phone,std-city,/std-testing/palatine-il/,/std-testing/palatine-il/,4,4,,224,no,no,
2026-09-25,std testing palatine il,desktop,std-city,/std-testing/palatine-il/,/std-testing/palatine-il/,4,,,224,no,no,
2026-09-25,std testing palm bay fl,phone,std-city,/std-testing/palm-bay-fl/,/std-testing/palm-bay-fl/,6,6,,374,no,no,
2026-09-25,std testing palm bay fl,desktop,std-city,/std-testing/palm-bay-fl/,/std-testing/palm-bay-fl/,5,,,374,no,no,
2026-09-25,std testing palm beach gardens,phone,std-city,/std-testing/west-palm-beach-fl/,/std-testing/palm-beach-gardens-fl/,6,6,,357,no,no,other page ranks
2026-09-25,std testing palm beach gardens,desktop,std-city,/std-testing/west-palm-beach-fl/,/std-testing/west-palm-beach-fl/,8,,,357,no,no,
2026-09-25,std testing palm beach gardens fl,phone,std-city,/std-testing/west-palm-beach-fl/,/std-testing/west-palm-beach-fl/,7,7,,287,no,no,
2026-09-25,std testing palm beach gardens fl,desktop,std-city,/std-testing/west-palm-beach-fl/,/std-testing/west-palm-beach-fl/,6,,,287,no,no,
2026-09-25,std testing palm coast fl,phone,std-city,/std-testing/palm-coast-fl/,/std-testing/palm-coast-fl/,6,6,,181,no,no,
2026-09-25,std testing palm coast fl,desktop,std-city,/std-testing/palm-coast-fl/,/std-testing/palm-coast-fl/,2,,,181,no,no,
2026-09-25,std testing palm springs,phone,std-city,/std-testing/palm-springs-ca/,/std-testing/palm-springs-ca/,6,6,,278,no,no,
2026-09-25,std testing palm springs,desktop,std-city,/std-testing/palm-springs-ca/,/std-testing/palm-springs-ca/,6,,,278,no,no,
2026-09-25,std testing palmdale ca,phone,std-city,/std-testing/palmdale-ca/,/std-testing/palmdale-ca/,3,3,,178,yes,no,
2026-09-25,std testing palmdale ca,desktop,std-city,/std-testing/palmdale-ca/,/std-testing/palmdale-ca/,2,,,178,no,no,
2026-09-25,std testing palo alto,phone,std-city,/std-testing/palo-alto-ca/,/std-testing/palo-alto-ca/,7,7,,384,no,no,
2026-09-25,std testing palo alto,desktop,std-city,/std-testing/palo-alto-ca/,/std-testing/palo-alto-ca/,7,,,384,no,no,
2026-09-25,std testing palo alto ca,phone,std-city,/std-testing/palo-alto-ca/,/std-testing/palo-alto-ca/,5,5,,290,no,no,
2026-09-25,std testing palo alto ca,desktop,std-city,/std-testing/palo-alto-ca/,/std-testing/palo-alto-ca/,5,,,290,no,no,
2026-09-25,std testing panama city fl,phone,std-city,/std-testing/panama-city-beach-fl/,/std-testing/panama-city-beach-fl/,5,5,,114,no,no,
2026-09-25,std testing panama city fl,desktop,std-city,/std-testing/panama-city-beach-fl/,/std-testing/panama-city-beach-fl/,5,,,114,no,no,
2026-09-25,std testing park ridge,phone,std-city,/std-testing/park-ridge-il/,/std-testing/park-ridge-il/,4,4,,186,no,no,
2026-09-25,std testing park ridge,desktop,std-city,/std-testing/park-ridge-il/,/std-testing/park-ridge-il/,4,,,186,no,no,
2026-09-25,std testing parker co,phone,std-city,/std-testing/parker-co/,/std-testing/parker-co/,4,4,,148,no,no,
2026-09-25,std testing parker co,desktop,std-city,/std-testing/parker-co/,/std-testing/parker-co/,1,,,148,yes,no,
2026-09-25,std testing parma oh,phone,std-city,/std-testing/parma-oh/,/std-testing/parma-oh/,5,5,,273,no,no,
2026-09-25,std testing parma oh,desktop,std-city,/std-testing/parma-oh/,/std-testing/parma-oh/,5,,,273,no,no,
2026-09-25,std testing pasadena ca,phone,std-city,/std-testing/pasadena-ca/,/std-testing/pasadena-ca/,10,10,,338,no,no,
2026-09-25,std testing pasadena ca,desktop,std-city,/std-testing/pasadena-ca/,/std-testing/pasadena-ca/,10,,,338,no,no,
2026-09-25,std testing pasadena tx,phone,std-city,/std-testing/pasadena-tx/,/std-testing/pasadena-tx/,4,4,,217,no,no,
2026-09-25,std testing pasadena tx,desktop,std-city,/std-testing/pasadena-tx/,/std-testing/pasadena-tx/,4,,,217,no,no,
2026-09-25,std testing pasco wa,phone,std-city,/std-testing/pasco-wa/,/std-testing/pasco-wa/,4,4,,289,yes,no,
2026-09-25,std testing pasco wa,desktop,std-city,/std-testing/pasco-wa/,/std-testing/pasco-wa/,3,,,289,yes,yes,
2026-09-25,std testing paso robles ca,phone,std-city,/std-testing/paso-robles-ca/,/std-testing/paso-robles-ca/,3,3,,187,no,no,
2026-09-25,std testing paso robles ca,desktop,std-city,/std-testing/paso-robles-ca/,/std-testing/paso-robles-ca/,2,,,187,yes,yes,
2026-09-25,std testing paterson nj,phone,std-city,/std-testing/paterson-nj/,/std-testing/paterson-nj/,5,5,,89,no,no,
2026-09-25,std testing paterson nj,desktop,std-city,/std-testing/paterson-nj/,/std-testing/paterson-nj/,5,,,89,no,no,
2026-09-25,std testing pawtucket ri,phone,std-city,/std-testing/pawtucket-ri/,/std-testing/pawtucket-ri/,2,2,,317,no,no,
2026-09-25,std testing pawtucket ri,desktop,std-city,/std-testing/pawtucket-ri/,/std-testing/pawtucket-ri/,1,,,317,yes,yes,
2026-09-25,std testing peabody ma,phone,std-city,/std-testing/peabody-ma/,/std-testing/peabody-ma/,5,5,,145,no,no,
2026-09-25,std testing peabody ma,desktop,std-city,/std-testing/peabody-ma/,/std-testing/peabody-ma/,2,,,145,no,no,
2026-09-25,std testing peachtree corners,phone,std-city,/std-testing/peachtree-corners-ga/,/std-testing/peachtree-corners-ga/,4,4,,170,no,no,
2026-09-25,std testing peachtree corners,desktop,std-city,/std-testing/peachtree-corners-ga/,/std-testing/peachtree-corners-ga/,4,,,170,no,no,
2026-09-25,std testing pearland tx,phone,std-city,/std-testing/pearland-tx/,/std-testing/pearland-tx/,5,5,,194,no,no,
2026-09-25,std testing pearland tx,desktop,std-city,/std-testing/pearland-tx/,/std-testing/pearland-tx/,5,,,194,no,no,
2026-09-25,std testing pembroke pines fl,phone,std-city,/std-testing/cooper-city-fl/,/std-testing/pembroke-pines-fl/,5,5,,270,no,no,other page ranks
2026-09-25,std testing pembroke pines fl,desktop,std-city,/std-testing/cooper-city-fl/,/std-testing/pembroke-pines-fl/,5,,,270,yes,yes,
2026-09-25,std testing pensacola fl,phone,std-city,/std-testing/pensacola-fl/,/std-testing/pensacola-fl/,9,9,,110,no,no,
2026-09-25,std testing pensacola fl,desktop,std-city,/std-testing/pensacola-fl/,/std-testing/pensacola-fl/,9,,,110,no,no,
2026-09-25,std testing peoria az,phone,std-city,/std-testing/peoria-az/,/std-testing/peoria-az/,3,3,,238,no,no,
2026-09-25,std testing peoria az,desktop,std-city,/std-testing/peoria-az/,/std-testing/peoria-az/,2,,,238,no,no,
2026-09-25,std testing perris ca,phone,std-city,/std-testing/perris-ca/,/std-testing/perris-ca/,4,4,,78,no,no,
2026-09-25,std testing perris ca,desktop,std-city,/std-testing/perris-ca/,/std-testing/perris-ca/,4,,,78,no,no,
2026-09-25,std testing pflugerville,phone,std-city,/std-testing/pflugerville-tx/,/std-testing/pflugerville-tx/,5,5,,274,no,no,
2026-09-25,std testing pflugerville,desktop,std-city,/std-testing/pflugerville-tx/,/std-testing/pflugerville-tx/,7,,,274,no,no,
2026-09-25,std testing pico rivera ca,phone,std-city,/std-testing/pico-rivera-ca/,/std-testing/pico-rivera-ca/,4,4,,185,no,no,
2026-09-25,std testing pico rivera ca,desktop,std-city,/std-testing/pico-rivera-ca/,/std-testing/pico-rivera-ca/,3,,,185,yes,no,
2026-09-25,std testing pittsburg ca,phone,std-city,/std-testing/pittsburg-ca/,/std-testing/pittsburg-ca/,5,5,,309,no,no,
2026-09-25,std testing pittsburg ca,desktop,std-city,/std-testing/pittsburg-ca/,/std-testing/pittsburg-ca/,5,,,309,no,no,
2026-09-25,std testing pittsburgh pa,phone,std-city,/std-testing/pittsburgh-pa/,/std-testing/pittsburgh-pa/,7,7,,82,no,no,
2026-09-25,std testing pittsburgh pa,desktop,std-city,/std-testing/pittsburgh-pa/,/std-testing/pittsburgh-pa/,7,,,82,no,no,
2026-09-25,std testing placentia ca,phone,std-city,/std-testing/placentia-ca/,/std-testing/placentia-ca/,1,1,,321,no,no,
2026-09-25,std testing placentia ca,desktop,std-city,/std-testing/placentia-ca/,/std-testing/placentia-ca/,1,,,321,yes,yes,
2026-09-25,std testing plainfield,phone,std-city,/std-testing/plainfield-in/,/std-testing/plainfield-in/,5,5,,358,no,no,
2026-09-25,std testing plainfield,desktop,std-city,/std-testing/plainfield-in/,/std-testing/plainfield-in/,4,,,358,no,no,
2026-09-25,std testing plant city fl,phone,std-city,/std-testing/plant-city-fl/,/std-testing/plant-city-fl/,7,7,,235,no,no,
2026-09-25,std testing plant city fl,desktop,std-city,/std-testing/plant-city-fl/,/std-testing/plant-city-fl/,7,,,235,no,no,
2026-09-25,std testing plantation fl,phone,std-city,/std-testing/plantation-fl/,/std-testing/plantation-fl/,3,3,,147,no,no,
2026-09-25,std testing plantation fl,desktop,std-city,/std-testing/plantation-fl/,/std-testing/plantation-fl/,2,,,147,no,no,
2026-09-25,std testing pleasanton ca,phone,std-city,/std-testing/san-ramon-ca/,/std-testing/pleasanton-ca/,4,4,,218,no,no,other page ranks
2026-09-25,std testing pleasanton ca,desktop,std-city,/std-testing/san-ramon-ca/,/std-testing/pleasanton-ca/,1,,,218,yes,yes,
2026-09-25,std testing pomona ca,phone,std-city,/std-testing/pomona-ca/,/std-testing/pomona-ca/,5,5,,88,no,no,
2026-09-25,std testing pomona ca,desktop,std-city,/std-testing/pomona-ca/,/std-testing/pomona-ca/,5,,,88,no,no,
2026-09-25,std testing pompano beach fl,phone,std-city,/std-testing/pompano-beach-fl/,/std-testing/pompano-beach-fl/,4,4,,285,no,no,
2026-09-25,std testing pompano beach fl,desktop,std-city,/std-testing/pompano-beach-fl/,/std-testing/pompano-beach-fl/,4,,,285,no,no,
2026-09-25,std testing pooler ga,phone,std-city,/std-testing/pooler-ga/,/std-testing/pooler-ga/,2,2,,239,yes,yes,
2026-09-25,std testing pooler ga,desktop,std-city,/std-testing/pooler-ga/,/std-testing/pooler-ga/,1,,,239,yes,yes,
2026-09-25,std testing port arthur tx,phone,std-city,/std-testing/port-arthur-tx/,/std-testing/port-arthur-tx/,5,5,,189,no,no,
2026-09-25,std testing port arthur tx,desktop,std-city,/std-testing/port-arthur-tx/,/std-testing/port-arthur-tx/,5,,,189,no,no,
2026-09-25,std testing port charlotte fl,phone,std-city,/std-testing/port-charlotte-fl/,/std-testing/port-charlotte-fl/,8,8,,239,no,no,
2026-09-25,std testing port charlotte fl,desktop,std-city,/std-testing/port-charlotte-fl/,/std-testing/port-charlotte-fl/,8,,,239,no,no,
2026-09-25,std testing port orange,phone,std-city,/std-testing/port-orange-fl/,/std-testing/port-orange-fl/,4,4,,210,no,no,
2026-09-25,std testing port orange,desktop,std-city,/std-testing/port-orange-fl/,/std-testing/port-orange-fl/,5,,,210,no,no,
2026-09-25,std testing portsmouth nh,phone,std-city,/std-testing/portsmouth-nh/,/std-testing/portsmouth-nh/,4,4,,176,no,no,
2026-09-25,std testing portsmouth nh,desktop,std-city,/std-testing/portsmouth-nh/,/std-testing/portsmouth-nh/,4,,,176,no,no,
2026-09-25,std testing portsmouth va,phone,std-city,/std-testing/portsmouth-va/,/std-testing/portsmouth-va/,3,3,,124,yes,no,
2026-09-25,std testing portsmouth va,desktop,std-city,/std-testing/portsmouth-va/,/std-testing/portsmouth-va/,2,,,124,no,no,
2026-09-25,std testing pottsville pa,phone,std-city,/std-testing/pottsville-pa/,/std-testing/pottsville-pa/,3,3,,219,no,no,
2026-09-25,std testing pottsville pa,desktop,std-city,/std-testing/pottsville-pa/,/std-testing/pottsville-pa/,5,,,219,no,no,
2026-09-25,std testing poughkeepsie ny,phone,std-city,/std-testing/poughkeepsie-ny/,/std-testing/poughkeepsie-ny/,5,5,,81,yes,no,
2026-09-25,std testing poughkeepsie ny,desktop,std-city,/std-testing/poughkeepsie-ny/,/std-testing/poughkeepsie-ny/,3,,,81,no,no,
2026-09-25,std testing prairieville la,phone,std-city,/std-testing/prairieville-la/,/std-testing/prairieville-la/,4,4,,380,no,no,
2026-09-25,std testing prairieville la,desktop,std-city,/std-testing/prairieville-la/,/std-testing/prairieville-la/,4,,,380,no,no,
2026-09-25,std testing prescott az,phone,std-city,/std-testing/prescott-az/,/std-testing/prescott-az/,4,4,,155,no,no,
2026-09-25,std testing prescott az,desktop,std-city,/std-testing/prescott-az/,/std-testing/prescott-az/,4,,,155,no,no,
2026-09-25,std testing price,phone,std-pages,/std-test-pricing/,/std-test-pricing/,1,1,,143,no,no,
2026-09-25,std testing price,desktop,std-pages,/std-test-pricing/,/std-test-pricing/,1,,,143,no,no,
2026-09-25,std testing princeton nj,phone,std-city,/std-testing/princeton-nj/,/std-testing/princeton-nj/,11,11,,197,no,no,
2026-09-25,std testing princeton nj,desktop,std-city,/std-testing/princeton-nj/,/std-testing/princeton-nj/,11,,,197,no,no,
2026-09-25,std testing process,phone,std-pages,/std-testing/,/std-testing/,9,9,,35,no,no,
2026-09-25,std testing process,desktop,std-pages,/std-testing/,/std-testing/,9,,,35,no,no,
2026-09-25,std testing providence ri,phone,std-city,/std-testing/rhode-island/,/std-testing/rhode-island/,4,4,,334,no,no,
2026-09-25,std testing providence ri,desktop,std-city,/std-testing/rhode-island/,/std-testing/rhode-island/,5,,,334,no,no,
2026-09-25,std testing pueblo co,phone,std-city,/std-testing/pueblo-co/,/std-testing/pueblo-co/,4,4,,181,no,no,
2026-09-25,std testing pueblo co,desktop,std-city,/std-testing/pueblo-co/,/std-testing/pueblo-co/,23,,,181,no,no,
2026-09-25,std testing puyallup,phone,std-city,/std-testing/washington/,/std-testing/puyallup-wa/,5,5,,239,no,no,other page ranks
2026-09-25,std testing puyallup,desktop,std-city,/std-testing/washington/,/std-testing/puyallup-wa/,5,,,239,yes,yes,
2026-09-25,std testing puyallup wa,phone,std-city,/std-testing/puyallup-wa/,/std-testing/puyallup-wa/,5,5,,150,no,no,
2026-09-25,std testing puyallup wa,desktop,std-city,/std-testing/puyallup-wa/,/std-testing/puyallup-wa/,5,,,150,no,no,
2026-09-25,std testing queens ny,phone,std-city,/std-testing/queens-ny/,/std-testing/queens-ny/,7,7,,207,no,no,
2026-09-25,std testing queens ny,desktop,std-city,/std-testing/queens-ny/,/std-testing/queens-ny/,4,,,207,no,no,
2026-09-25,std testing quincy ma,phone,std-city,/std-testing/quincy-ma/,/std-testing/quincy-ma/,4,4,,122,no,no,
2026-09-25,std testing quincy ma,desktop,std-city,/std-testing/quincy-ma/,/std-testing/quincy-ma/,4,,,122,no,no,
2026-09-25,std testing racine wi,phone,std-city,/std-testing/racine-wi/,/std-testing/racine-wi/,6,6,,213,no,no,
2026-09-25,std testing racine wi,desktop,std-city,/std-testing/racine-wi/,/std-testing/racine-wi/,6,,,213,no,no,
2026-09-25,std testing raleigh nc,phone,std-city,/std-testing/raleigh-nc/,/std-testing/raleigh-nc/,8,8,,478,no,no,
2026-09-25,std testing raleigh nc,desktop,std-city,/std-testing/raleigh-nc/,/std-testing/raleigh-nc/,8,,,478,no,no,
2026-09-25,std testing rancho cucamonga ca,phone,std-city,/std-testing/rancho-cucamonga-ca/,/std-testing/rancho-cucamonga-ca/,1,1,,224,no,no,
2026-09-25,std testing rancho cucamonga ca,desktop,std-city,/std-testing/rancho-cucamonga-ca/,/std-testing/rancho-cucamonga-ca/,1,,,224,no,no,
2026-09-25,std testing rapid city sd,phone,std-city,/std-testing/rapid-city-sd/,/std-testing/rapid-city-sd/,3,3,,223,yes,no,
2026-09-25,std testing rapid city sd,desktop,std-city,/std-testing/rapid-city-sd/,/std-testing/rapid-city-sd/,2,,,223,yes,no,
2026-09-25,std testing redding ca,phone,std-city,/std-testing/redding-ca/,/std-testing/redding-ca/,4,4,,114,yes,yes,
2026-09-25,std testing redding ca,desktop,std-city,/std-testing/redding-ca/,/std-testing/redding-ca/,3,,,114,yes,yes,
2026-09-25,std testing redmond wa,phone,std-city,/std-testing/redmond-wa/,/std-testing/redmond-wa/,5,5,,205,no,no,
2026-09-25,std testing redmond wa,desktop,std-city,/std-testing/redmond-wa/,/std-testing/redmond-wa/,2,,,205,no,no,
2026-09-25,std testing redwood city ca,phone,std-city,/std-testing/redwood-city-ca/,/std-testing/redwood-city-ca/,2,2,,140,no,no,
2026-09-25,std testing redwood city ca,desktop,std-city,/std-testing/redwood-city-ca/,/std-testing/redwood-city-ca/,5,,,140,no,no,
2026-09-25,std testing reno nv,phone,std-city,/std-testing/reno-nv/,/std-testing/reno-nv/,5,5,,239,no,no,
2026-09-25,std testing reno nv,desktop,std-city,/std-testing/reno-nv/,/std-testing/reno-nv/,5,,,239,no,no,
2026-09-25,std testing renton wa,phone,std-city,/std-testing/renton-wa/,/std-testing/renton-wa/,4,4,,172,no,no,
2026-09-25,std testing renton wa,desktop,std-city,/std-testing/renton-wa/,/std-testing/renton-wa/,4,,,172,no,no,
2026-09-25,std testing richardson tx,phone,std-city,/std-testing/richardson-tx/,/std-testing/richardson-tx/,4,4,,172,no,no,
2026-09-25,std testing richardson tx,desktop,std-city,/std-testing/richardson-tx/,/std-testing/richardson-tx/,4,,,172,no,no,
2026-09-25,std testing richmond va,phone,std-city,/std-testing/richmond-va/,/std-testing/richmond-va/,8,8,,167,no,no,
2026-09-25,std testing richmond va,desktop,std-city,/std-testing/richmond-va/,/std-testing/richmond-va/,8,,,167,no,no,
2026-09-25,std testing rio rancho nm,phone,std-city,/std-testing/rio-rancho-nm/,/std-testing/rio-rancho-nm/,4,4,,86,no,no,
2026-09-25,std testing rio rancho nm,desktop,std-city,/std-testing/rio-rancho-nm/,/std-testing/rio-rancho-nm/,5,,,86,no,no,
2026-09-25,std testing riverdale ga,phone,std-city,/std-testing/riverdale-ga/,/blood-testing/riverdale-ga/,8,8,,256,no,no,other page ranks
2026-09-25,std testing riverdale ga,desktop,std-city,/std-testing/riverdale-ga/,/std-testing/riverdale-ga/,3,,,256,yes,yes,
2026-09-25,std testing riverside ca,phone,std-city,/std-testing/riverside-ca/,/std-testing/riverside-ca/,8,8,,303,no,no,
2026-09-25,std testing riverside ca,desktop,std-city,/std-testing/riverside-ca/,/std-testing/riverside-ca/,8,,,303,no,no,
2026-09-25,std testing riverview fl,phone,std-city,/std-testing/riverview-fl/,/std-testing/riverview-fl/,4,4,,235,no,no,
2026-09-25,std testing riverview fl,desktop,std-city,/std-testing/riverview-fl/,/std-testing/riverview-fl/,1,,,235,no,no,
2026-09-25,std testing rochester ny,phone,std-city,/std-testing/rochester-ny/,/std-testing/rochester-ny/,8,8,,320,no,no,
2026-09-25,std testing rochester ny,desktop,std-city,/std-testing/rochester-ny/,/std-testing/rochester-ny/,8,,,320,no,no,
2026-09-25,std testing rock hill sc,phone,std-city,/std-testing/rock-hill-sc/,/std-testing/rock-hill-sc/,6,6,,178,no,no,
2026-09-25,std testing rock hill sc,desktop,std-city,/std-testing/rock-hill-sc/,/std-testing/rock-hill-sc/,6,,,178,no,no,
2026-09-25,std testing rocklin,phone,std-city,/std-testing/rocklin-ca/,/std-testing/rocklin-ca/,4,4,,250,no,no,
2026-09-25,std testing rocklin,desktop,std-city,/std-testing/rocklin-ca/,/std-testing/rocklin-ca/,4,,,250,no,no,
2026-09-25,std testing rockville,phone,std-city,/std-testing/rockville-md/,/std-testing/rockville-md/,8,8,,193,no,no,
2026-09-25,std testing rockville,desktop,std-city,/std-testing/rockville-md/,/std-testing/rockville-md/,8,,,193,no,no,
2026-09-25,std testing rockwall tx,phone,std-city,/std-testing/rockwall-tx/,/std-testing/rockwall-tx/,4,4,,165,no,no,
2026-09-25,std testing rockwall tx,desktop,std-city,/std-testing/rockwall-tx/,/std-testing/rockwall-tx/,4,,,165,no,no,
2026-09-25,std testing rome ga,phone,std-city,/std-testing/rome-ga/,/std-testing/rome-ga/,4,4,,191,no,no,
2026-09-25,std testing rome ga,desktop,std-city,/std-testing/rome-ga/,/std-testing/rome-ga/,4,,,191,no,no,
2026-09-25,std testing roseville ca,phone,std-city,/std-testing/roseville-ca/,/std-testing/roseville-ca/,6,6,,156,no,no,
2026-09-25,std testing roseville ca,desktop,std-city,/std-testing/roseville-ca/,/std-testing/roseville-ca/,6,,,156,no,no,
2026-09-25,std testing roswell ga,phone,std-city,/std-testing/roswell-ga/,/std-testing/roswell-ga/,6,6,,157,no,no,
2026-09-25,std testing roswell ga,desktop,std-city,/std-testing/roswell-ga/,/std-testing/roswell-ga/,3,,,157,yes,yes,
2026-09-25,std testing round rock tx,phone,std-city,/std-testing/round-rock-tx/,/std-testing/round-rock-tx/,4,4,,207,no,no,
2026-09-25,std testing round rock tx,desktop,std-city,/std-testing/round-rock-tx/,/std-testing/round-rock-tx/,4,,,207,no,no,
2026-09-25,std testing rowlett,phone,std-city,/std-testing/rowlett-tx/,/std-testing/rowlett-tx/,5,5,,256,no,no,
2026-09-25,std testing rowlett,desktop,std-city,/std-testing/rowlett-tx/,/std-testing/rowlett-tx/,5,,,256,no,no,
2026-09-25,std testing royal oak,phone,std-city,/std-testing/royal-oak-mi/,/std-testing/royal-oak-mi/,4,4,,200,no,no,
2026-09-25,std testing royal oak,desktop,std-city,/std-testing/royal-oak-mi/,/std-testing/royal-oak-mi/,5,,,200,no,no,
2026-09-25,std testing ruston la,phone,std-city,/std-testing/ruston-la/,/std-testing/ruston-la/,5,5,,331,no,no,
2026-09-25,std testing ruston la,desktop,std-city,/std-testing/ruston-la/,/std-testing/ruston-la/,5,,,331,no,no,
2026-09-25,std testing saginaw mi,phone,std-city,/std-testing/saginaw-mi/,/std-testing/saginaw-mi/,6,6,,237,no,no,
2026-09-25,std testing saginaw mi,desktop,std-city,/std-testing/saginaw-mi/,/std-testing/saginaw-mi/,6,,,237,no,no,
2026-09-25,std testing salem or,phone,std-city,/std-testing/salem-or/,/std-testing/salem-or/,6,6,,219,no,no,
2026-09-25,std testing salem or,desktop,std-city,/std-testing/salem-or/,/std-testing/salem-or/,6,,,219,no,no,
2026-09-25,std testing salt lake city ut,phone,std-city,/std-testing/utah/,/std-testing/utah/,7,7,,264,no,no,
2026-09-25,std testing salt lake city ut,desktop,std-city,/std-testing/utah/,/std-testing/utah/,7,,,264,no,no,
2026-09-25,std testing san angelo tx,phone,std-city,/std-testing/san-angelo-tx/,/std-testing/san-angelo-tx/,6,6,,81,no,no,
2026-09-25,std testing san angelo tx,desktop,std-city,/std-testing/san-angelo-tx/,/std-testing/san-angelo-tx/,6,,,81,no,no,
2026-09-25,std testing san bernardino ca,phone,std-city,/std-testing/san-bernardino-ca/,/std-testing/san-bernardino-ca/,6,6,,350,no,no,
2026-09-25,std testing san bernardino ca,desktop,std-city,/std-testing/san-bernardino-ca/,/std-testing/san-bernardino-ca/,2,,,350,yes,no,
2026-09-25,std testing san clemente ca,phone,std-city,/std-testing/san-clemente-ca/,/std-testing/san-clemente-ca/,4,4,,193,no,no,
2026-09-25,std testing san clemente ca,desktop,std-city,/std-testing/san-clemente-ca/,/std-testing/san-clemente-ca/,4,,,193,no,no,
2026-09-25,std testing san francisco ca,phone,std-city,/std-testing/san-francisco-ca/,/std-testing/san-francisco-ca/,9,9,,225,no,no,
2026-09-25,std testing san francisco ca,desktop,std-city,/std-testing/san-francisco-ca/,/std-testing/san-francisco-ca/,9,,,225,yes,yes,
2026-09-25,std testing san gabriel,phone,std-city,/std-testing/san-gabriel-ca/,/std-testing/san-gabriel-ca/,2,2,,297,no,no,
2026-09-25,std testing san gabriel,desktop,std-city,/std-testing/san-gabriel-ca/,/std-testing/san-gabriel-ca/,3,,,297,no,no,
2026-09-25,std testing san marcos tx,phone,std-city,/std-testing/san-marcos-tx/,/std-testing/san-marcos-tx/,4,4,,177,no,no,
2026-09-25,std testing san marcos tx,desktop,std-city,/std-testing/san-marcos-tx/,/std-testing/san-marcos-tx/,4,,,177,no,no,
2026-09-25,std testing san rafael,phone,std-city,/std-testing/san-rafael-ca/,/std-testing/san-rafael-ca/,5,5,,151,yes,no,
2026-09-25,std testing san rafael,desktop,std-city,/std-testing/san-rafael-ca/,/std-testing/san-rafael-ca/,4,,,151,no,no,
2026-09-25,std testing san rafael ca,phone,std-city,/std-testing/san-rafael-ca/,/std-testing/san-rafael-ca/,7,7,,163,no,no,
2026-09-25,std testing san rafael ca,desktop,std-city,/std-testing/san-rafael-ca/,/std-testing/san-rafael-ca/,4,,,163,yes,yes,
2026-09-25,std testing san ramon ca,phone,std-city,/std-testing/san-ramon-ca/,/std-testing/san-ramon-ca/,4,4,,226,no,no,
2026-09-25,std testing san ramon ca,desktop,std-city,/std-testing/san-ramon-ca/,/std-testing/san-ramon-ca/,4,,,226,no,no,
2026-09-25,std testing sandy springs ga,phone,std-city,/std-testing/sandy-springs-ga/,/std-testing/sandy-springs-ga/,4,4,,158,no,no,
2026-09-25,std testing sandy springs ga,desktop,std-city,/std-testing/sandy-springs-ga/,/std-testing/sandy-springs-ga/,4,,,158,no,no,
2026-09-25,std testing santa ana ca,phone,std-city,/std-testing/santa-ana-ca/,/std-testing/santa-ana-ca/,6,6,,207,no,no,
2026-09-25,std testing santa ana ca,desktop,std-city,/std-testing/santa-ana-ca/,/std-testing/santa-ana-ca/,3,,,207,no,no,
2026-09-25,std testing santa barbara ca,phone,std-city,/std-testing/santa-barbara-ca/,/std-testing/santa-barbara-ca/,3,3,,367,yes,yes,
2026-09-25,std testing santa barbara ca,desktop,std-city,/std-testing/santa-barbara-ca/,/std-testing/santa-barbara-ca/,2,,,367,yes,yes,
2026-09-25,std testing santa clara ca,phone,std-city,/std-testing/santa-clara-ca/,/std-testing/santa-clara-ca/,7,7,,496,no,no,
2026-09-25,std testing santa clara ca,desktop,std-city,/std-testing/santa-clara-ca/,/std-testing/santa-clara-ca/,7,,,496,no,no,
2026-09-25,std testing santa fe nm,phone,std-city,/std-testing/santa-fe-nm/,/std-testing/santa-fe-nm/,6,6,,197,no,no,
2026-09-25,std testing santa fe nm,desktop,std-city,/std-testing/santa-fe-nm/,/std-testing/santa-fe-nm/,6,,,197,no,no,
2026-09-25,std testing santa maria ca,phone,std-city,/std-testing/santa-maria-ca/,/std-testing/santa-maria-ca/,3,3,,156,no,no,
2026-09-25,std testing santa maria ca,desktop,std-city,/std-testing/santa-maria-ca/,/std-testing/santa-maria-ca/,2,,,156,no,no,
2026-09-25,std testing santa monica ca,phone,std-city,/std-testing/santa-monica-ca/,/std-testing/santa-monica-ca/,5,5,,138,no,no,
2026-09-25,std testing santa monica ca,desktop,std-city,/std-testing/santa-monica-ca/,/std-testing/santa-monica-ca/,5,,,138,no,no,
2026-09-25,std testing sarasota fl,phone,std-city,/std-testing/sarasota-fl/,/std-testing/sarasota-fl/,7,7,,179,no,no,
2026-09-25,std testing sarasota fl,desktop,std-city,/std-testing/sarasota-fl/,/std-testing/sarasota-fl/,7,,,179,no,no,
2026-09-25,std testing saratoga springs ny,phone,std-city,/std-testing/saratoga-springs-ny/,/std-testing/saratoga-springs-ny/,5,5,,299,no,no,
2026-09-25,std testing saratoga springs ny,desktop,std-city,/std-testing/saratoga-springs-ny/,/std-testing/saratoga-springs-ny/,3,,,299,no,no,
2026-09-25,std testing schaumburg,phone,std-city,/std-testing/schaumburg-il/,/std-testing/schaumburg-il/,4,4,,235,no,no,
2026-09-25,std testing schaumburg,desktop,std-city,/std-testing/schaumburg-il/,/std-testing/schaumburg-il/,4,,,235,no,no,
2026-09-25,std testing schenectady,phone,std-city,/std-testing/schenectady-ny/,/std-testing/schenectady-ny/,6,6,,285,no,no,
2026-09-25,std testing schenectady,desktop,std-city,/std-testing/schenectady-ny/,/std-testing/schenectady-ny/,7,,,285,no,no,
2026-09-25,std testing schertz tx,phone,std-city,/std-testing/schertz-tx/,/std-testing/schertz-tx/,3,3,,242,yes,no,
2026-09-25,std testing schertz tx,desktop,std-city,/std-testing/schertz-tx/,/std-testing/schertz-tx/,2,,,242,no,no,
2026-09-25,std testing scranton pa,phone,std-city,/std-testing/scranton-pa/,/std-testing/scranton-pa/,4,4,,193,no,no,
2026-09-25,std testing scranton pa,desktop,std-city,/std-testing/scranton-pa/,/std-testing/scranton-pa/,4,,,193,no,no,
2026-09-25,std testing sedalia mo,phone,std-city,/std-testing/sedalia-mo/,/std-testing/sedalia-mo/,3,3,,128,no,no,
2026-09-25,std testing sedalia mo,desktop,std-city,/std-testing/sedalia-mo/,/std-testing/sedalia-mo/,2,,,128,no,no,
2026-09-25,std testing shawnee ks,phone,std-city,/std-testing/shawnee-ks/,/std-testing/shawnee-ks/,6,6,,313,no,no,
2026-09-25,std testing shawnee ks,desktop,std-city,/std-testing/shawnee-ks/,/std-testing/shawnee-ks/,5,,,313,no,no,
2026-09-25,std testing shelton,phone,std-city,/std-testing/shelton-ct/,/std-testing/shelton-ct/,5,5,,203,no,no,
2026-09-25,std testing shelton,desktop,std-city,/std-testing/shelton-ct/,/std-testing/shelton-ct/,2,,,203,no,no,
2026-09-25,std testing sherman tx,phone,std-city,/std-testing/sherman-tx/,/std-testing/sherman-tx/,7,7,,252,no,no,
2026-09-25,std testing sherman tx,desktop,std-city,/std-testing/sherman-tx/,/std-testing/sherman-tx/,7,,,252,no,no,
2026-09-25,std testing shoreline,phone,std-city,/std-testing/shoreline-wa/,/std-testing/shoreline-wa/,5,5,,261,no,no,
2026-09-25,std testing shoreline,desktop,std-city,/std-testing/shoreline-wa/,/std-testing/shoreline-wa/,5,,,261,no,no,
2026-09-25,std testing shoreline wa,phone,std-city,/std-testing/shoreline-wa/,/std-testing/shoreline-wa/,1,1,,325,no,no,
2026-09-25,std testing shoreline wa,desktop,std-city,/std-testing/shoreline-wa/,/std-testing/shoreline-wa/,2,,,325,no,no,
2026-09-25,std testing shreveport la,phone,std-city,/std-testing/shreveport-la/,/std-testing/shreveport-la/,4,4,,288,no,no,
2026-09-25,std testing shreveport la,desktop,std-city,/std-testing/shreveport-la/,/std-testing/shreveport-la/,4,,,288,no,no,
2026-09-25,std testing sierra vista,phone,std-city,/std-testing/sierra-vista-az/,/std-testing/sierra-vista-az/,5,5,,153,no,no,
2026-09-25,std testing sierra vista,desktop,std-city,/std-testing/sierra-vista-az/,/std-testing/sierra-vista-az/,14,,,153,no,no,
2026-09-25,std testing silver spring md,phone,std-city,/std-testing/silver-spring-md/,/std-testing/silver-spring-md/,6,6,,121,no,no,
2026-09-25,std testing silver spring md,desktop,std-city,/std-testing/silver-spring-md/,/std-testing/silver-spring-md/,6,,,121,no,no,
2026-09-25,std testing sioux city ia,phone,std-city,/std-testing/sioux-city-ia/,/std-testing/sioux-city-ia/,5,5,,71,no,no,
2026-09-25,std testing sioux city ia,desktop,std-city,/std-testing/sioux-city-ia/,/std-testing/sioux-city-ia/,6,,,71,no,no,
2026-09-25,std testing sioux falls sd,phone,std-city,/std-testing/sioux-falls-sd/,/std-testing/sioux-falls-sd/,7,7,,258,no,no,
2026-09-25,std testing sioux falls sd,desktop,std-city,/std-testing/sioux-falls-sd/,/std-testing/sioux-falls-sd/,7,,,258,no,no,
2026-09-25,std testing skokie,phone,std-city,/std-testing/skokie-il/,/std-testing/skokie-il/,3,3,,181,yes,no,
2026-09-25,std testing skokie,desktop,std-city,/std-testing/skokie-il/,/std-testing/skokie-il/,2,,,181,no,no,
2026-09-25,std testing skokie il,phone,std-city,/std-testing/skokie-il/,/std-testing/skokie-il/,2,2,,164,no,no,
2026-09-25,std testing skokie il,desktop,std-city,/std-testing/skokie-il/,/std-testing/skokie-il/,2,,,164,yes,yes,
2026-09-25,std testing slidell la,phone,std-city,/std-testing/slidell-la/,/std-testing/slidell-la/,4,4,,175,no,no,
2026-09-25,std testing slidell la,desktop,std-city,/std-testing/slidell-la/,/std-testing/slidell-la/,4,,,175,no,no,
2026-09-25,std testing somerville ma,phone,std-city,/std-testing/somerville-ma/,/std-testing/somerville-ma/,4,4,,238,no,no,
2026-09-25,std testing somerville ma,desktop,std-city,/std-testing/somerville-ma/,/std-testing/somerville-ma/,5,,,238,no,no,
2026-09-25,std testing southlake tx,phone,std-city,/std-testing/southlake-tx/,/std-testing/southlake-tx/,5,5,,280,no,no,
2026-09-25,std testing southlake tx,desktop,std-city,/std-testing/southlake-tx/,/std-testing/southlake-tx/,5,,,280,no,no,
2026-09-25,std testing sparks nv,phone,std-city,/std-testing/sparks-nv/,/std-testing/sparks-nv/,1,1,,221,no,no,
2026-09-25,std testing sparks nv,desktop,std-city,/std-testing/sparks-nv/,/std-testing/sparks-nv/,1,,,221,yes,yes,
2026-09-25,std testing spartanburg sc,phone,std-city,/std-testing/spartanburg-sc/,/std-testing/spartanburg-sc/,5,5,,122,no,no,
2026-09-25,std testing spartanburg sc,desktop,std-city,/std-testing/spartanburg-sc/,/std-testing/spartanburg-sc/,5,,,122,no,no,
2026-09-25,std testing springfield il,phone,std-city,/std-testing/springfield-il/,/std-testing/springfield-il/,5,5,,228,no,no,
2026-09-25,std testing springfield il,desktop,std-city,/std-testing/springfield-il/,/std-testing/springfield-il/,6,,,228,no,no,
2026-09-25,std testing st augustine fl,phone,std-city,/std-testing/st-augustine-fl/,/std-testing/st-augustine-fl/,4,4,,93,no,no,
2026-09-25,std testing st augustine fl,desktop,std-city,/std-testing/st-augustine-fl/,/std-testing/st-augustine-fl/,4,,,93,no,no,
2026-09-25,std testing st charles mo,phone,std-city,/std-testing/ofallon-mo/,/std-testing/ofallon-mo/,8,8,,273,yes,no,
2026-09-25,std testing st charles mo,desktop,std-city,/std-testing/ofallon-mo/,/std-testing/ofallon-mo/,7,,,273,yes,no,
2026-09-25,std testing st cloud mn,phone,std-city,/std-testing/st-cloud-mn/,/std-testing/st-cloud-mn/,5,5,,97,no,no,
2026-09-25,std testing st cloud mn,desktop,std-city,/std-testing/st-cloud-mn/,/std-testing/st-cloud-mn/,5,,,97,no,no,
2026-09-25,std testing st george ut,phone,std-city,/std-testing/st-george-ut/,/std-testing/st-george-ut/,4,4,,107,no,no,
2026-09-25,std testing st george ut,desktop,std-city,/std-testing/st-george-ut/,/std-testing/st-george-ut/,4,,,107,no,no,
2026-09-25,std testing st joseph mo,phone,std-city,/std-testing/st-joseph-mo/,/std-testing/st-joseph-mo/,4,4,,84,no,no,
2026-09-25,std testing st joseph mo,desktop,std-city,/std-testing/st-joseph-mo/,/std-testing/st-joseph-mo/,4,,,84,no,no,
2026-09-25,std testing st peters mo,phone,std-city,/std-testing/st-peters-mo/,/std-testing/st-peters-mo/,6,6,,348,no,no,
2026-09-25,std testing st peters mo,desktop,std-city,/std-testing/st-peters-mo/,/std-testing/st-peters-mo/,6,,,348,no,no,
2026-09-25,std testing stamford ct,phone,std-city,/std-testing/stamford-ct/,/std-testing/stamford-ct/,6,6,,204,no,no,
2026-09-25,std testing stamford ct,desktop,std-city,/std-testing/stamford-ct/,/std-testing/stamford-ct/,7,,,204,no,no,
2026-09-25,std testing staten island ny,phone,std-city,/std-testing/staten-island-ny/,/std-testing/staten-island-ny/,1,1,,166,no,no,
2026-09-25,std testing staten island ny,desktop,std-city,/std-testing/staten-island-ny/,/std-testing/staten-island-ny/,1,,,166,yes,yes,
2026-09-25,std testing statesboro ga,phone,std-city,/std-testing/statesboro-ga/,/std-testing/statesboro-ga/,5,5,,82,no,no,
2026-09-25,std testing statesboro ga,desktop,std-city,/std-testing/statesboro-ga/,/std-testing/statesboro-ga/,5,,,82,no,no,
2026-09-25,std testing stillwater ok,phone,std-city,/std-testing/stillwater-ok/,/std-testing/stillwater-ok/,4,4,,233,no,no,
2026-09-25,std testing stillwater ok,desktop,std-city,/std-testing/stillwater-ok/,/std-testing/stillwater-ok/,4,,,233,no,no,
2026-09-25,std testing stockbridge ga,phone,std-city,/std-testing/stockbridge-ga/,/std-testing/stockbridge-ga/,5,5,,215,no,no,
2026-09-25,std testing stockbridge ga,desktop,std-city,/std-testing/stockbridge-ga/,/std-testing/stockbridge-ga/,5,,,215,no,no,
2026-09-25,std testing stockton ca,phone,std-city,/std-testing/stockton-ca/,/std-testing/stockton-ca/,6,6,,83,no,no,
2026-09-25,std testing stockton ca,desktop,std-city,/std-testing/stockton-ca/,/std-testing/stockton-ca/,6,,,83,no,no,
2026-09-25,std testing suffolk va,phone,std-city,/std-testing/suffolk-va/,/std-testing/suffolk-va/,5,5,,171,no,no,
2026-09-25,std testing suffolk va,desktop,std-city,/std-testing/suffolk-va/,/std-testing/suffolk-va/,5,,,171,no,no,
2026-09-25,std testing sugar land tx,phone,std-city,/std-testing/sugar-land-tx/,/std-testing/sugar-land-tx/,6,6,,163,no,no,
2026-09-25,std testing sugar land tx,desktop,std-city,/std-testing/sugar-land-tx/,/std-testing/sugar-land-tx/,6,,,163,no,no,
2026-09-25,std testing summerville sc,phone,std-city,/std-testing/summerville-sc/,/std-testing/summerville-sc/,5,5,,339,no,no,
2026-09-25,std testing summerville sc,desktop,std-city,/std-testing/summerville-sc/,/std-testing/summerville-sc/,2,,,339,no,no,
2026-09-25,std testing surprise az,phone,std-city,/std-testing/surprise-az/,/std-testing/surprise-az/,4,4,,267,no,no,
2026-09-25,std testing surprise az,desktop,std-city,/std-testing/surprise-az/,/std-testing/surprise-az/,5,,,267,no,no,
2026-09-25,std testing syracuse ny,phone,std-city,/std-testing/syracuse-ny/,/std-testing/syracuse-ny/,7,7,,168,no,no,
2026-09-25,std testing syracuse ny,desktop,std-city,/std-testing/syracuse-ny/,/std-testing/syracuse-ny/,7,,,168,no,no,
2026-09-25,std testing tacoma wa,phone,std-city,/std-testing/tacoma-wa/,/std-testing/tacoma-wa/,8,8,,315,no,no,
2026-09-25,std testing tacoma wa,desktop,std-city,/std-testing/tacoma-wa/,/std-testing/tacoma-wa/,8,,,315,no,no,
2026-09-25,std testing tallahassee fl,phone,std-city,/std-testing/tallahassee-fl/,/std-testing/tallahassee-fl/,5,5,,99,no,no,
2026-09-25,std testing tallahassee fl,desktop,std-city,/std-testing/tallahassee-fl/,/std-testing/tallahassee-fl/,5,,,99,no,no,
2026-09-25,std testing tamarac,phone,std-city,/std-testing/tamarac-fl/,/std-testing/tamarac-fl/,4,4,,240,no,no,
2026-09-25,std testing tamarac,desktop,std-city,/std-testing/tamarac-fl/,/std-testing/tamarac-fl/,1,,,240,no,no,
2026-09-25,std testing tampa fl,phone,std-city,/std-testing/tampa-fl/,/std-testing/tampa-fl/,9,9,,170,no,no,
2026-09-25,std testing tampa fl,desktop,std-city,/std-testing/tampa-fl/,/std-testing/tampa-fl/,10,,,170,no,no,
2026-09-25,std testing taylor mi,phone,std-city,/std-testing/taylor-mi/,/std-testing/taylor-mi/,4,4,,227,no,no,
2026-09-25,std testing taylor mi,desktop,std-city,/std-testing/taylor-mi/,/std-testing/taylor-mi/,4,,,227,no,no,
2026-09-25,std testing temecula ca,phone,std-city,/std-testing/temecula-ca/,/std-testing/temecula-ca/,4,4,,169,no,no,
2026-09-25,std testing temecula ca,desktop,std-city,/std-testing/temecula-ca/,/std-testing/temecula-ca/,4,,,169,no,no,
2026-09-25,std testing tempe az,phone,std-city,/std-testing/tempe-az/,/std-testing/tempe-az/,6,6,,214,no,no,
2026-09-25,std testing tempe az,desktop,std-city,/std-testing/tempe-az/,/std-testing/tempe-az/,6,,,214,no,no,
2026-09-25,std testing temple tx,phone,std-city,/std-testing/temple-tx/,/std-testing/temple-tx/,4,4,,130,no,no,
2026-09-25,std testing temple tx,desktop,std-city,/std-testing/temple-tx/,/std-testing/temple-tx/,1,,,130,no,no,
2026-09-25,std testing texarkana tx,phone,std-city,/std-testing/texarkana-ar/,/std-testing/texarkana-tx/,4,4,,173,no,no,other page ranks
2026-09-25,std testing texarkana tx,desktop,std-city,/std-testing/texarkana-ar/,/std-testing/texarkana-tx/,1,,,173,yes,yes,
2026-09-25,std testing texas city tx,phone,std-city,/std-testing/texas-city-tx/,/std-testing/texas-city-tx/,5,5,,290,no,no,
2026-09-25,std testing texas city tx,desktop,std-city,/std-testing/texas-city-tx/,/std-testing/texas-city-tx/,5,,,290,no,no,
2026-09-25,std testing the villages fl,phone,std-city,/std-testing/the-villages-fl/,/std-testing/the-villages-fl/,4,4,,204,no,no,
2026-09-25,std testing the villages fl,desktop,std-city,/std-testing/the-villages-fl/,/std-testing/the-villages-fl/,4,,,204,no,no,
2026-09-25,std testing thornton co,phone,std-city,/std-testing/thornton-co/,/std-testing/thornton-co/,3,3,,216,no,no,
2026-09-25,std testing thornton co,desktop,std-city,/std-testing/thornton-co/,/std-testing/thornton-co/,5,,,216,no,no,
2026-09-25,std testing thousand oaks ca,phone,std-city,/std-testing/thousand-oaks-ca/,/std-testing/thousand-oaks-ca/,5,5,,191,no,no,
2026-09-25,std testing thousand oaks ca,desktop,std-city,/std-testing/thousand-oaks-ca/,/std-testing/thousand-oaks-ca/,5,,,191,no,no,
2026-09-25,std testing tigard,phone,std-city,/std-testing/tigard-or/,/std-testing/tigard-or/,4,4,,224,no,no,
2026-09-25,std testing tigard,desktop,std-city,/std-testing/tigard-or/,/std-testing/tigard-or/,4,,,224,yes,no,
2026-09-25,std testing tigard or,phone,std-city,/std-testing/tigard-or/,/std-testing/tigard-or/,4,4,,192,no,no,
2026-09-25,std testing tigard or,desktop,std-city,/std-testing/tigard-or/,/std-testing/tigard-or/,4,,,192,no,no,
2026-09-25,std testing tinley park,phone,std-city,/std-testing/tinley-park-il/,/std-testing/tinley-park-il/,7,7,,119,no,no,
2026-09-25,std testing tinley park,desktop,std-city,/std-testing/tinley-park-il/,/std-testing/tinley-park-il/,5,,,119,no,no,
2026-09-25,std testing titusville,phone,std-city,/std-testing/titusville-fl/,/std-testing/titusville-fl/,6,6,,268,no,no,
2026-09-25,std testing titusville,desktop,std-city,/std-testing/titusville-fl/,/std-testing/titusville-fl/,5,,,268,no,no,
2026-09-25,std testing tomball tx,phone,std-city,/std-testing/tomball-tx/,/std-testing/tomball-tx/,3,3,,91,no,no,
2026-09-25,std testing tomball tx,desktop,std-city,/std-testing/tomball-tx/,/std-testing/tomball-tx/,3,,,91,no,no,
2026-09-25,std testing topeka ks,phone,std-city,/std-testing/topeka-ks/,/std-testing/topeka-ks/,6,6,,196,no,no,
2026-09-25,std testing topeka ks,desktop,std-city,/std-testing/topeka-ks/,/std-testing/topeka-ks/,6,,,196,no,no,
2026-09-25,std testing torrance ca,phone,std-city,/std-testing/torrance-ca/,/std-testing/torrance-ca/,6,6,,178,no,no,
2026-09-25,std testing torrance ca,desktop,std-city,/std-testing/torrance-ca/,/std-testing/torrance-ca/,6,,,178,no,no,
2026-09-25,std testing tracy ca,phone,std-city,/std-testing/tracy-ca/,/std-testing/tracy-ca/,3,3,,81,yes,no,
2026-09-25,std testing tracy ca,desktop,std-city,/std-testing/tracy-ca/,/std-testing/tracy-ca/,2,,,81,no,no,
2026-09-25,std testing trenton nj,phone,std-city,/std-testing/trenton-nj/,/std-testing/trenton-nj/,3,3,,192,no,no,
2026-09-25,std testing trenton nj,desktop,std-city,/std-testing/trenton-nj/,/std-testing/trenton-nj/,2,,,192,yes,yes,
2026-09-25,std testing tucson az,phone,std-city,/std-testing/tucson-az/,/std-testing/tucson-az/,5,5,,163,no,no,
2026-09-25,std testing tucson az,desktop,std-city,/std-testing/tucson-az/,/std-testing/tucson-az/,5,,,163,no,no,
2026-09-25,std testing tulsa ok,phone,std-city,/std-testing/tulsa-ok/,/std-testing/tulsa-ok/,7,7,,207,no,no,
2026-09-25,std testing tulsa ok,desktop,std-city,/std-testing/tulsa-ok/,/std-testing/tulsa-ok/,7,,,207,no,no,
2026-09-25,std testing turlock ca,phone,std-city,/std-testing/turlock-ca/,/std-testing/turlock-ca/,4,4,,171,no,no,
2026-09-25,std testing turlock ca,desktop,std-city,/std-testing/turlock-ca/,/std-testing/turlock-ca/,4,,,171,no,no,
2026-09-25,std testing tuscaloosa al,phone,std-city,/std-testing/tuscaloosa-al/,/std-testing/tuscaloosa-al/,4,4,,227,no,no,
2026-09-25,std testing tuscaloosa al,desktop,std-city,/std-testing/tuscaloosa-al/,/std-testing/tuscaloosa-al/,4,,,227,no,no,
2026-09-25,std testing tustin ca,phone,std-city,/std-testing/tustin-ca/,/std-testing/tustin-ca/,4,4,,313,no,no,
2026-09-25,std testing tustin ca,desktop,std-city,/std-testing/tustin-ca/,/std-testing/tustin-ca/,5,,,313,no,no,
2026-09-25,std testing tyler tx,phone,std-city,/std-testing/tyler-tx/,/std-testing/tyler-tx/,4,4,,257,no,no,
2026-09-25,std testing tyler tx,desktop,std-city,/std-testing/tyler-tx/,/std-testing/tyler-tx/,4,,,257,no,no,
2026-09-25,std testing union city ca,phone,std-city,/std-testing/union-city-ca/,/std-testing/union-city-ca/,4,4,,248,no,no,
2026-09-25,std testing union city ca,desktop,std-city,/std-testing/union-city-ca/,/std-testing/union-city-ca/,4,,,248,no,no,
2026-09-25,std testing upland ca,phone,std-city,/std-testing/upland-ca/,/std-testing/upland-ca/,3,3,,239,no,no,
2026-09-25,std testing upland ca,desktop,std-city,/std-testing/upland-ca/,/std-testing/upland-ca/,2,,,239,no,no,
2026-09-25,std testing urbandale,phone,std-city,/std-testing/urbandale-ia/,/std-testing/urbandale-ia/,2,2,,255,no,no,
2026-09-25,std testing urbandale,desktop,std-city,/std-testing/urbandale-ia/,/std-testing/urbandale-ia/,1,,,255,yes,no,
2026-09-25,std testing utica ny,phone,std-city,/std-testing/utica-ny/,/std-testing/utica-ny/,2,2,,68,yes,no,
2026-09-25,std testing utica ny,desktop,std-city,/std-testing/utica-ny/,/std-testing/utica-ny/,1,,,68,no,no,
2026-09-25,std testing vacaville ca,phone,std-city,/std-testing/vacaville-ca/,/std-testing/vacaville-ca/,6,6,,160,no,no,
2026-09-25,std testing vacaville ca,desktop,std-city,/std-testing/vacaville-ca/,/std-testing/vacaville-ca/,6,,,160,no,no,
2026-09-25,std testing vancouver wa,phone,std-city,/std-testing/vancouver-wa/,/std-testing/vancouver-wa/,6,6,,211,no,no,
2026-09-25,std testing vancouver wa,desktop,std-city,/std-testing/vancouver-wa/,/std-testing/vancouver-wa/,6,,,211,no,no,
2026-09-25,std testing ventura ca,phone,std-city,/std-testing/ventura-ca/,/std-testing/ventura-ca/,5,5,,304,no,no,
2026-09-25,std testing ventura ca,desktop,std-city,/std-testing/ventura-ca/,/std-testing/ventura-ca/,5,,,304,no,no,
2026-09-25,std testing victorville ca,phone,std-city,/std-testing/victorville-ca/,/std-testing/victorville-ca/,5,5,,161,no,no,
2026-09-25,std testing victorville ca,desktop,std-city,/std-testing/victorville-ca/,/std-testing/victorville-ca/,5,,,161,no,no,
2026-09-25,std testing vineland nj,phone,std-city,/std-testing/vineland-nj/,/std-testing/vineland-nj/,5,5,,136,no,no,
2026-09-25,std testing vineland nj,desktop,std-city,/std-testing/vineland-nj/,/std-testing/vineland-nj/,5,,,136,no,no,
2026-09-25,std testing virginia beach va,phone,std-city,/std-testing/virginia-beach-va/,/std-testing/virginia-beach-va/,7,7,,111,no,no,
2026-09-25,std testing virginia beach va,desktop,std-city,/std-testing/virginia-beach-va/,/std-testing/virginia-beach-va/,4,,,111,no,no,
2026-09-25,std testing vista ca,phone,std-city,/std-testing/vista-ca/,/std-testing/vista-ca/,4,4,,169,no,no,
2026-09-25,std testing vista ca,desktop,std-city,/std-testing/vista-ca/,/std-testing/vista-ca/,4,,,169,no,no,
2026-09-25,std testing waco tx,phone,std-city,/std-testing/waco-tx/,/std-testing/waco-tx/,7,7,,92,no,no,
2026-09-25,std testing waco tx,desktop,std-city,/std-testing/waco-tx/,/std-testing/waco-tx/,7,,,92,no,no,
2026-09-25,std testing waldorf md,phone,std-city,/std-testing/waldorf-md/,/std-testing/waldorf-md/,7,7,,189,no,no,
2026-09-25,std testing waldorf md,desktop,std-city,/std-testing/waldorf-md/,/std-testing/waldorf-md/,6,,,189,no,no,
2026-09-25,std testing walnut creek ca,phone,std-city,/std-testing/walnut-creek-ca/,/std-testing/walnut-creek-ca/,7,7,,359,no,no,
2026-09-25,std testing walnut creek ca,desktop,std-city,/std-testing/walnut-creek-ca/,/std-testing/walnut-creek-ca/,4,,,359,no,no,
2026-09-25,std testing waltham,phone,std-city,/std-testing/boston-ma/,/std-testing/waltham-ma/,5,5,,274,no,no,other page ranks
2026-09-25,std testing waltham,desktop,std-city,/std-testing/boston-ma/,/std-testing/waltham-ma/,5,,,274,yes,yes,
2026-09-25,std testing warner robins ga,phone,std-city,/std-testing/warner-robins-ga/,/std-testing/warner-robins-ga/,5,5,,160,no,no,
2026-09-25,std testing warner robins ga,desktop,std-city,/std-testing/warner-robins-ga/,/std-testing/warner-robins-ga/,5,,,160,no,no,
2026-09-25,std testing warren mi,phone,std-city,/std-testing/warren-mi/,/std-testing/warren-mi/,5,5,,197,no,no,
2026-09-25,std testing warren mi,desktop,std-city,/std-testing/warren-mi/,/std-testing/warren-mi/,5,,,197,no,no,
2026-09-25,std testing warwick ri,phone,std-city,/std-testing/warwick-ri/,/std-testing/warwick-ri/,1,1,,316,no,no,
2026-09-25,std testing warwick ri,desktop,std-city,/std-testing/warwick-ri/,/std-testing/warwick-ri/,1,,,316,yes,yes,
2026-09-25,std testing washington dc,phone,std-city,/std-testing/washington-dc/,/std-testing/washington-dc/,8,8,,331,no,no,
2026-09-25,std testing washington dc,desktop,std-city,/std-testing/washington-dc/,/std-testing/washington-dc/,8,,,331,no,no,
2026-09-25,std testing waterbury ct,phone,std-city,/std-testing/waterbury-ct/,/std-testing/waterbury-ct/,5,5,,260,no,no,
2026-09-25,std testing waterbury ct,desktop,std-city,/std-testing/waterbury-ct/,/std-testing/waterbury-ct/,5,,,260,no,no,
2026-09-25,std testing waterloo ia,phone,std-city,/std-testing/waterloo-ia/,/std-testing/waterloo-ia/,3,3,,159,no,no,
2026-09-25,std testing waterloo ia,desktop,std-city,/std-testing/waterloo-ia/,/std-testing/waterloo-ia/,5,,,159,no,no,
2026-09-25,std testing waukegan il,phone,std-city,/std-testing/waukegan-il/,/std-testing/waukegan-il/,1,1,,174,no,no,
2026-09-25,std testing waukegan il,desktop,std-city,/std-testing/waukegan-il/,/std-testing/waukegan-il/,1,,,174,no,no,
2026-09-25,std testing waukesha,phone,std-city,/std-testing/waukesha-wi/,/std-testing/waukesha-wi/,8,8,,245,no,no,
2026-09-25,std testing waukesha,desktop,std-city,/std-testing/waukesha-wi/,/std-testing/waukesha-wi/,8,,,245,no,no,
2026-09-25,std testing waukesha wi,phone,std-city,/std-testing/waukesha-wi/,/std-testing/waukesha-wi/,8,8,,219,no,no,
2026-09-25,std testing waukesha wi,desktop,std-city,/std-testing/waukesha-wi/,/std-testing/waukesha-wi/,8,,,219,no,no,
2026-09-25,std testing wauwatosa,phone,std-city,/std-testing/wauwatosa-wi/,/std-testing/wauwatosa-wi/,6,6,,384,no,no,
2026-09-25,std testing wauwatosa,desktop,std-city,/std-testing/wauwatosa-wi/,/std-testing/wauwatosa-wi/,3,,,384,no,no,
2026-09-25,std testing wellington,phone,std-city,/std-testing/wellington-fl/,/std-testing/wellington-fl/,5,5,,223,no,no,
2026-09-25,std testing wellington,desktop,std-city,/std-testing/wellington-fl/,/std-testing/wellington-fl/,5,,,223,yes,yes,
2026-09-25,std testing weslaco,phone,std-city,/std-testing/weslaco-tx/,/std-testing/weslaco-tx/,4,4,,156,no,no,
2026-09-25,std testing weslaco,desktop,std-city,/std-testing/weslaco-tx/,/std-testing/weslaco-tx/,4,,,156,no,no,
2026-09-25,std testing west haven,phone,std-city,/std-testing/west-haven-ct/,/std-testing/west-haven-ct/,5,5,,196,no,no,
2026-09-25,std testing west haven,desktop,std-city,/std-testing/west-haven-ct/,/std-testing/west-haven-ct/,5,,,196,no,no,
2026-09-25,std testing west hollywood ca,phone,std-city,/std-testing/west-hollywood-ca/,/std-testing/west-hollywood-ca/,5,5,,203,no,no,
2026-09-25,std testing west hollywood ca,desktop,std-city,/std-testing/west-hollywood-ca/,/std-testing/west-hollywood-ca/,6,,,203,no,no,
2026-09-25,std testing west palm beach fl,phone,std-city,/std-testing/west-palm-beach-fl/,/std-testing/west-palm-beach-fl/,7,7,,238,no,no,
2026-09-25,std testing west palm beach fl,desktop,std-city,/std-testing/west-palm-beach-fl/,/std-testing/west-palm-beach-fl/,7,,,238,no,no,
2026-09-25,std testing west sacramento,phone,std-city,/std-testing/sacramento-ca/,/std-testing/sacramento-ca/,5,5,,263,no,no,
2026-09-25,std testing west sacramento,desktop,std-city,/std-testing/sacramento-ca/,/std-testing/sacramento-ca/,5,,,263,no,no,
2026-09-25,std testing westfield,phone,std-city,/std-testing/westfield-in/,/std-testing/westfield-in/,6,6,,338,no,no,
2026-09-25,std testing westfield,desktop,std-city,/std-testing/westfield-in/,/std-testing/westfield-in/,5,,,338,yes,yes,
2026-09-25,std testing westland mi,phone,std-city,/std-testing/westland-mi/,/std-testing/westland-mi/,4,4,,184,no,no,
2026-09-25,std testing westland mi,desktop,std-city,/std-testing/westland-mi/,/std-testing/westland-mi/,4,,,184,no,no,
2026-09-25,std testing weston,phone,std-city,/std-testing/weston-fl/,/std-testing/weston-fl/,4,4,,264,no,no,
2026-09-25,std testing weston,desktop,std-city,/std-testing/weston-fl/,/std-testing/weston-fl/,1,,,264,no,no,
2026-09-25,std testing weston fl,phone,std-city,/std-testing/weston-fl/,/std-testing/weston-fl/,4,4,,201,no,no,
2026-09-25,std testing weston fl,desktop,std-city,/std-testing/weston-fl/,/std-testing/weston-fl/,4,,,201,no,no,
2026-09-25,std testing wheeling wv,phone,std-city,/std-testing/wheeling-wv/,/std-testing/wheeling-wv/,5,5,,155,no,no,
2026-09-25,std testing wheeling wv,desktop,std-city,/std-testing/wheeling-wv/,/std-testing/wheeling-wv/,6,,,155,yes,no,
2026-09-25,std testing white plains,phone,std-city,/std-testing/white-plains-ny/,/std-testing/white-plains-ny/,6,6,,218,no,no,
2026-09-25,std testing white plains,desktop,std-city,/std-testing/white-plains-ny/,/std-testing/white-plains-ny/,6,,,218,no,no,
2026-09-25,std testing whittier ca,phone,std-city,/std-testing/whittier-ca/,/std-testing/whittier-ca/,5,5,,227,no,no,
2026-09-25,std testing whittier ca,desktop,std-city,/std-testing/whittier-ca/,/std-testing/whittier-ca/,5,,,227,no,no,
2026-09-25,std testing wichita falls tx,phone,std-city,/std-testing/wichita-falls-tx/,/std-testing/wichita-falls-tx/,5,5,,72,no,no,
2026-09-25,std testing wichita falls tx,desktop,std-city,/std-testing/wichita-falls-tx/,/std-testing/wichita-falls-tx/,5,,,72,no,no,
2026-09-25,std testing williamsburg va,phone,std-city,/std-testing/williamsburg-va/,/std-testing/williamsburg-va/,4,4,,185,no,no,
2026-09-25,std testing williamsburg va,desktop,std-city,/std-testing/williamsburg-va/,/std-testing/williamsburg-va/,4,,,185,no,no,
2026-09-25,std testing wilmington nc,phone,std-city,/std-testing/wilmington-nc/,/std-testing/wilmington-nc/,8,8,,248,no,no,
2026-09-25,std testing wilmington nc,desktop,std-city,/std-testing/wilmington-nc/,/std-testing/wilmington-nc/,8,,,248,no,no,
2026-09-25,std testing wilson,phone,std-city,/std-testing/wilson-nc/,/std-testing/wilson-nc/,5,5,,161,no,no,
2026-09-25,std testing wilson,desktop,std-city,/std-testing/wilson-nc/,/std-testing/wilson-nc/,9,,,161,no,no,
2026-09-25,std testing winchester va,phone,std-city,/std-testing/winchester-va/,/std-testing/winchester-va/,5,5,,155,no,no,
2026-09-25,std testing winchester va,desktop,std-city,/std-testing/winchester-va/,/std-testing/winchester-va/,5,,,155,no,no,
2026-09-25,std testing winston salem nc,phone,std-city,/std-testing/winston-salem-nc/,/std-testing/winston-salem-nc/,9,9,,227,no,no,
2026-09-25,std testing winston salem nc,desktop,std-city,/std-testing/winston-salem-nc/,/std-testing/winston-salem-nc/,9,,,227,no,no,
2026-09-25,std testing woodland ca,phone,std-city,/std-testing/woodland-ca/,/std-testing/woodland-ca/,4,4,,137,yes,no,
2026-09-25,std testing woodland ca,desktop,std-city,/std-testing/woodland-ca/,/std-testing/woodland-ca/,3,,,137,no,no,
2026-09-25,std testing woodlands tx,phone,std-city,/std-testing/woodlands-tx/,/std-testing/woodlands-tx/,4,4,,199,no,no,
2026-09-25,std testing woodlands tx,desktop,std-city,/std-testing/woodlands-tx/,/std-testing/woodlands-tx/,4,,,199,no,no,
2026-09-25,std testing woodstock ga,phone,std-city,/std-testing/woodstock-ga/,/std-testing/woodstock-ga/,4,4,,150,no,no,
2026-09-25,std testing woodstock ga,desktop,std-city,/std-testing/woodstock-ga/,/std-testing/woodstock-ga/,4,,,150,no,no,
2026-09-25,std testing worcester ma,phone,std-city,/std-testing/worcester-ma/,/std-testing/worcester-ma/,5,5,,82,no,no,
2026-09-25,std testing worcester ma,desktop,std-city,/std-testing/worcester-ma/,/std-testing/worcester-ma/,5,,,82,no,no,
2026-09-25,std testing yakima wa,phone,std-city,/std-testing/yakima-wa/,/std-testing/yakima-wa/,7,7,,179,no,no,
2026-09-25,std testing yakima wa,desktop,std-city,/std-testing/yakima-wa/,/std-testing/yakima-wa/,7,,,179,no,no,
2026-09-25,std testing yuma az,phone,std-city,/std-testing/yuma-az/,/std-testing/yuma-az/,4,4,,165,no,no,
2026-09-25,std testing yuma az,desktop,std-city,/std-testing/yuma-az/,/std-testing/yuma-az/,2,,,165,no,no,
2026-09-25,std urine test,phone,std-pages,/std-testing/standard-std-panel/,/std-testing/standard-std-panel/,8,8,,201,no,no,
2026-09-25,std urine test,desktop,std-pages,/std-testing/standard-std-panel/,/std-testing/standard-std-panel/,8,,,201,no,no,
2026-09-25,sti panel,phone,std-pages,/std-testing/standard-std-panel/,/std-testing/viral-std-panel/,72,72,,1113,no,no,other page ranks
2026-09-25,sti panel,desktop,std-pages,/std-testing/standard-std-panel/,/std-testing/standard-std-panel/,10,,,1113,no,no,
2026-09-25,sti panel test,phone,std-pages,/std-testing/standard-std-panel/,/std-testing/los-angeles-ca/,13,13,,419,no,no,other page ranks
2026-09-25,sti panel test,desktop,std-pages,/std-testing/standard-std-panel/,/std-testing/standard-std-panel/,14,,,419,no,no,
2026-09-25,sti test,phone,std-pages,/std-testing/,/std-testing/north-carolina/,17,17,,5250,yes,no,
2026-09-25,sti test,desktop,std-pages,/std-testing/,/tests/at-home-std-test/,90,,,5250,no,no,
2026-09-25,sti testing,phone,std-pages,/std-testing/,/std-testing/los-angeles-ca/,86,86,,18499,yes,no,
2026-09-25,sti testing,desktop,std-pages,/std-testing/,,,,,18499,yes,no,
2026-09-25,strawberry allergy test,phone,not-ranking-yet,/tests/strawberry-allergy-test/,/tests/strawberry-allergy-test/,7,7,,3,yes,yes,
2026-09-25,strawberry allergy test,desktop,not-ranking-yet,/tests/strawberry-allergy-test/,/tests/strawberry-allergy-test/,7,,,3,yes,yes,
2026-09-25,syphilis blood test,phone,next-in-line,/tests/syphilis-test/,/tests/treponema-pallidum-syphilis-test/,9,9,,1440,yes,yes,refresh; other page ranks
2026-09-25,syphilis blood test,desktop,next-in-line,/tests/syphilis-test/,/tests/treponema-pallidum-syphilis-test/,9,,,1440,yes,yes,
2026-09-25,syphilis test,phone,next-in-line,/tests/syphilis-test/,/tests/syphilis-test/,3,3,,1601,yes,yes,
2026-09-25,syphilis test,desktop,next-in-line,/tests/syphilis-test/,/tests/treponema-pallidum-syphilis-test/,15,,,1601,yes,yes,
2026-09-25,t pallidum antibodies,phone,selling-test-page,/tests/treponema-pallidum-syphilis-test/,/tests/treponema-pallidum-syphilis-test/,2,2,,1665,yes,yes,
2026-09-25,t pallidum antibodies,desktop,selling-test-page,/tests/treponema-pallidum-syphilis-test/,/tests/treponema-pallidum-syphilis-test/,2,,,1665,yes,yes,
2026-09-25,t3,phone,selling-test-page,/tests/t3-test/,,,101,,3480,yes,no,
2026-09-25,t3,desktop,selling-test-page,/tests/t3-test/,,,,,3480,yes,no,
2026-09-25,t3 blood test,phone,kept,/tests/t3-test/,/tests/t3-test/,10,10,,378,yes,yes,
2026-09-25,t3 blood test,desktop,kept,/tests/t3-test/,/tests/t3-test/,10,,,378,yes,yes,
2026-09-25,t3 test,phone,kept,/tests/t3-test/,/tests/free-t3-test/,51,51,,559,yes,yes,other page ranks
2026-09-25,t3 test,desktop,kept,/tests/t3-test/,/tests/t3-test/,9,,,559,yes,yes,
2026-09-25,t3 total blood test,phone,selling-test-page,/tests/t3-test/,/tests/t3-test/,4,4,,420,yes,yes,
2026-09-25,t3 total blood test,desktop,selling-test-page,/tests/t3-test/,/tests/t3-test/,4,,,420,yes,yes,
2026-09-25,t4,phone,selling-test-page,/tests/t4-test/,,,101,,9960,yes,yes,
2026-09-25,t4,desktop,selling-test-page,/tests/t4-test/,,,,,9960,yes,yes,
2026-09-25,t4 blood test,phone,selling-test-page,/tests/t4-test/,/tests/t4-test/,4,4,,3792,yes,yes,
2026-09-25,t4 blood test,desktop,selling-test-page,/tests/t4-test/,/tests/t4-test/,5,,,3792,yes,yes,
2026-09-25,t4 free,phone,selling-test-page,/tests/free-t4-test/,/tests/t4-test/,11,11,,192,yes,no,other page ranks
2026-09-25,t4 free,desktop,selling-test-page,/tests/free-t4-test/,/tests/t4-test/,10,,,192,yes,no,
2026-09-25,t4 free blood test,phone,selling-test-page,/tests/free-t4-test/,/tests/t4-test/,5,5,,7498,yes,yes,other page ranks
2026-09-25,t4 free blood test,desktop,selling-test-page,/tests/free-t4-test/,/tests/t4-test/,5,,,7498,yes,no,
2026-09-25,t4 test,phone,kept,/tests/t4-test/,/tests/t4-test/,16,16,,854,yes,no,
2026-09-25,t4 test,desktop,kept,/tests/t4-test/,/tests/t4-test/,20,,,854,yes,no,
2026-09-25,tb blood test,phone,selling-test-page,/tests/tuberculosis-blood-test/,/tests/igra-tb-test/,19,19,,678,yes,no,other page ranks
2026-09-25,tb blood test,desktop,selling-test-page,/tests/tuberculosis-blood-test/,/tests/igra-tb-test/,30,,,678,no,no,
2026-09-25,tb skin test,phone,next-in-line,/tests/tb-skin-test/,,,101,,8503,yes,no,
2026-09-25,tb skin test,desktop,next-in-line,/tests/tb-skin-test/,,,,,8503,yes,yes,
2026-09-25,tb test,phone,next-in-line,/tests/tb-skin-test/,/tests/tb-skin-test/,16,16,,1892,yes,no,
2026-09-25,tb test,desktop,next-in-line,/tests/tb-skin-test/,,,,,1892,yes,no,
2026-09-25,test for chlamydia gonorrhea,phone,std-pages,/std-testing/chlamydia-gonorrhea-test/,/tests/gonorrhea-test/,19,19,,1140,no,no,other page ranks
2026-09-25,test for chlamydia gonorrhea,desktop,std-pages,/std-testing/chlamydia-gonorrhea-test/,/tests/chlamydia-test/,64,,,1140,yes,no,
2026-09-25,test for prediabetes,phone,category,/prediabetes-testing/,/prediabetes-testing/,7,7,,54,yes,no,
2026-09-25,test for prediabetes,desktop,category,/prediabetes-testing/,/prediabetes-testing/,7,,,54,yes,no,
2026-09-25,test for sexually transmitted diseases,phone,std-pages,/std-testing/,/std-testing/,5,5,,31,no,no,
2026-09-25,test for sexually transmitted diseases,desktop,std-pages,/std-testing/,/std-testing/,5,,,31,no,no,
2026-09-25,tester na thc,phone,next-in-line,/tests/marijuana-thc-testing/,/tests/marijuana-thc-testing/,5,5,,4396,no,no,
2026-09-25,tester na thc,desktop,next-in-line,/tests/marijuana-thc-testing/,/tests/marijuana-thc-testing/,5,,,4396,no,no,
2026-09-25,testing com tests,phone,brand,/tests/,/,1,1,,86,no,no,
2026-09-25,testing com tests,desktop,brand,/tests/,/,1,,,86,no,no,
2026-09-25,testing for anemia,phone,category,/anemia-testing/,/tests/anemia-testing/,4,4,,90,yes,yes,other page ranks
2026-09-25,testing for anemia,desktop,category,/anemia-testing/,/tests/anemia-testing/,4,,,90,yes,yes,
2026-09-25,testing for herpes,phone,selling-test-page,/std-testing/herpes-1-2-test/,/std-testing/herpes-1-2-test/,18,18,,951,no,no,
2026-09-25,testing for herpes,desktop,selling-test-page,/std-testing/herpes-1-2-test/,/std-testing/herpes-1-2-test/,18,,,951,no,no,
2026-09-25,testing for mycoplasma genitalium,phone,std-pages,/tests/mycoplasma/,/tests/mycoplasma/,4,4,,3849,yes,yes,
2026-09-25,testing for mycoplasma genitalium,desktop,std-pages,/tests/mycoplasma/,/tests/mycoplasma/,5,,,3849,yes,yes,
2026-09-25,testing for sexually transmitted diseases,phone,std-pages,/std-testing/,/std-testing/,6,6,,59,no,no,
2026-09-25,testing for sexually transmitted diseases,desktop,std-pages,/std-testing/,/std-testing/,5,,,59,no,no,
2026-09-25,testing for tuberculosis blood test,phone,selling-test-page,/tests/tuberculosis-blood-test/,/tests/tuberculosis-blood-test/,17,17,,1335,no,no,
2026-09-25,testing for tuberculosis blood test,desktop,selling-test-page,/tests/tuberculosis-blood-test/,/tests/tuberculosis-blood-test/,12,,,1335,no,no,
2026-09-25,testing.com,phone,brand,/,/,1,1,,179,yes,yes,
2026-09-25,testing.com,desktop,brand,/,/,1,,,179,yes,yes,
2026-09-25,testing.com login,phone,brand,/,/,1,1,,33,no,no,
2026-09-25,testing.com login,desktop,brand,/,/,1,,,33,no,no,
2026-09-25,testosterone blood test,phone,next-in-line,/tests/testosterone/,/tests/trt-test/,18,18,,276,yes,no,other page ranks
2026-09-25,testosterone blood test,desktop,next-in-line,/tests/testosterone/,/tests/testosterone/,32,,,276,yes,no,
2026-09-25,testosterone blood testing,phone,next-in-line,/tests/testosterone/,/tests/trt-test/,22,22,,89,yes,no,other page ranks
2026-09-25,testosterone blood testing,desktop,next-in-line,/tests/testosterone/,/tests/testosterone/,41,,,89,yes,no,
2026-09-25,testosterone free and total test,phone,kept,/tests/testosterone-test-free-and-total-test/,/tests/testosterone-test-free-and-total-test/,13,13,,92,yes,no,
2026-09-25,testosterone free and total test,desktop,kept,/tests/testosterone-test-free-and-total-test/,/tests/testosterone-test-free-and-total-test/,12,,,92,yes,no,
2026-09-25,testosterone panel,phone,selling-test-page,/tests/testosterone-test-free-and-total-test/,/tests/standard-male-hormone-test/,6,6,,364,yes,yes,other page ranks
2026-09-25,testosterone panel,desktop,selling-test-page,/tests/testosterone-test-free-and-total-test/,/tests/standard-male-hormone-test/,6,,,364,yes,yes,
2026-09-25,testosterone test,phone,selling-test-page,/tests/total-testosterone-test/,/tests/testosterone/,17,17,,4054,yes,yes,other page ranks
2026-09-25,testosterone test,desktop,selling-test-page,/tests/total-testosterone-test/,/tests/testosterone/,16,,,4054,yes,yes,
2026-09-25,testosterone testing,phone,selling-test-page,/tests/total-testosterone-test/,/tests/testosterone/,16,16,,273,yes,yes,other page ranks
2026-09-25,testosterone testing,desktop,selling-test-page,/tests/total-testosterone-test/,,,,,273,yes,no,
2026-09-25,tests for std and sti,phone,std-pages,/std-testing/,/std-testing/north-carolina/,11,11,,1152,no,no,refresh; other page ranks
2026-09-25,tests for std and sti,desktop,std-pages,/std-testing/,/std-testing/standard-std-panel/,86,,,1152,no,no,
2026-09-25,tg blood test,phone,selling-test-page,/tests/thyroglobulin/,/tests/triglycerides/,10,10,,284,yes,no,other page ranks
2026-09-25,tg blood test,desktop,selling-test-page,/tests/thyroglobulin/,/tests/triglycerides/,10,,,284,yes,no,
2026-09-25,thc test,phone,next-in-line,/tests/marijuana-thc-testing/,/tests/marijuana-thc-testing/,3,3,,3124,no,no,buy button
2026-09-25,thc test,desktop,next-in-line,/tests/marijuana-thc-testing/,/tests/marijuana-thc-testing/,3,,,3124,yes,yes,
2026-09-25,thyroglobulin,phone,selling-test-page,/tests/thyroglobulin/,/tests/thyroglobulin/,48,48,,109,yes,no,
2026-09-25,thyroglobulin,desktop,selling-test-page,/tests/thyroglobulin/,/tests/thyroglobulin/,26,,,109,yes,no,
2026-09-25,thyroglobulin test,phone,selling-test-page,/tests/thyroglobulin/,/tests/thyroglobulin/,6,6,,112,yes,yes,
2026-09-25,thyroglobulin test,desktop,selling-test-page,/tests/thyroglobulin/,/tests/thyroglobulin/,9,,,112,yes,yes,
2026-09-25,thyroid antibody test,phone,kept,/tests/thyroglobulin/,/tests/thyroid-antibodies/,17,17,,198,yes,yes,other page ranks
2026-09-25,thyroid antibody test,desktop,kept,/tests/thyroglobulin/,/tests/thyroid-antibodies/,18,,,198,yes,yes,
2026-09-25,thyroid blood test,phone,category,/thyroid-function-testing/,/thyroid-testing-example-results/,28,28,,1600,yes,yes,other page ranks
2026-09-25,thyroid blood test,desktop,category,/thyroid-function-testing/,/tests/thyroid-function-testing/,8,,,1600,yes,yes,
2026-09-25,thyroid function test cost us 2025,phone,selling-test-page,/tests/thyroid-function-testing/,/tests/thyroid-function-testing/,16,16,,3047,no,no,
2026-09-25,thyroid function test cost us 2025,desktop,selling-test-page,/tests/thyroid-function-testing/,,,,,3047,no,no,
2026-09-25,thyroid panel,phone,selling-test-page,/tests/thyroid-panel/,/tests/comprehensive-thyroid-panel/,5,5,,3500,yes,yes,other page ranks
2026-09-25,thyroid panel,desktop,selling-test-page,/tests/thyroid-panel/,/tests/comprehensive-thyroid-panel/,6,,,3500,yes,yes,
2026-09-25,thyroid panel test,phone,selling-test-page,/tests/thyroid-panel/,/tests/comprehensive-thyroid-panel/,4,4,,1190,yes,yes,other page ranks
2026-09-25,thyroid panel test,desktop,selling-test-page,/tests/thyroid-panel/,/tests/comprehensive-thyroid-panel/,5,,,1190,yes,yes,
2026-09-25,thyroid panel with tsh,phone,selling-test-page,/tests/thyroid-function-testing/,/tests/thyroid-panel-with-tsh/,5,5,,850,yes,yes,other page ranks
2026-09-25,thyroid panel with tsh,desktop,selling-test-page,/tests/thyroid-function-testing/,/tests/thyroid-function-testing/,7,,,850,yes,yes,
2026-09-25,thyroid panel with tsh test,phone,next-in-line,/tests/thyroid-panel-with-tsh/,/tests/thyroid-function-testing/,5,5,,23,yes,yes,other page ranks
2026-09-25,thyroid panel with tsh test,desktop,next-in-line,/tests/thyroid-panel-with-tsh/,/tests/thyroid-function-testing/,5,,,23,yes,yes,
2026-09-25,thyroid peroxidase antibodies,phone,selling-test-page,/tests/thyroid-antibodies/,/tests/thyroid-antibodies/,34,34,,93,yes,no,
2026-09-25,thyroid peroxidase antibodies,desktop,selling-test-page,/tests/thyroid-antibodies/,/tests/thyroid-antibodies/,33,,,93,yes,no,
2026-09-25,thyroid stimulating hormone test,phone,kept,/tests/thyroid-stimulating-hormone-tsh/,/tests/thyroid-stimulating-hormone-tsh/,21,21,,115,yes,no,
2026-09-25,thyroid stimulating hormone test,desktop,kept,/tests/thyroid-stimulating-hormone-tsh/,/tests/thyroid-stimulating-hormone-tsh/,47,,,115,yes,no,
2026-09-25,thyroid test,phone,category,/thyroid-function-testing/,/tests/thyroid-function-testing/,39,39,,1001,yes,no,other page ranks
2026-09-25,thyroid test,desktop,category,/thyroid-function-testing/,/tests/thyroid-function-testing/,23,,,1001,yes,no,
2026-09-25,thyroid test at home,desktop,leaving,/tests/at-home-thyroid-testing/,/tests/at-home-thyroid-testing/,8,,,4417,yes,no,
2026-09-25,thyroiditis,phone,selling-test-page,/tests/thyroid-antibodies/,,,101,,0,yes,no,
2026-09-25,thyroiditis,desktop,selling-test-page,/tests/thyroid-antibodies/,,,,,0,yes,no,
2026-09-25,tibc test,phone,kept,/tests/transferrin-and-iron-binding-capacity-tibc-uibc/,,,101,,25,yes,no,
2026-09-25,tibc test,desktop,kept,/tests/transferrin-and-iron-binding-capacity-tibc-uibc/,/tests/transferrin-and-iron-binding-capacity-tibc-uibc/,44,,,25,yes,no,
2026-09-25,tirzepatide compound,phone,treatments,/treatments/compounded-tirzepatide/,,,101,,15404,yes,yes,
2026-09-25,tirzepatide compound,desktop,treatments,/treatments/compounded-tirzepatide/,/treatments/compounded-tirzepatide/,5,,,15404,yes,yes,
2026-09-25,tirzepatide cost,phone,treatments,/treatments/compounded-tirzepatide-cost/,,,101,,76,yes,no,
2026-09-25,tirzepatide cost,desktop,treatments,/treatments/compounded-tirzepatide-cost/,,,,,76,yes,no,
2026-09-25,tirzepatide price,phone,treatments,/treatments/compounded-tirzepatide-cost/,,,101,,681,yes,no,
2026-09-25,tirzepatide price,desktop,treatments,/treatments/compounded-tirzepatide-cost/,,,,,681,yes,no,
2026-09-25,titer test,phone,next-in-line,/tests/antibody-titer-test/,/tests/antibody-titer-test/,5,5,,6779,yes,no,
2026-09-25,titer test,desktop,next-in-line,/tests/antibody-titer-test/,/tests/antibody-titer-test/,6,,,6779,yes,no,
2026-09-25,titers test,phone,next-in-line,/tests/antibody-titer-test/,,,101,,7588,yes,no,
2026-09-25,titers test,desktop,next-in-line,/tests/antibody-titer-test/,/tests/antibody-titer-test/,11,,,7588,yes,no,
2026-09-25,total ige,phone,selling-test-page,/tests/total-ige/,/tests/total-ige/,2,2,,400,yes,yes,
2026-09-25,total ige,desktop,selling-test-page,/tests/total-ige/,/tests/total-ige/,6,,,400,yes,yes,
2026-09-25,total ige test,phone,kept,/tests/total-ige/,/tests/total-ige/,4,4,,91,yes,yes,
2026-09-25,total ige test,desktop,kept,/tests/total-ige/,/tests/allergy-blood-testing/,96,,,91,yes,yes,
2026-09-25,total protein,phone,next-in-line,/tests/total-protein-albumin-globulin-ag-ratio/,/tests/total-protein-albumin-globulin-ag-ratio/,8,8,,4172,yes,no,refresh
2026-09-25,total protein,desktop,next-in-line,/tests/total-protein-albumin-globulin-ag-ratio/,/tests/total-protein-albumin-globulin-ag-ratio/,8,,,4172,yes,no,
2026-09-25,total protein blood test,phone,next-in-line,/tests/total-protein-albumin-globulin-ag-ratio/,/tests/total-protein-albumin-globulin-ag-ratio/,6,6,,5914,yes,yes,
2026-09-25,total protein blood test,desktop,next-in-line,/tests/total-protein-albumin-globulin-ag-ratio/,/tests/total-protein-albumin-globulin-ag-ratio/,6,,,5914,yes,yes,
2026-09-25,total testosterone test,phone,selling-test-page,/tests/total-testosterone-test/,/tests/total-testosterone-test/,9,9,,202,yes,yes,
2026-09-25,total testosterone test,desktop,selling-test-page,/tests/total-testosterone-test/,/tests/total-testosterone-test/,9,,,202,yes,yes,
2026-09-25,tpo antibodies,phone,selling-test-page,/tests/thyroid-antibodies/,/tests/thyroid-antibodies/,20,20,,95,yes,no,
2026-09-25,tpo antibodies,desktop,selling-test-page,/tests/thyroid-antibodies/,,,,,95,yes,no,
2026-09-25,transferrin,phone,selling-test-page,/tests/transferrin-and-iron-binding-capacity-tibc-uibc/,,,101,,23,yes,no,
2026-09-25,transferrin,desktop,selling-test-page,/tests/transferrin-and-iron-binding-capacity-tibc-uibc/,,,,,23,yes,no,
2026-09-25,treponema pallidum antibody,phone,selling-test-page,/tests/treponema-pallidum-syphilis-test/,/tests/treponema-pallidum-syphilis-test/,4,4,,1678,yes,yes,
2026-09-25,treponema pallidum antibody,desktop,selling-test-page,/tests/treponema-pallidum-syphilis-test/,/tests/treponema-pallidum-syphilis-test/,4,,,1678,yes,yes,
2026-09-25,treponema pallidum antibody screen,phone,selling-test-page,/tests/treponema-pallidum-syphilis-test/,/tests/treponema-pallidum-syphilis-test/,1,1,,1174,yes,yes,
2026-09-25,treponema pallidum antibody screen,desktop,selling-test-page,/tests/treponema-pallidum-syphilis-test/,,,,,1174,yes,no,
2026-09-25,trich test,phone,std-pages,/tests/trichomoniasis-testing/,/tests/at-home-trichomoniasis-test/,20,20,,195,yes,no,other page ranks
2026-09-25,trich test,desktop,std-pages,/tests/trichomoniasis-testing/,/tests/at-home-trichomoniasis-test/,17,,,195,yes,no,
2026-09-25,trich testing,phone,std-pages,/tests/trichomoniasis-testing/,/tests/trichomoniasis-testing/,46,46,,60,yes,no,
2026-09-25,trich testing,desktop,std-pages,/tests/trichomoniasis-testing/,/tests/at-home-trichomoniasis-test/,9,,,60,yes,no,
2026-09-25,trichomonas in urine,phone,std-pages,/tests/trichomoniasis-testing/,/tests/trichomoniasis-testing/,24,24,,800,yes,no,
2026-09-25,trichomonas in urine,desktop,std-pages,/tests/trichomoniasis-testing/,/tests/trichomoniasis-testing/,23,,,800,yes,no,
2026-09-25,trichomonas naat,phone,std-pages,/tests/trichomoniasis-testing/,/tests/trichomoniasis-testing/,5,5,,32,yes,yes,
2026-09-25,trichomonas naat,desktop,std-pages,/tests/trichomoniasis-testing/,/tests/at-home-trichomoniasis-test/,30,,,32,yes,yes,
2026-09-25,trichomonas test,phone,std-pages,/tests/trichomoniasis-testing/,/tests/at-home-trichomoniasis-test/,11,11,,185,yes,no,other page ranks
2026-09-25,trichomonas test,desktop,std-pages,/tests/trichomoniasis-testing/,/tests/at-home-trichomoniasis-test/,11,,,185,yes,no,
2026-09-25,trichomonas testing,phone,std-pages,/tests/trichomoniasis-testing/,/tests/at-home-trichomoniasis-test/,10,10,,85,yes,no,other page ranks
2026-09-25,trichomonas testing,desktop,std-pages,/tests/trichomoniasis-testing/,/tests/at-home-trichomoniasis-test/,10,,,85,yes,no,
2026-09-25,trichomonas vaginalis rna,phone,std-pages,/tests/trichomoniasis-testing/,,,101,,0,yes,no,
2026-09-25,trichomonas vaginalis rna,desktop,std-pages,/tests/trichomoniasis-testing/,,,,,0,yes,no,
2026-09-25,trichomoniasis,phone,std-pages,/tests/trichomoniasis-testing/,,,101,,14,yes,no,
2026-09-25,trichomoniasis,desktop,std-pages,/tests/trichomoniasis-testing/,,,,,14,yes,no,
2026-09-25,trichomoniasis test,phone,std-pages,/tests/trichomoniasis-testing/,/tests/trichomoniasis-testing/,36,36,,2000,yes,no,
2026-09-25,trichomoniasis test,desktop,std-pages,/tests/trichomoniasis-testing/,/tests/at-home-trichomoniasis-test/,13,,,2000,yes,no,
2026-09-25,trichomoniasis testing,phone,std-pages,/tests/trichomoniasis-testing/,/tests/at-home-trichomoniasis-test/,10,10,,352,yes,no,other page ranks
2026-09-25,trichomoniasis testing,desktop,std-pages,/tests/trichomoniasis-testing/,/tests/at-home-trichomoniasis-test/,12,,,352,yes,no,
2026-09-25,trig blood test,phone,next-in-line,/tests/triglycerides/,/tests/triglycerides/,11,11,,409,yes,no,
2026-09-25,trig blood test,desktop,next-in-line,/tests/triglycerides/,/tests/triglycerides/,11,,,409,yes,no,
2026-09-25,triglycerides blood test,phone,next-in-line,/tests/triglycerides/,,,101,,2582,yes,no,
2026-09-25,triglycerides blood test,desktop,next-in-line,/tests/triglycerides/,,,,,2582,yes,no,
2026-09-25,troponin,phone,next-in-line,/tests/troponin/,/tests/troponin/,3,3,,55863,yes,no,buy button
2026-09-25,troponin,desktop,next-in-line,/tests/troponin/,/tests/troponin/,3,,,55863,yes,yes,
2026-09-25,troponin test,phone,next-in-line,/tests/troponin/,/tests/troponin/,4,4,,7866,yes,yes,
2026-09-25,troponin test,desktop,next-in-line,/tests/troponin/,/tests/troponin/,4,,,7866,yes,yes,
2026-09-25,trt,phone,next-in-line,/tests/trt-test/,,,101,,1524,no,no,
2026-09-25,trt,desktop,next-in-line,/tests/trt-test/,,,,,1524,yes,no,
2026-09-25,trt test,phone,next-in-line,/tests/trt-test/,/tests/trt-test/,8,8,,365,yes,yes,
2026-09-25,trt test,desktop,next-in-line,/tests/trt-test/,/tests/trt-test/,8,,,365,yes,yes,
2026-09-25,tryptase,phone,selling-test-page,/tests/tryptase/,/tests/tryptase/,4,4,,7394,yes,yes,
2026-09-25,tryptase,desktop,selling-test-page,/tests/tryptase/,/tests/tryptase/,4,,,7394,yes,yes,
2026-09-25,tryptase blood test,phone,selling-test-page,/tests/tryptase/,/tests/tryptase/,1,1,,2218,yes,yes,
2026-09-25,tryptase blood test,desktop,selling-test-page,/tests/tryptase/,/tests/tryptase/,1,,,2218,yes,yes,
2026-09-25,tryptase test,phone,selling-test-page,/tests/tryptase/,/tests/tryptase/,1,1,,2347,yes,yes,
2026-09-25,tryptase test,desktop,selling-test-page,/tests/tryptase/,/tests/tryptase/,1,,,2347,yes,yes,
2026-09-25,tsh,phone,selling-test-page,/tests/thyroid-stimulating-hormone-tsh/,,,101,,199,yes,no,
2026-09-25,tsh,desktop,selling-test-page,/tests/thyroid-stimulating-hormone-tsh/,,,,,199,yes,no,
2026-09-25,tsh + free t4,phone,selling-test-page,/tests/tsh-and-free-t4-test/,/thyroid-testing-example-results/,9,9,,401,yes,no,other page ranks
2026-09-25,tsh + free t4,desktop,selling-test-page,/tests/tsh-and-free-t4-test/,/thyroid-testing-example-results/,9,,,401,no,no,
2026-09-25,tsh and free t4 test,phone,kept,/tests/tsh-and-free-t4-test/,/tests/tsh-and-free-t4-test/,7,7,,158,yes,yes,
2026-09-25,tsh and free t4 test,desktop,kept,/tests/tsh-and-free-t4-test/,/tests/tsh-and-free-t4-test/,9,,,158,yes,yes,
2026-09-25,tsh blood test,phone,selling-test-page,/tests/thyroid-function-testing/,/tests/thyroid-function-testing/,9,9,,3180,yes,no,refresh
2026-09-25,tsh blood test,desktop,selling-test-page,/tests/thyroid-function-testing/,/tests/thyroid-function-testing/,6,,,3180,yes,no,
2026-09-25,tsh free t4,phone,selling-test-page,/tests/tsh-and-free-t4-test/,/tests/tsh-and-free-t4-test/,4,4,,623,yes,no,
2026-09-25,tsh free t4,desktop,selling-test-page,/tests/tsh-and-free-t4-test/,/tests/t4-test/,26,,,623,yes,no,
2026-09-25,tsh test,phone,selling-test-page,/tests/thyroid-stimulating-hormone-tsh/,/tests/thyroid-function-testing/,35,35,,413,yes,no,other page ranks
2026-09-25,tsh test,desktop,selling-test-page,/tests/thyroid-stimulating-hormone-tsh/,/tests/thyroid-stimulating-hormone-tsh/,33,,,413,yes,no,
2026-09-25,tsh+free t4,phone,selling-test-page,/tests/tsh-and-free-t4-test/,/thyroid-testing-example-results/,12,12,,828,yes,no,other page ranks
2026-09-25,tsh+free t4,desktop,selling-test-page,/tests/tsh-and-free-t4-test/,/tests/t4-test/,25,,,828,yes,no,
2026-09-25,tuberculosis blood testing,phone,selling-test-page,/tests/tuberculosis-blood-test/,/tests/tuberculosis-blood-test/,32,32,,738,no,no,
2026-09-25,tuberculosis blood testing,desktop,selling-test-page,/tests/tuberculosis-blood-test/,/tests/tuberculosis-blood-test/,32,,,738,no,no,
2026-09-25,tuberculosis diagnostics,phone,category,/tb-testing/,/tb-testing/,31,31,,18,yes,no,
2026-09-25,tuberculosis diagnostics,desktop,category,/tb-testing/,/tests/tb-skin-test/,64,,,18,yes,no,
2026-09-25,tumor testing,phone,category,/cancer-testing/,/tests/genetic-tests-targeted-cancer-therapy/,23,23,,44,yes,no,other page ranks
2026-09-25,tumor testing,desktop,category,/cancer-testing/,,,,,44,yes,no,
2026-09-25,types of std tests,phone,std-pages,/std-testing/,,,101,,37,yes,yes,
2026-09-25,types of std tests,desktop,std-pages,/std-testing/,/std-testing/,8,,,37,yes,yes,
2026-09-25,ua blood test,phone,selling-test-page,/tests/urinalysis/,/tests/uti-testing/,54,54,,129,yes,no,other page ranks
2026-09-25,ua blood test,desktop,selling-test-page,/tests/urinalysis/,,,,,129,yes,yes,
2026-09-25,ua test,phone,selling-test-page,/tests/urinalysis/,/tests/urine-drug-test/,8,8,,651,yes,yes,other page ranks
2026-09-25,ua test,desktop,selling-test-page,/tests/urinalysis/,/tests/urine-drug-test/,8,,,651,yes,yes,
2026-09-25,uacr test price,phone,selling-test-page,/tests/urine-albumin-and-albumin-creatinine-ratio/,/tests/urine-albumin-and-albumin-creatinine-ratio/,16,16,,300,yes,no,
2026-09-25,uacr test price,desktop,selling-test-page,/tests/urine-albumin-and-albumin-creatinine-ratio/,/tests/urine-albumin-and-albumin-creatinine-ratio/,18,,,300,yes,no,
2026-09-25,uibc,phone,selling-test-page,/tests/transferrin-and-iron-binding-capacity-tibc-uibc/,/tests/transferrin-and-iron-binding-capacity-tibc-uibc/,36,36,,15,yes,no,
2026-09-25,uibc,desktop,selling-test-page,/tests/transferrin-and-iron-binding-capacity-tibc-uibc/,/tests/transferrin-and-iron-binding-capacity-tibc-uibc/,35,,,15,yes,no,
2026-09-25,uibc blood test,phone,selling-test-page,/tests/transferrin-and-iron-binding-capacity-tibc-uibc/,/tests/transferrin-and-iron-binding-capacity-tibc-uibc/,13,13,,173,yes,no,
2026-09-25,uibc blood test,desktop,selling-test-page,/tests/transferrin-and-iron-binding-capacity-tibc-uibc/,/tests/transferrin-and-iron-binding-capacity-tibc-uibc/,24,,,173,yes,no,
2026-09-25,ureaplasma,phone,next-in-line,/std-testing/mycoplasma-ureaplasma-test/,/std-testing/mycoplasma-ureaplasma-test/,18,18,,1056,yes,no,
2026-09-25,ureaplasma,desktop,next-in-line,/std-testing/mycoplasma-ureaplasma-test/,/std-testing/mycoplasma-ureaplasma-test/,24,,,1056,yes,no,
2026-09-25,ureaplasma test,phone,next-in-line,/std-testing/mycoplasma-ureaplasma-test/,/std-testing/mycoplasma-ureaplasma-test/,2,2,,1497,yes,yes,
2026-09-25,ureaplasma test,desktop,next-in-line,/std-testing/mycoplasma-ureaplasma-test/,/std-testing/mycoplasma-ureaplasma-test/,2,,,1497,yes,yes,
2026-09-25,uric acid blood test,phone,selling-test-page,/tests/uric-acid/,/tests/uric-acid/,13,13,,296,yes,no,
2026-09-25,uric acid blood test,desktop,selling-test-page,/tests/uric-acid/,/tests/uric-acid/,11,,,296,yes,no,
2026-09-25,uric acid lab test,phone,selling-test-page,/tests/uric-acid/,/tests/uric-acid/,6,6,,191,yes,yes,
2026-09-25,uric acid lab test,desktop,selling-test-page,/tests/uric-acid/,/tests/uric-acid/,7,,,191,yes,yes,
2026-09-25,uric acid test,phone,selling-test-page,/tests/uric-acid/,/tests/uric-acid/,16,16,,296,yes,yes,
2026-09-25,uric acid test,desktop,selling-test-page,/tests/uric-acid/,,,,,296,yes,yes,
2026-09-25,urinalysis,phone,selling-test-page,/tests/urinalysis/,,,101,,507,yes,no,
2026-09-25,urinalysis,desktop,selling-test-page,/tests/urinalysis/,/tests/urinalysis/,30,,,507,yes,no,
2026-09-25,urinalysis test,phone,kept,/tests/urinalysis/,/tests/urinalysis/,20,20,,153,yes,no,
2026-09-25,urinalysis test,desktop,kept,/tests/urinalysis/,/tests/urinalysis/,32,,,153,yes,no,
2026-09-25,urine culture,phone,next-in-line,/tests/urine-culture/,/tests/urine-culture/,7,7,,3667,yes,yes,
2026-09-25,urine culture,desktop,next-in-line,/tests/urine-culture/,/tests/urine-culture/,7,,,3667,yes,yes,
2026-09-25,urine culture test,phone,next-in-line,/tests/urine-culture/,/tests/urine-culture/,2,2,,1777,no,no,
2026-09-25,urine culture test,desktop,next-in-line,/tests/urine-culture/,/tests/urine-culture/,2,,,1777,yes,yes,
2026-09-25,urine drug test,phone,next-in-line,/tests/urine-drug-test/,/tests/urine-drug-test/,2,2,,3055,yes,yes,buy button
2026-09-25,urine drug test,desktop,next-in-line,/tests/urine-drug-test/,/tests/urine-drug-test/,2,,,3055,yes,yes,
2026-09-25,urine mercury levels,phone,kept,/tests/mercury/,/tests/mercury/,13,13,,76,no,no,
2026-09-25,urine mercury levels,desktop,kept,/tests/mercury/,/tests/mercury/,14,,,76,no,no,
2026-09-25,urine naat test,desktop,leaving,/std-testing/chlamydia-gonorrhea-test/,/tests/chlamydia-urine-test/,4,,,111,yes,yes,
2026-09-25,urine protein creatinine ratio,phone,selling-test-page,/tests/urine-protein-and-urine-protein-creatinine-ratio/,/tests/urine-protein-and-urine-protein-creatinine-ratio/,18,18,,1198,yes,yes,
2026-09-25,urine protein creatinine ratio,desktop,selling-test-page,/tests/urine-protein-and-urine-protein-creatinine-ratio/,,,,,1198,yes,yes,
2026-09-25,urine protein creatinine ratio test,phone,kept,/tests/urine-protein-and-urine-protein-creatinine-ratio/,/tests/urine-protein-and-urine-protein-creatinine-ratio/,10,10,,24,yes,yes,
2026-09-25,urine protein creatinine ratio test,desktop,kept,/tests/urine-protein-and-urine-protein-creatinine-ratio/,,,,,24,yes,yes,
2026-09-25,uti test,phone,category,/uti-testing/,/tests/uti-testing/,3,3,,3494,yes,yes,buy button; other page ranks
2026-09-25,uti test,desktop,category,/uti-testing/,/tests/uti-testing/,3,,,3494,yes,yes,
2026-09-25,uti testing,phone,category,/uti-testing/,/tests/uti-testing/,3,3,,1028,yes,yes,other page ranks
2026-09-25,uti testing,desktop,category,/uti-testing/,/tests/uti-testing/,6,,,1028,yes,yes,
2026-09-25,varicella titer,phone,next-in-line,/tests/varicella-titer-test/,/tests/varicella-titer-test/,3,3,,1671,yes,yes,
2026-09-25,varicella titer,desktop,next-in-line,/tests/varicella-titer-test/,/tests/varicella-titer-test/,3,,,1671,yes,yes,
2026-09-25,varicella titer test,phone,next-in-line,/tests/varicella-titer-test/,/tests/varicella-titer-test/,3,3,,786,yes,yes,
2026-09-25,varicella titer test,desktop,next-in-line,/tests/varicella-titer-test/,/tests/varicella-titer-test/,3,,,786,yes,yes,
2026-09-25,varicella zoster igg,phone,next-in-line,/tests/chickenpox-and-shingles-tests/,,,101,,2156,yes,yes,
2026-09-25,varicella zoster igg,desktop,next-in-line,/tests/chickenpox-and-shingles-tests/,/tests/varicella-titer-test/,2,,,2156,yes,yes,
2026-09-25,venereal disease screening,phone,std-pages,/std-testing/,/std-testing/,6,6,,164,yes,no,
2026-09-25,venereal disease screening,desktop,std-pages,/std-testing/,/std-testing/,6,,,164,yes,no,
2026-09-25,vitamin a blood test,phone,selling-test-page,/tests/vitamin-a/,/tests/vitamin-a/,8,8,,127,yes,yes,
2026-09-25,vitamin a blood test,desktop,selling-test-page,/tests/vitamin-a/,/tests/vitamin-a/,6,,,127,yes,yes,
2026-09-25,vitamin a retinol,phone,selling-test-page,/tests/vitamin-a/,,,101,,62,no,no,
2026-09-25,vitamin a retinol,desktop,selling-test-page,/tests/vitamin-a/,,,,,62,yes,no,
2026-09-25,vitamin a test,desktop,leaving,/tests/vitamin-a/,/tests/vitamin-a/,9,,,80,yes,no,
2026-09-25,vitamin b,phone,next-in-line,/tests/b-vitamins/,,,101,,355,yes,no,
2026-09-25,vitamin b,desktop,next-in-line,/tests/b-vitamins/,/tests/b-vitamins/,22,,,355,yes,no,
2026-09-25,vitamin b12 blood test,phone,selling-test-page,/tests/vitamin-b12/,/tests/vitamin-b12/,6,6,,836,yes,yes,
2026-09-25,vitamin b12 blood test,desktop,selling-test-page,/tests/vitamin-b12/,/tests/vitamin-b12/,6,,,836,yes,yes,
2026-09-25,vitamin b12 test,phone,selling-test-page,/tests/vitamin-b12/,/tests/vitamin-b12/,13,13,,249,yes,yes,
2026-09-25,vitamin b12 test,desktop,selling-test-page,/tests/vitamin-b12/,/tests/vitamin-b12/,13,,,249,yes,yes,
2026-09-25,vitamin d 25 hydroxy,phone,selling-test-page,/tests/vitamin-d-25-hydroxy-test/,/tests/vitamin-d-25-hydroxy-test/,2,2,,11716,yes,yes,
2026-09-25,vitamin d 25 hydroxy,desktop,selling-test-page,/tests/vitamin-d-25-hydroxy-test/,/tests/vitamin-d-25-hydroxy-test/,2,,,11716,yes,yes,
2026-09-25,vitamin d 25 hydroxy test,phone,kept,/tests/vitamin-d-25-hydroxy-test/,/tests/vitamin-d-25-hydroxy-test/,3,3,,903,yes,yes,
2026-09-25,vitamin d 25 hydroxy test,desktop,kept,/tests/vitamin-d-25-hydroxy-test/,/tests/vitamin-d-25-hydroxy-test/,3,,,903,yes,yes,
2026-09-25,vitamin d blood test,phone,selling-test-page,/tests/vitamin-d-25-hydroxy-test/,/tests/vitamin-d-25-hydroxy-test/,6,6,,3794,yes,yes,
2026-09-25,vitamin d blood test,desktop,selling-test-page,/tests/vitamin-d-25-hydroxy-test/,/tests/vitamin-d-25-hydroxy-test/,6,,,3794,yes,yes,
2026-09-25,vitamin d blood test name,phone,selling-test-page,/tests/vitamin-d-tests/,/tests/vitamin-d-25-hydroxy-test/,8,8,,179,yes,yes,other page ranks
2026-09-25,vitamin d blood test name,desktop,selling-test-page,/tests/vitamin-d-tests/,/tests/vitamin-d-25-hydroxy-test/,8,,,179,yes,yes,
2026-09-25,vitamin d screening,phone,selling-test-page,/tests/vitamin-d-tests/,/tests/vitamin-d-25-hydroxy-test/,8,8,,47,yes,yes,other page ranks
2026-09-25,vitamin d screening,desktop,selling-test-page,/tests/vitamin-d-tests/,/tests/vitamin-d-25-hydroxy-test/,8,,,47,yes,yes,
2026-09-25,vitamin d test,phone,kept,/tests/vitamin-d-25-hydroxy-test/,/tests/vitamin-d-25-hydroxy-test/,8,8,,1859,yes,yes,refresh
2026-09-25,vitamin d test,desktop,kept,/tests/vitamin-d-25-hydroxy-test/,/tests/vitamin-d-25-hydroxy-test/,7,,,1859,yes,yes,
2026-09-25,vitamin d25 hydroxy,desktop,leaving,/tests/vitamin-d-25-hydroxy-test/,/tests/vitamin-d-25-hydroxy-test/,2,,,1002,yes,yes,
2026-09-25,vitamin deficiency test,phone,category,/vitamins-and-nutritional-testing/,/tests/vitamins-and-nutritional-testing/,8,8,,608,yes,no,other page ranks
2026-09-25,vitamin deficiency test,desktop,category,/vitamins-and-nutritional-testing/,/tests/vitamins-and-nutritional-testing/,9,,,608,yes,yes,
2026-09-25,vitamin k blood test,phone,selling-test-page,/tests/vitamin-k/,/tests/vitamin-k/,4,4,,53,yes,yes,
2026-09-25,vitamin k blood test,desktop,selling-test-page,/tests/vitamin-k/,/tests/vitamin-k/,3,,,53,yes,yes,
2026-09-25,vitamin k test,phone,selling-test-page,/tests/vitamin-k/,/tests/vitamin-k/,6,6,,47,yes,yes,
2026-09-25,vitamin k test,desktop,selling-test-page,/tests/vitamin-k/,/tests/vitamin-k/,5,,,47,yes,yes,
2026-09-25,vitamin k1 test,phone,selling-test-page,/tests/vitamin-k/,/tests/vitamin-k/,7,7,,39,no,no,
2026-09-25,vitamin k1 test,desktop,selling-test-page,/tests/vitamin-k/,/tests/vitamin-k/,5,,,39,yes,yes,
2026-09-25,vitamin panel blood test,phone,next-in-line,/tests/comprehensive-vitamin-panel/,/tests/comprehensive-vitamin-panel/,6,6,,220,yes,yes,
2026-09-25,vitamin panel blood test,desktop,next-in-line,/tests/comprehensive-vitamin-panel/,/tests/comprehensive-vitamin-panel/,5,,,220,yes,yes,
2026-09-25,vitamin test,phone,category,/vitamins-and-nutritional-testing/,/tests/vitamins-and-nutritional-testing/,4,4,,369,yes,no,other page ranks
2026-09-25,vitamin test,desktop,category,/vitamins-and-nutritional-testing/,/tests/vitamins-and-nutritional-testing/,4,,,369,yes,no,
2026-09-25,vldl,phone,next-in-line,/tests/vldl-cholesterol/,/tests/vldl-cholesterol/,12,12,,1463,yes,no,refresh
2026-09-25,vldl,desktop,next-in-line,/tests/vldl-cholesterol/,/tests/vldl-cholesterol/,9,,,1463,yes,no,
2026-09-25,vldl cholesterol,phone,next-in-line,/tests/vldl-cholesterol/,/tests/vldl-cholesterol/,8,8,,2405,yes,no,refresh
2026-09-25,vldl cholesterol,desktop,next-in-line,/tests/vldl-cholesterol/,/tests/vldl-cholesterol/,9,,,2405,yes,no,
2026-09-25,von willebrand factor,phone,next-in-line,/tests/von-willebrand-factor/,,,101,,410,yes,yes,
2026-09-25,von willebrand factor,desktop,next-in-line,/tests/von-willebrand-factor/,,,,,410,yes,yes,
2026-09-25,vwf,phone,next-in-line,/tests/von-willebrand-factor/,/tests/von-willebrand-factor/,9,9,,258,yes,yes,
2026-09-25,vwf,desktop,next-in-line,/tests/von-willebrand-factor/,/tests/von-willebrand-factor/,11,,,258,yes,yes,
2026-09-25,vzv igg,phone,next-in-line,/tests/chickenpox-and-shingles-tests/,/tests/varicella-titer-test/,8,8,,886,yes,yes,other page ranks
2026-09-25,vzv igg,desktop,next-in-line,/tests/chickenpox-and-shingles-tests/,/tests/varicella-titer-test/,11,,,886,yes,yes,
2026-09-25,wbc blood test,phone,next-in-line,/tests/white-blood-cell-count-wbc/,,,101,,12028,yes,no,
2026-09-25,wbc blood test,desktop,next-in-line,/tests/white-blood-cell-count-wbc/,/tests/white-blood-cell-count-wbc/,17,,,12028,yes,no,
2026-09-25,wellness test,phone,category,/health-and-wellness-testing/,/tests/health-and-wellness-testing/,4,4,,164,no,no,other page ranks
2026-09-25,wellness test,desktop,category,/health-and-wellness-testing/,/tests/health-and-wellness-testing/,3,,,164,no,no,
2026-09-25,whey allergy test,phone,not-ranking-yet,/tests/whey-allergy-test/,/tests/whey-allergy-test/,7,7,,3,yes,yes,
2026-09-25,whey allergy test,desktop,not-ranking-yet,/tests/whey-allergy-test/,/tests/whey-allergy-test/,8,,,3,yes,yes,
2026-09-25,women's hormone blood panel,phone,not-ranking-yet,/tests/comprehensive-female-hormone-panel/,/tests/female-hormone-panel/,8,8,,5,yes,yes,other page ranks
2026-09-25,women's hormone blood panel,desktop,not-ranking-yet,/tests/comprehensive-female-hormone-panel/,/tests/female-hormone-panel/,5,,,5,yes,yes,
2026-09-25,women's hormone lab panel,phone,not-ranking-yet,/tests/expanded-female-hormone-panel/,/tests/female-hormone-panel/,8,8,,5,yes,yes,other page ranks
2026-09-25,women's hormone lab panel,desktop,not-ranking-yet,/tests/expanded-female-hormone-panel/,/tests/female-hormone-panel/,5,,,5,yes,yes,
2026-09-25,women's hormone panel,phone,not-ranking-yet,/tests/comprehensive-female-hormone-panel/,/tests/female-hormone-panel/,5,5,,35,yes,yes,other page ranks
2026-09-25,women's hormone panel,desktop,not-ranking-yet,/tests/comprehensive-female-hormone-panel/,/tests/female-hormone-panel/,5,,,35,yes,yes,
2026-09-25,women's hormone panel blood test,phone,not-ranking-yet,/tests/expanded-female-hormone-panel/,/tests/female-hormone-panel/,5,5,,6,yes,yes,other page ranks
2026-09-25,women's hormone panel blood test,desktop,not-ranking-yet,/tests/expanded-female-hormone-panel/,/tests/female-hormone-panel/,5,,,6,yes,yes,
2026-09-25,women's hormone test panel,phone,not-ranking-yet,/tests/comprehensive-female-hormone-panel/,/tests/female-hormone-panel/,5,5,,3,yes,yes,other page ranks
2026-09-25,women's hormone test panel,desktop,not-ranking-yet,/tests/comprehensive-female-hormone-panel/,/tests/female-hormone-panel/,4,,,3,no,no,
2026-09-25,yeast allergy blood test,phone,not-ranking-yet,/tests/yeast-allergy-test/,/tests/yeast-allergy-test/,8,8,,0,no,no,
2026-09-25,yeast allergy blood test,desktop,not-ranking-yet,/tests/yeast-allergy-test/,/tests/yeast-allergy-test/,8,,,0,no,no,
2026-09-25,yeast allergy test,phone,not-ranking-yet,/tests/yeast-allergy-test/,/tests/yeast-allergy-test/,11,11,,13,yes,yes,
2026-09-25,yeast allergy test,desktop,not-ranking-yet,/tests/yeast-allergy-test/,/tests/yeast-allergy-test/,11,,,13,yes,yes,
2026-09-25,yeast infection test,phone,next-in-line,/tests/yeast-infection-test/,/tests/yeast-infection-test/,7,7,,4108,yes,no,
2026-09-25,yeast infection test,desktop,next-in-line,/tests/yeast-infection-test/,/tests/yeast-infection-test/,9,,,4108,yes,no,
2026-09-25,zinc blood test,phone,selling-test-page,/tests/zinc-blood-test/,/tests/zinc-blood-test/,10,10,,479,yes,yes,
2026-09-25,zinc blood test,desktop,selling-test-page,/tests/zinc-blood-test/,/tests/zinc-blood-test/,10,,,479,yes,yes,
2026-09-25,zinc lab test,phone,selling-test-page,/tests/zinc-blood-test/,/tests/zinc-blood-test/,6,6,,54,yes,yes,
2026-09-25,zinc lab test,desktop,selling-test-page,/tests/zinc-blood-test/,/tests/zinc-blood-test/,8,,,54,yes,yes,
2026-09-25,zinc test,phone,selling-test-page,/tests/zinc-blood-test/,/tests/zinc-blood-test/,8,8,,156,yes,yes,
2026-09-25,zinc test,desktop,selling-test-page,/tests/zinc-blood-test/,/tests/zinc-blood-test/,15,,,156,yes,yes,
